date,league,season,match,line,side,bookmaker,bookie_odds,market_prob,model_prob_raw,model_prob,model_fair,edge,stake,stake_label,lambda_h,lambda_a,lambda_total,lambda_h_recent,lambda_a_recent,divergence,consensus,policy_version,actual_total,won,pnl
2022-08-13,ligue-1,2022-2023,Paris SG vs Montpellier,9.5,under,synthetic_b365_1x2,2.798,0.3574,0.7187,0.5495,1.82,0.1921,0.38,MEDIUM,5.699,2.284,7.983,4.55,1.023,0.3019,conflict,V3,11,false,-0.38
2022-08-20,bundesliga,2022-2023,Union Berlin vs RB Leipzig,8.5,under,synthetic_b365_1x2,2.644,0.3782,0.8225,0.5314,1.882,0.1532,1.0,MEDIUM,2.885,3.346,6.231,2.768,3.666,0.0325,aligned,V3,14,false,-1.0
2022-09-02,la-liga,2022-2023,Celta vs Cadiz,8.5,under,synthetic_b365_1x2,2.898,0.345,0.7904,0.5139,1.946,0.1688,1.25,MEDIUM,3.631,2.879,6.51,3.682,2.502,0.0501,aligned,V3,4,true,2.3725
2022-09-03,bundesliga,2022-2023,Wolfsburg vs FC Koln,10.5,over,synthetic_b365_1x2,2.603,0.3842,0.7863,0.5371,1.862,0.1529,1.0,MEDIUM,5.281,8.186,13.467,4.61,11.893,0.2254,divergent,V3,9,false,-1.0
2022-09-10,ligue-1,2022-2023,Paris SG vs Brest,9.5,under,synthetic_b365_1x2,2.825,0.3539,0.619,0.5158,1.939,0.1618,0.5,MEDIUM,6.529,2.231,8.76,7.106,1.594,0.0068,aligned,V3,8,true,0.9125
2022-09-16,ligue-1,2022-2023,Auxerre vs Lorient,8.5,under,synthetic_b365_1x2,2.654,0.3768,0.8345,0.5387,1.856,0.1619,0.5,MEDIUM,2.605,3.515,6.12,2.512,2.844,0.1248,aligned,V3,14,false,-0.5
2022-10-01,ligue-1,2022-2023,Paris SG vs Nice,8.5,under,synthetic_b365_1x2,3.812,0.2623,0.6537,0.4548,2.199,0.1925,0.5,MEDIUM,5.137,2.423,7.56,5.548,2.456,0.0588,aligned,V3,4,true,1.406
2022-10-08,ligue-1,2022-2023,Marseille vs Ajaccio,8.5,under,synthetic_b365_1x2,3.275,0.3054,0.658,0.4565,2.191,0.1511,0.5,MEDIUM,3.929,3.6,7.529,3.908,3.665,0.0059,aligned,V3,13,false,-0.5
2022-10-09,la-liga,2022-2023,Barcelona vs Celta,8.5,under,synthetic_b365_1x2,3.493,0.2863,0.6576,0.4563,2.192,0.17,1.25,MEDIUM,4.67,2.861,7.532,4.654,2.782,0.0128,aligned,V3,9,false,-1.25
2022-10-29,serie-a,2022-2023,Inter vs Sampdoria,8.5,under,synthetic_b365_1x2,3.51,0.2849,0.671,0.4614,2.167,0.1765,1.5,MEDIUM,5.404,2.03,7.434,3.379,2.268,0.2403,divergent,V3,6,true,3.765
2022-11-09,serie-a,2022-2023,Torino vs Sampdoria,8.5,under,synthetic_b365_1x2,2.963,0.3375,0.8388,0.5413,1.847,0.2038,2.0,HIGH,3.673,2.408,6.081,2.9,2.078,0.1815,divergent,V3,7,true,3.926
2023-01-04,serie-a,2022-2023,Sassuolo vs Sampdoria,8.5,under,synthetic_b365_1x2,2.916,0.3429,0.7936,0.5155,1.94,0.1726,1.5,MEDIUM,3.5,2.984,6.483,2.94,3.472,0.0111,aligned,V3,10,false,-1.5
2023-01-15,serie-a,2022-2023,Atalanta vs Salernitana,8.5,under,synthetic_b365_1x2,3.285,0.3044,0.703,0.4741,2.109,0.1697,1.5,MEDIUM,3.961,3.236,7.197,3.44,2.788,0.1346,aligned,V3,7,true,3.4275
2023-01-25,bundesliga,2022-2023,Leverkusen vs Bochum,8.5,under,synthetic_b365_1x2,3.326,0.3006,0.7117,0.4777,2.094,0.177,0.5,MEDIUM,3.91,3.223,7.132,2.916,2.068,0.3013,conflict,V3,7,true,1.163
2023-01-28,serie-a,2022-2023,Atalanta vs Sampdoria,8.5,under,synthetic_b365_1x2,3.359,0.2977,0.7743,0.5058,1.977,0.2081,2.0,HIGH,3.894,2.748,6.643,4.003,2.788,0.0223,aligned,V3,11,false,-2.0
2023-02-01,ligue-1,2022-2023,Lille vs Clermont,8.5,under,synthetic_b365_1x2,3.088,0.3238,0.7472,0.493,2.028,0.1692,0.5,MEDIUM,4.172,2.688,6.86,3.988,2.242,0.0918,aligned,V3,11,false,-0.5
2023-02-05,la-liga,2022-2023,Barcelona vs Sevilla,8.5,under,synthetic_b365_1x2,3.36,0.2976,0.6539,0.4549,2.198,0.1573,1.25,MEDIUM,5.135,2.424,7.559,3.377,2.653,0.2023,divergent,V3,11,false,-1.25
2023-02-10,ligue-1,2022-2023,Nice vs Ajaccio,8.5,under,synthetic_b365_1x2,2.973,0.3364,0.738,0.4889,2.045,0.1525,0.5,MEDIUM,3.044,3.887,6.932,1.522,3.951,0.2104,divergent,V3,10,false,-0.5
2023-02-12,serie-a,2022-2023,Napoli vs Cremonese,9.5,under,synthetic_b365_1x2,2.598,0.385,0.6787,0.5353,1.868,0.1504,1.5,MEDIUM,5.029,3.272,8.301,5.715,2.464,0.0147,aligned,V3,16,false,-1.5
2023-02-19,ligue-1,2022-2023,Rennes vs Clermont,8.5,under,synthetic_b365_1x2,2.973,0.3364,0.8354,0.5392,1.854,0.2028,0.5,HIGH,3.827,2.286,6.112,3.925,1.534,0.1068,aligned,V3,9,false,-0.5
2023-03-05,bundesliga,2022-2023,Leverkusen vs Hertha,8.5,under,synthetic_b365_1x2,3.082,0.3245,0.7167,0.4797,2.084,0.1552,1.0,MEDIUM,4.322,2.772,7.095,4.761,2.029,0.0429,aligned,V3,11,false,-1.0
2023-03-11,bundesliga,2022-2023,RB Leipzig vs M'gladbach,8.5,under,synthetic_b365_1x2,3.285,0.3044,0.6707,0.4613,2.168,0.1569,1.0,MEDIUM,4.216,3.22,7.436,2.705,4.41,0.0433,aligned,V3,11,false,-1.0
2023-03-13,serie-a,2022-2023,Milan vs Salernitana,8.5,under,synthetic_b365_1x2,3.51,0.2849,0.7374,0.4887,2.046,0.2038,2.0,HIGH,3.363,3.573,6.936,2.706,4.387,0.0226,aligned,V3,10,false,-2.0
2023-03-18,serie-a,2022-2023,Salernitana vs Bologna,8.5,under,synthetic_b365_1x2,2.59,0.386,0.8636,0.5579,1.792,0.1719,1.5,MEDIUM,2.48,3.357,5.837,2.214,3.241,0.0655,aligned,V3,9,false,-1.5
2023-03-19,ligue-1,2022-2023,Ajaccio vs Monaco,8.5,under,synthetic_b365_1x2,2.598,0.3849,0.8673,0.5606,1.784,0.1757,0.38,MEDIUM,2.781,3.018,5.799,1.882,2.172,0.3009,conflict,V3,5,true,0.6072
2023-04-02,ligue-1,2022-2023,Clermont vs Ajaccio,8.5,under,synthetic_b365_1x2,2.689,0.3719,0.8215,0.5309,1.884,0.159,0.5,MEDIUM,3.697,2.543,6.24,3.795,2.309,0.0217,aligned,V3,6,true,0.8445
2023-04-02,ligue-1,2022-2023,Monaco vs Strasbourg,8.5,under,synthetic_b365_1x2,3.107,0.3219,0.7312,0.486,2.058,0.1641,0.5,MEDIUM,4.205,2.779,6.984,3.484,2.929,0.0817,aligned,V3,6,true,1.0535
2023-04-10,la-liga,2022-2023,Barcelona vs Girona,8.5,under,synthetic_b365_1x2,3.413,0.293,0.628,0.4454,2.245,0.1523,1.25,MEDIUM,4.893,2.853,7.746,5.241,3.024,0.067,aligned,V3,14,false,-1.25
2023-04-15,bundesliga,2022-2023,RB Leipzig vs Augsburg,8.5,under,synthetic_b365_1x2,3.57,0.2801,0.5886,0.4314,2.318,0.1514,1.0,MEDIUM,4.56,3.468,8.028,5.435,3.875,0.1597,divergent,V3,8,true,2.57
2023-04-16,bundesliga,2022-2023,Werder Bremen vs Freiburg,8.5,under,synthetic_b365_1x2,2.702,0.3701,0.8779,0.5686,1.759,0.1986,1.0,MEDIUM,2.825,2.862,5.686,2.555,1.773,0.2389,divergent,V3,7,true,1.702
2023-04-16,la-liga,2022-2023,Ath Madrid vs Almeria,8.5,under,synthetic_b365_1x2,3.643,0.2745,0.5866,0.4307,2.322,0.1562,1.25,MEDIUM,5.172,2.871,8.043,5.405,2.228,0.051,aligned,V3,11,false,-1.25
2023-04-16,ligue-1,2022-2023,Strasbourg vs Ajaccio,8.5,under,synthetic_b365_1x2,2.791,0.3582,0.8559,0.5525,1.81,0.1943,0.5,MEDIUM,3.183,2.732,5.915,3.848,2.037,0.0049,aligned,V3,5,true,0.8955
2023-04-23,bundesliga,2022-2023,Leverkusen vs RB Leipzig,8.5,under,synthetic_b365_1x2,2.754,0.3631,0.8123,0.5256,1.902,0.1625,1.0,MEDIUM,3.204,3.117,6.322,3.624,3.736,0.1643,divergent,V3,9,false,-1.0
2023-04-26,la-liga,2022-2023,Ath Madrid vs Mallorca,8.5,under,synthetic_b365_1x2,3.16,0.3164,0.739,0.4894,2.043,0.1729,1.25,MEDIUM,4.799,2.125,6.924,3.188,1.695,0.2948,divergent,V3,13,false,-1.25
2023-04-29,ligue-1,2022-2023,Lille vs Ajaccio,8.5,under,synthetic_b365_1x2,3.529,0.2833,0.7149,0.479,2.088,0.1956,0.5,MEDIUM,4.873,2.235,7.108,5.771,1.883,0.0768,aligned,V3,9,false,-0.5
2023-04-30,ligue-1,2022-2023,Monaco vs Montpellier,8.5,under,synthetic_b365_1x2,3.154,0.3171,0.7105,0.4772,2.096,0.1601,0.5,MEDIUM,4.139,3.002,7.141,3.797,2.774,0.08,aligned,V3,14,false,-0.5
2023-05-06,epl,2022-2023,Man City vs Leeds,8.5,under,synthetic_b365_1x2,3.809,0.2625,0.6691,0.4607,2.171,0.1982,0.75,MEDIUM,5.246,2.202,7.448,5.11,1.794,0.073,aligned,V3,11,false,-0.75
2023-05-13,la-liga,2022-2023,Sociedad vs Girona,8.5,under,synthetic_b365_1x2,3.004,0.3329,0.7771,0.5072,1.972,0.1743,1.25,MEDIUM,3.628,2.992,6.62,3.882,3.148,0.062,aligned,V3,11,false,-1.25
2023-05-13,ligue-1,2022-2023,Paris SG vs Ajaccio,9.5,under,synthetic_b365_1x2,2.764,0.3617,0.7845,0.5756,1.737,0.2139,0.5,HIGH,4.735,2.693,7.429,6.892,2.992,0.3306,conflict,V3,11,false,-0.5
2023-05-14,bundesliga,2022-2023,RB Leipzig vs Werder Bremen,8.5,under,synthetic_b365_1x2,3.57,0.2801,0.6037,0.4367,2.29,0.1566,1.0,MEDIUM,6.237,1.682,7.92,7.595,1.4,0.1357,aligned,V3,5,true,2.57
2023-05-23,la-liga,2022-2023,Sociedad vs Almeria,8.5,under,synthetic_b365_1x2,3.304,0.3026,0.684,0.4665,2.144,0.1638,1.25,MEDIUM,4.324,3.014,7.339,4.862,3.167,0.094,aligned,V3,12,false,-1.25
2023-05-27,ligue-1,2022-2023,Lens vs Ajaccio,9.5,under,synthetic_b365_1x2,2.686,0.3723,0.7513,0.5619,1.78,0.1896,0.5,MEDIUM,5.057,2.658,7.715,5.579,2.668,0.069,aligned,V3,11,false,-0.5
2023-08-27,la-liga,2023-2024,Ath Bilbao vs Betis,10.5,over,synthetic_b365_1x2,2.536,0.3943,0.8443,0.5659,1.767,0.1717,1.25,MEDIUM,11.206,3.11,14.316,11.29,2.968,0.004,aligned,V3,8,false,-1.25
2023-08-27,serie-a,2023-2024,Fiorentina vs Lecce,8.5,under,synthetic_b365_1x2,3.065,0.3263,0.7711,0.5042,1.983,0.1779,0.75,MEDIUM,4.116,2.553,6.67,2.37,1.916,0.3574,conflict,V3,6,true,1.5488
2023-09-02,la-liga,2023-2024,Real Madrid vs Getafe,8.5,under,synthetic_b365_1x2,3.358,0.2978,0.7238,0.4828,2.071,0.185,1.25,MEDIUM,5.022,2.019,7.04,3.591,2.025,0.2023,divergent,V3,12,false,-1.25
2023-09-24,la-liga,2023-2024,Sociedad vs Getafe,8.5,under,synthetic_b365_1x2,2.988,0.3347,0.7387,0.4892,2.044,0.1545,1.25,MEDIUM,4.568,2.358,6.926,5.929,2.357,0.1963,divergent,V3,3,true,2.485
2023-09-27,serie-a,2023-2024,Lazio vs Torino,8.5,under,synthetic_b365_1x2,2.701,0.3702,0.8218,0.531,1.883,0.1608,1.5,MEDIUM,2.845,3.393,6.237,2.104,4.031,0.0165,aligned,V3,6,true,2.5515
2023-10-02,serie-a,2023-2024,Torino vs Verona,8.5,under,synthetic_b365_1x2,2.824,0.3541,0.8587,0.5545,1.803,0.2004,2.0,HIGH,4.234,1.652,5.886,4.068,1.0,0.1391,aligned,V3,11,false,-2.0
2023-10-21,epl,2023-2024,Sheffield United vs Man United,10.5,over,synthetic_b365_1x2,2.494,0.401,0.8227,0.5544,1.804,0.1534,0.75,MEDIUM,4.233,9.743,13.976,3.403,11.752,0.0844,aligned,V3,9,false,-0.75
2023-10-21,ligue-1,2023-2024,Paris SG vs Strasbourg,8.5,under,synthetic_b365_1x2,3.589,0.2786,0.5825,0.4293,2.329,0.1507,0.5,MEDIUM,5.801,2.272,8.072,6.422,1.565,0.0106,aligned,V3,7,true,1.2945
2023-10-22,bundesliga,2023-2024,FC Koln vs M'gladbach,10.5,over,synthetic_b365_1x2,2.601,0.3844,0.899,0.602,1.661,0.2176,1.5,HIGH,9.487,5.896,15.383,10.268,9.293,0.2716,divergent,V3,11,true,2.4015
2023-10-28,serie-a,2023-2024,Lecce vs Torino,8.5,under,synthetic_b365_1x2,2.555,0.3914,0.8431,0.5441,1.838,0.1527,1.5,MEDIUM,2.785,3.255,6.04,2.5,3.721,0.0301,aligned,V3,3,true,2.3325
2023-11-10,serie-a,2023-2024,Genoa vs Verona,8.5,under,synthetic_b365_1x2,2.754,0.363,0.899,0.5864,1.705,0.2234,2.0,HIGH,3.349,2.096,5.445,3.206,1.813,0.0783,aligned,V3,13,false,-2.0
2023-11-25,serie-a,2023-2024,Milan vs Fiorentina,8.5,under,synthetic_b365_1x2,2.727,0.3667,0.8084,0.5235,1.91,0.1568,1.5,MEDIUM,3.475,2.882,6.356,2.835,3.644,0.0193,aligned,V3,14,false,-1.5
2023-11-27,serie-a,2023-2024,Verona vs Lecce,8.5,under,synthetic_b365_1x2,2.548,0.3925,0.8467,0.5464,1.83,0.1539,1.5,MEDIUM,2.345,3.66,6.005,2.087,4.157,0.0398,aligned,V3,6,true,2.322
2023-11-27,serie-a,2023-2024,Bologna vs Torino,8.5,under,synthetic_b365_1x2,2.679,0.3733,0.8799,0.5702,1.754,0.1969,1.5,MEDIUM,2.268,3.397,5.665,2.273,3.487,0.0167,aligned,V3,5,true,2.5185
2023-12-02,la-liga,2023-2024,Real Madrid vs Granada,9.5,under,synthetic_b365_1x2,2.628,0.3806,0.6784,0.5352,1.868,0.1547,1.25,MEDIUM,5.484,2.819,8.303,4.867,2.54,0.1079,aligned,V3,6,true,2.035
2023-12-03,serie-a,2023-2024,Lecce vs Bologna,8.5,under,synthetic_b365_1x2,2.599,0.3848,0.8678,0.561,1.783,0.1761,1.5,MEDIUM,3.418,2.376,5.794,3.032,1.558,0.2079,divergent,V3,9,false,-1.5
2023-12-09,epl,2023-2024,Man United vs Bournemouth,10.5,over,synthetic_b365_1x2,2.334,0.4284,0.8709,0.5819,1.718,0.1535,0.75,MEDIUM,9.147,5.641,14.788,8.581,7.892,0.1139,aligned,V3,14,true,1.0005
2023-12-17,epl,2023-2024,Arsenal vs Brighton,8.5,under,synthetic_b365_1x2,3.269,0.3059,0.676,0.4633,2.158,0.1574,0.75,MEDIUM,4.904,2.494,7.398,4.249,1.987,0.1571,divergent,V3,11,false,-0.75
2023-12-23,serie-a,2023-2024,Inter vs Lecce,8.5,under,synthetic_b365_1x2,3.643,0.2745,0.759,0.4985,2.006,0.224,2.0,HIGH,4.149,2.617,6.766,4.2,2.876,0.0458,aligned,V3,18,false,-2.0
2023-12-29,serie-a,2023-2024,Fiorentina vs Torino,8.5,under,synthetic_b365_1x2,2.698,0.3706,0.8744,0.5659,1.767,0.1953,1.5,MEDIUM,3.041,2.683,5.724,2.605,2.477,0.1123,aligned,V3,6,true,2.547
2024-01-14,epl,2023-2024,Man United vs Tottenham,10.5,over,synthetic_b365_1x2,2.537,0.3942,0.845,0.5663,1.766,0.1721,0.75,MEDIUM,8.78,5.547,14.326,8.486,4.606,0.0862,aligned,V3,21,true,1.1527
2024-02-03,epl,2023-2024,Everton vs Tottenham,10.5,over,synthetic_b365_1x2,2.647,0.3777,0.7713,0.5307,1.884,0.1529,0.75,MEDIUM,6.92,6.357,13.277,8.543,7.417,0.2021,divergent,V3,14,true,1.2352
2024-02-18,epl,2023-2024,Luton vs Man United,10.5,over,synthetic_b365_1x2,2.614,0.3826,0.8019,0.5443,1.837,0.1617,0.75,MEDIUM,8.18,5.496,13.677,11.069,4.331,0.126,aligned,V3,14,true,1.2105
2024-03-03,epl,2023-2024,Burnley vs Bournemouth,10.5,over,synthetic_b365_1x2,2.691,0.3716,0.7724,0.5311,1.883,0.1595,0.75,MEDIUM,4.613,8.677,13.29,2.558,11.4,0.0503,aligned,V3,9,false,-0.75
2024-03-03,epl,2023-2024,Man City vs Man United,11.5,over,synthetic_b365_1x2,2.842,0.3519,0.8913,0.5209,1.92,0.1691,0.75,MEDIUM,12.492,3.9,16.393,15.0,3.209,0.1108,aligned,V3,17,true,1.3815
2024-03-03,ligue-1,2023-2024,Brest vs Le Havre,8.5,under,synthetic_b365_1x2,3.01,0.3322,0.758,0.498,2.008,0.1658,0.5,MEDIUM,4.062,2.713,6.775,3.066,2.614,0.1616,divergent,V3,2,true,1.005
2024-03-09,epl,2023-2024,Man United vs Everton,10.5,over,synthetic_b365_1x2,2.505,0.3991,0.853,0.5709,1.752,0.1718,0.75,MEDIUM,8.194,6.269,14.463,10.239,6.653,0.1679,divergent,V3,13,true,1.1287
2024-03-09,la-liga,2023-2024,Valencia vs Getafe,8.5,under,synthetic_b365_1x2,2.704,0.3699,0.8181,0.5289,1.891,0.159,1.25,MEDIUM,2.785,3.485,6.27,3.53,2.428,0.0498,aligned,V3,10,false,-1.25
2024-03-09,ligue-1,2023-2024,Lens vs Brest,8.5,under,synthetic_b365_1x2,2.728,0.3665,0.8075,0.523,1.912,0.1564,0.5,MEDIUM,3.655,2.709,6.364,3.407,2.176,0.1227,aligned,V3,6,true,0.864
2024-03-16,epl,2023-2024,Fulham vs Tottenham,10.5,over,synthetic_b365_1x2,2.628,0.3805,0.7813,0.535,1.869,0.1545,0.75,MEDIUM,7.222,6.18,13.403,5.201,8.398,0.0146,aligned,V3,9,false,-0.75
2024-03-30,epl,2023-2024,Bournemouth vs Everton,10.5,over,synthetic_b365_1x2,2.576,0.3883,0.8171,0.5516,1.813,0.1633,0.75,MEDIUM,9.72,4.173,13.893,9.907,3.515,0.0339,aligned,V3,17,true,1.182
2024-03-30,epl,2023-2024,Brentford vs Man United,10.5,over,synthetic_b365_1x2,2.604,0.384,0.7846,0.5364,1.864,0.1524,0.75,MEDIUM,6.759,6.686,13.445,5.909,6.624,0.0679,aligned,V3,18,true,1.203
2024-04-04,epl,2023-2024,Chelsea vs Man United,10.5,over,synthetic_b365_1x2,2.467,0.4054,0.837,0.5619,1.78,0.1565,0.75,MEDIUM,9.32,4.877,14.197,13.374,3.728,0.2046,divergent,V3,15,true,1.1002
2024-04-06,epl,2023-2024,Luton vs Bournemouth,10.5,over,synthetic_b365_1x2,2.646,0.3779,0.7989,0.5429,1.842,0.165,0.75,MEDIUM,5.503,8.133,13.636,4.965,8.263,0.0299,aligned,V3,9,false,-0.75
2024-04-07,epl,2023-2024,Man United vs Liverpool,10.5,over,synthetic_b365_1x2,2.553,0.3917,0.9404,0.6424,1.557,0.2506,1.5,MAX,3.799,12.784,16.583,2.816,15.0,0.0744,aligned,V3,17,true,2.3295
2024-04-07,ligue-1,2023-2024,Brest vs Metz,8.5,under,synthetic_b365_1x2,3.027,0.3303,0.7196,0.481,2.079,0.1507,0.5,MEDIUM,4.116,2.956,7.073,5.064,2.729,0.1019,aligned,V3,13,false,-0.5
2024-04-13,epl,2023-2024,Bournemouth vs Man United,10.5,over,synthetic_b365_1x2,2.528,0.3955,0.9718,0.6943,1.44,0.2988,1.5,MAX,13.395,4.758,18.152,15.0,4.349,0.0659,aligned,V3,9,false,-1.5
2024-05-06,epl,2023-2024,Crystal Palace vs Man United,10.5,over,synthetic_b365_1x2,2.564,0.3901,0.8048,0.5456,1.833,0.1556,0.75,MEDIUM,8.663,5.055,13.718,7.778,5.177,0.0556,aligned,V3,9,false,-0.75
2024-05-15,epl,2023-2024,Man United vs Newcastle,10.5,over,synthetic_b365_1x2,2.546,0.3927,0.8096,0.5479,1.825,0.1552,0.75,MEDIUM,5.226,8.559,13.785,5.984,8.57,0.0558,aligned,V3,18,true,1.1595
2024-06-02,serie-a,2023-2024,Atalanta vs Fiorentina,8.5,under,synthetic_b365_1x2,3.208,0.3118,0.8043,0.5212,1.919,0.2095,2.0,HIGH,2.97,3.422,6.392,2.749,2.093,0.2423,divergent,V3,8,true,4.416
2024-08-16,epl,2024-2025,Man United vs Fulham,10.5,over,synthetic_b365_1x2,2.362,0.4234,0.8584,0.5741,1.742,0.1508,0.75,MEDIUM,6.28,8.278,14.558,7.87,3.868,0.1938,divergent,V3,15,true,1.0215
2024-08-24,epl,2024-2025,Brighton vs Man United,10.5,over,synthetic_b365_1x2,2.584,0.387,0.7995,0.5431,1.841,0.1561,0.75,MEDIUM,9.094,4.55,13.644,7.221,5.069,0.0993,aligned,V3,8,false,-0.75
2024-08-25,la-liga,2024-2025,Ath Madrid vs Girona,8.5,under,synthetic_b365_1x2,3.034,0.3296,0.763,0.5003,1.999,0.1707,1.25,MEDIUM,3.62,3.115,6.735,3.047,4.465,0.1154,aligned,V3,10,false,-1.25
2024-08-31,epl,2024-2025,Everton vs Bournemouth,10.5,over,synthetic_b365_1x2,2.684,0.3726,0.7651,0.528,1.894,0.1555,0.75,MEDIUM,4.875,8.325,13.2,4.281,7.136,0.1351,aligned,V3,12,true,1.263
2024-08-31,ligue-1,2024-2025,Brest vs St Etienne,8.5,under,synthetic_b365_1x2,2.91,0.3437,0.841,0.5427,1.843,0.199,0.5,MEDIUM,3.375,2.685,6.06,3.032,2.237,0.1304,aligned,V3,9,false,-0.5
2024-09-01,epl,2024-2025,Newcastle vs Tottenham,10.5,over,synthetic_b365_1x2,2.523,0.3963,0.8588,0.5744,1.741,0.178,0.75,MEDIUM,5.984,8.581,14.565,5.194,10.566,0.0821,aligned,V3,19,true,1.1423
2024-09-01,epl,2024-2025,Man United vs Liverpool,10.5,over,synthetic_b365_1x2,2.568,0.3894,0.9178,0.6182,1.618,0.2288,1.12,HIGH,3.596,12.266,15.863,3.814,9.897,0.1356,aligned,V3,7,false,-1.12
2024-09-13,ligue-1,2024-2025,St Etienne vs Lille,8.5,under,synthetic_b365_1x2,2.605,0.3839,0.8287,0.5351,1.869,0.1512,0.5,MEDIUM,2.551,3.624,6.175,1.787,3.502,0.1434,aligned,V3,9,false,-0.5
2024-09-15,serie-a,2024-2025,Atalanta vs Fiorentina,8.5,under,synthetic_b365_1x2,2.861,0.3495,0.7989,0.5183,1.929,0.1688,1.5,MEDIUM,2.71,3.728,6.438,2.475,4.269,0.0475,aligned,V3,6,true,2.7915
2024-09-20,ligue-1,2024-2025,Nice vs St Etienne,8.5,under,synthetic_b365_1x2,3.057,0.3272,0.7171,0.4799,2.084,0.1528,0.5,MEDIUM,5.046,2.046,7.091,5.722,1.589,0.031,aligned,V3,5,true,1.0285
2024-09-21,epl,2024-2025,Fulham vs Newcastle,10.5,over,synthetic_b365_1x2,2.709,0.3691,0.7617,0.5266,1.899,0.1575,0.75,MEDIUM,7.317,5.841,13.158,8.075,5.677,0.0452,aligned,V3,6,false,-0.75
2024-09-21,epl,2024-2025,Tottenham vs Brentford,11.5,over,synthetic_b365_1x2,3.151,0.3173,0.8192,0.4761,2.1,0.1588,0.75,MEDIUM,10.864,4.195,15.06,13.698,3.056,0.1125,aligned,V3,13,true,1.6132
2024-09-29,epl,2024-2025,Man United vs Tottenham,10.5,over,synthetic_b365_1x2,2.554,0.3915,0.9118,0.6127,1.632,0.2212,1.12,HIGH,6.395,9.306,15.701,6.169,6.802,0.1739,divergent,V3,8,false,-1.12
2024-10-18,bundesliga,2024-2025,Dortmund vs St Pauli,8.5,under,synthetic_b365_1x2,3.376,0.2962,0.6613,0.4577,2.185,0.1615,1.0,MEDIUM,4.564,2.941,7.505,4.961,2.373,0.0228,aligned,V3,8,true,2.376
2024-10-20,la-liga,2024-2025,Ath Madrid vs Leganes,8.5,under,synthetic_b365_1x2,3.275,0.3054,0.7772,0.5072,1.972,0.2019,1.88,HIGH,4.259,2.36,6.619,4.469,1.6,0.0832,aligned,V3,10,false,-1.88
2024-10-20,la-liga,2024-2025,Villarreal vs Getafe,8.5,under,synthetic_b365_1x2,2.948,0.3392,0.7518,0.4951,2.02,0.1559,1.25,MEDIUM,3.362,3.461,6.824,3.634,3.915,0.1063,aligned,V3,10,false,-1.25
2024-10-26,bundesliga,2024-2025,St Pauli vs Wolfsburg,8.5,under,synthetic_b365_1x2,2.723,0.3672,0.8169,0.5282,1.893,0.161,1.0,MEDIUM,3.141,3.141,6.281,2.861,3.408,0.002,aligned,V3,13,false,-1.0
2024-10-30,serie-a,2024-2025,Atalanta vs Monza,8.5,under,synthetic_b365_1x2,3.336,0.2998,0.7575,0.4978,2.009,0.198,1.5,MEDIUM,5.314,1.464,6.778,4.861,1.088,0.1223,aligned,V3,6,true,3.504
2024-11-10,epl,2024-2025,Nott'm Forest vs Newcastle,10.5,over,synthetic_b365_1x2,2.714,0.3685,0.7461,0.5204,1.922,0.1518,0.75,MEDIUM,6.487,6.487,12.974,6.04,6.744,0.0147,aligned,V3,9,false,-0.75
2024-11-10,la-liga,2024-2025,Getafe vs Girona,8.5,under,synthetic_b365_1x2,2.646,0.3779,0.8308,0.5364,1.864,0.1585,1.25,MEDIUM,3.117,3.038,6.155,2.9,2.852,0.0655,aligned,V3,7,true,2.0575
2024-11-10,serie-a,2024-2025,Fiorentina vs Verona,8.5,under,synthetic_b365_1x2,3.178,0.3147,0.7269,0.4841,2.066,0.1694,1.5,MEDIUM,4.296,2.721,7.017,3.411,2.501,0.1575,divergent,V3,11,false,-1.5
2024-12-02,serie-a,2024-2025,Roma vs Atalanta,8.5,under,synthetic_b365_1x2,2.667,0.3749,0.8539,0.5512,1.814,0.1762,1.5,MEDIUM,2.161,3.774,5.935,1.554,3.62,0.1282,aligned,V3,6,true,2.5005
2024-12-05,epl,2024-2025,Bournemouth vs Tottenham,10.5,over,synthetic_b365_1x2,2.583,0.3872,0.8142,0.5501,1.818,0.163,0.75,MEDIUM,7.121,6.729,13.85,7.239,7.148,0.0388,aligned,V3,14,true,1.1873
2024-12-06,serie-a,2024-2025,Atalanta vs Milan,8.5,under,synthetic_b365_1x2,2.747,0.364,0.8178,0.5287,1.891,0.1647,1.5,MEDIUM,3.497,2.776,6.273,3.147,2.41,0.1141,aligned,V3,7,true,2.6205
2024-12-15,epl,2024-2025,Southampton vs Tottenham,10.5,over,synthetic_b365_1x2,2.543,0.3932,0.9225,0.6227,1.606,0.2294,1.12,HIGH,5.243,10.753,15.996,6.37,9.591,0.0021,aligned,V3,7,false,-1.12
2024-12-15,la-liga,2024-2025,Ath Madrid vs Getafe,8.5,under,synthetic_b365_1x2,3.158,0.3166,0.8155,0.5274,1.896,0.2108,1.88,HIGH,3.595,2.698,6.294,3.226,2.118,0.151,divergent,V3,11,false,-1.88
2024-12-15,serie-a,2024-2025,Bologna vs Fiorentina,8.5,under,synthetic_b365_1x2,2.593,0.3857,0.8426,0.5437,1.839,0.1581,0.75,MEDIUM,2.982,3.063,6.045,1.888,2.341,0.3004,conflict,V3,4,true,1.1947
2024-12-26,epl,2024-2025,Nott'm Forest vs Tottenham,10.5,over,synthetic_b365_1x2,2.552,0.3918,0.8024,0.5445,1.837,0.1527,0.75,MEDIUM,5.254,8.429,13.683,5.396,7.064,0.0894,aligned,V3,9,false,-0.75
2024-12-26,epl,2024-2025,Southampton vs West Ham,10.5,over,synthetic_b365_1x2,2.696,0.3709,0.7738,0.5317,1.881,0.1608,0.75,MEDIUM,5.529,7.779,13.308,4.539,9.547,0.0585,aligned,V3,4,false,-0.75
2025-01-15,serie-a,2024-2025,Inter vs Bologna,8.5,under,synthetic_b365_1x2,3.099,0.3227,0.7095,0.4768,2.098,0.154,1.5,MEDIUM,4.68,2.469,7.149,3.589,2.304,0.1756,divergent,V3,6,true,3.1485
2025-01-18,ligue-1,2024-2025,Rennes vs Brest,8.5,under,synthetic_b365_1x2,2.764,0.3618,0.812,0.5255,1.903,0.1636,0.5,MEDIUM,4.296,2.028,6.324,2.68,1.764,0.2973,divergent,V3,8,true,0.882
2025-01-18,serie-a,2024-2025,Bologna vs Monza,8.5,under,synthetic_b365_1x2,2.953,0.3387,0.7543,0.4963,2.015,0.1577,1.5,MEDIUM,4.303,2.5,6.803,3.135,2.809,0.1263,aligned,V3,4,true,2.9295
2025-01-19,ligue-1,2024-2025,Marseille vs Strasbourg,8.5,under,synthetic_b365_1x2,3.096,0.323,0.8341,0.5384,1.857,0.2154,0.5,HIGH,3.705,2.42,6.125,2.852,1.99,0.2094,divergent,V3,12,false,-0.5
2025-01-25,serie-a,2024-2025,Como vs Atalanta,8.5,under,synthetic_b365_1x2,2.647,0.3779,0.8178,0.5287,1.891,0.1509,1.5,MEDIUM,2.491,3.782,6.273,2.135,3.747,0.0625,aligned,V3,9,false,-1.5
2025-02-01,serie-a,2024-2025,Atalanta vs Torino,8.5,under,synthetic_b365_1x2,3.186,0.3139,0.7017,0.4736,2.112,0.1597,1.5,MEDIUM,5.032,2.175,7.207,3.885,2.949,0.0518,aligned,V3,8,true,3.279
2025-02-01,serie-a,2024-2025,Bologna vs Como,8.5,under,synthetic_b365_1x2,2.81,0.3559,0.7854,0.5113,1.956,0.1554,1.5,MEDIUM,3.911,2.641,6.552,4.506,1.839,0.0316,aligned,V3,6,true,2.715
2025-02-08,la-liga,2024-2025,Celta vs Betis,8.5,under,synthetic_b365_1x2,2.726,0.3668,0.824,0.5323,1.879,0.1655,1.25,MEDIUM,3.044,3.174,6.217,3.277,3.541,0.0965,aligned,V3,11,false,-1.25
2025-03-16,epl,2024-2025,Arsenal vs Chelsea,8.5,under,synthetic_b365_1x2,2.861,0.3495,0.7839,0.5106,1.959,0.1611,0.75,MEDIUM,4.32,2.244,6.564,2.97,2.046,0.2357,divergent,V3,9,false,-0.75
2025-03-30,serie-a,2024-2025,Fiorentina vs Atalanta,8.5,under,synthetic_b365_1x2,2.588,0.3864,0.8624,0.5571,1.795,0.1707,1.5,MEDIUM,2.082,3.767,5.849,1.858,2.998,0.1699,divergent,V3,6,true,2.382
2025-04-05,ligue-1,2024-2025,Paris SG vs Angers,9.5,under,synthetic_b365_1x2,2.64,0.3788,0.6667,0.5313,1.882,0.1525,0.5,MEDIUM,6.122,2.272,8.394,6.305,2.95,0.1026,aligned,V3,6,true,0.82
2025-04-07,serie-a,2024-2025,Bologna vs Napoli,8.5,under,synthetic_b365_1x2,2.54,0.3938,0.8683,0.5613,1.781,0.1676,1.5,MEDIUM,3.368,2.421,5.789,3.995,1.667,0.0218,aligned,V3,11,false,-1.5
2025-04-12,la-liga,2024-2025,Celta vs Espanol,8.5,under,synthetic_b365_1x2,2.932,0.3411,0.7676,0.5026,1.99,0.1615,1.25,MEDIUM,4.566,2.131,6.697,4.679,1.96,0.0087,aligned,V3,18,false,-1.25
2025-04-13,serie-a,2024-2025,Atalanta vs Bologna,8.5,under,synthetic_b365_1x2,2.803,0.3567,0.9319,0.6216,1.609,0.2649,2.0,MAX,2.498,2.502,5.0,2.306,2.93,0.0471,aligned,V3,9,false,-2.0
2025-04-19,epl,2024-2025,West Ham vs Southampton,8.5,under,synthetic_b365_1x2,3.128,0.3197,0.7509,0.4947,2.021,0.175,0.75,MEDIUM,4.011,2.82,6.831,3.753,2.48,0.0876,aligned,V3,7,true,1.596
2025-05-02,epl,2024-2025,Man City vs Wolves,8.5,under,synthetic_b365_1x2,3.242,0.3085,0.6964,0.4714,2.121,0.1629,0.75,MEDIUM,4.804,2.443,7.247,4.369,1.505,0.1895,divergent,V3,9,false,-0.75
2025-08-16,la-liga,2025-2026,Mallorca vs Barcelona,10.5,over,synthetic_b365_1x2,2.529,0.3955,0.8591,0.5745,1.741,0.1791,1.25,MEDIUM,2.114,12.456,14.57,1.392,15.0,0.1251,aligned,V3,9,false,-1.25
2025-08-18,la-liga,2025-2026,Elche vs Betis,10.5,over,synthetic_b365_1x2,2.762,0.3621,0.8309,0.5586,1.79,0.1965,1.25,MEDIUM,6.884,7.216,14.1,8.333,7.544,0.126,aligned,V3,4,false,-1.25
2025-08-22,ligue-1,2025-2026,Paris SG vs Angers,9.5,under,synthetic_b365_1x2,2.798,0.3574,0.5983,0.5092,1.964,0.1519,0.5,MEDIUM,6.445,2.473,8.918,7.786,2.85,0.1927,divergent,V3,12,false,-0.5
2025-08-30,serie-a,2025-2026,Bologna vs Como,8.5,under,synthetic_b365_1x2,2.614,0.3825,0.8478,0.5471,1.828,0.1646,1.5,MEDIUM,3.97,2.024,5.994,4.253,2.142,0.0668,aligned,V3,11,false,-1.5
2025-09-21,serie-a,2025-2026,Fiorentina vs Como,8.5,under,synthetic_b365_1x2,2.631,0.3801,0.8278,0.5346,1.871,0.1545,1.5,MEDIUM,3.009,3.174,6.183,4.467,2.372,0.106,aligned,V3,8,true,2.4465
2025-10-05,la-liga,2025-2026,Sociedad vs Vallecano,10.5,over,synthetic_b365_1x2,2.551,0.3919,0.8075,0.5469,1.828,0.155,1.25,MEDIUM,7.462,6.293,13.755,8.032,6.255,0.0387,aligned,V3,12,true,1.9388
2025-10-19,serie-a,2025-2026,Milan vs Fiorentina,8.5,under,synthetic_b365_1x2,3.118,0.3208,0.7056,0.4752,2.105,0.1544,1.5,MEDIUM,4.069,3.108,7.178,4.093,3.089,0.0006,aligned,V3,4,true,3.177
2025-10-25,serie-a,2025-2026,Parma vs Como,8.5,under,synthetic_b365_1x2,2.633,0.3798,0.8468,0.5464,1.83,0.1666,1.5,MEDIUM,2.734,3.271,6.004,2.779,2.68,0.0908,aligned,V3,6,true,2.4495
2025-10-26,la-liga,2025-2026,Vallecano vs Alaves,10.5,over,synthetic_b365_1x2,2.698,0.3707,0.7475,0.5209,1.92,0.1502,1.25,MEDIUM,5.834,7.157,12.99,4.504,10.513,0.156,divergent,V3,12,true,2.1225
2025-10-29,serie-a,2025-2026,Como vs Verona,8.5,under,synthetic_b365_1x2,2.912,0.3434,0.8244,0.5326,1.878,0.1892,1.5,MEDIUM,3.568,2.646,6.213,2.281,3.732,0.0322,aligned,V3,4,true,2.868
2025-11-08,serie-a,2025-2026,Como vs Cagliari,8.5,under,synthetic_b365_1x2,3.16,0.3165,0.7405,0.4901,2.041,0.1736,1.5,MEDIUM,4.316,2.596,6.912,3.456,2.403,0.1522,divergent,V3,10,false,-1.5
2025-11-09,bundesliga,2025-2026,Freiburg vs St Pauli,8.5,under,synthetic_b365_1x2,2.827,0.3538,0.8078,0.5231,1.912,0.1694,1.0,MEDIUM,2.53,3.831,6.361,2.418,4.41,0.0735,aligned,V3,12,false,-1.0
2025-11-22,bundesliga,2025-2026,Bayern Munich vs Freiburg,9.5,under,synthetic_b365_1x2,2.626,0.3808,0.7333,0.5549,1.802,0.1741,1.0,MEDIUM,4.554,3.311,7.865,5.208,3.59,0.1188,aligned,V3,8,true,1.626
2025-11-29,bundesliga,2025-2026,Bayern Munich vs St Pauli,9.5,under,synthetic_b365_1x2,2.735,0.3656,0.6232,0.5171,1.934,0.1515,1.0,MEDIUM,4.25,4.478,8.728,4.913,4.134,0.0366,aligned,V3,12,false,-1.0
2025-12-14,ligue-1,2025-2026,Strasbourg vs Lorient,8.5,under,synthetic_b365_1x2,2.905,0.3442,0.8604,0.5557,1.8,0.2115,0.5,HIGH,3.562,2.307,5.869,3.755,1.429,0.1167,aligned,V3,14,false,-0.5
2025-12-14,serie-a,2025-2026,Milan vs Sassuolo,8.5,under,synthetic_b365_1x2,3.151,0.3173,0.6955,0.471,2.123,0.1537,1.5,MEDIUM,3.583,3.67,7.253,2.615,4.817,0.0247,aligned,V3,10,false,-1.5
2025-12-15,la-liga,2025-2026,Vallecano vs Betis,10.5,over,synthetic_b365_1x2,2.665,0.3753,0.7703,0.5302,1.886,0.155,1.25,MEDIUM,7.787,5.477,13.264,6.582,4.886,0.1354,aligned,V3,11,true,2.0812
2025-12-28,serie-a,2025-2026,Milan vs Verona,8.5,under,synthetic_b365_1x2,3.249,0.3078,0.6829,0.466,2.146,0.1583,1.5,MEDIUM,4.072,3.275,7.347,4.847,3.275,0.1056,aligned,V3,10,false,-1.5
2026-01-10,serie-a,2025-2026,Roma vs Sassuolo,8.5,under,synthetic_b365_1x2,3.036,0.3294,0.7282,0.4846,2.063,0.1553,1.5,MEDIUM,4.717,2.29,7.007,3.696,2.327,0.1405,aligned,V3,7,true,3.054
2026-01-11,serie-a,2025-2026,Inter vs Napoli,8.5,under,synthetic_b365_1x2,2.862,0.3494,0.8411,0.5428,1.842,0.1933,1.5,MEDIUM,3.363,2.696,6.059,1.844,2.671,0.2549,divergent,V3,5,true,2.793
2026-01-14,serie-a,2025-2026,Napoli vs Parma,8.5,under,synthetic_b365_1x2,3.375,0.2963,0.7272,0.4842,2.065,0.1879,1.5,MEDIUM,5.44,1.574,7.015,5.091,1.013,0.1298,aligned,V3,8,true,3.5625
2026-01-17,serie-a,2025-2026,Napoli vs Sassuolo,8.5,under,synthetic_b365_1x2,3.121,0.3204,0.7172,0.48,2.084,0.1595,1.5,MEDIUM,5.508,1.582,7.091,5.688,1.009,0.0555,aligned,V3,9,false,-1.5
2026-01-19,serie-a,2025-2026,Lazio vs Como,8.5,under,synthetic_b365_1x2,2.521,0.3966,0.868,0.5612,1.782,0.1645,1.5,MEDIUM,2.941,2.85,5.791,2.627,2.88,0.0492,aligned,V3,5,true,2.2815
2026-01-23,serie-a,2025-2026,Inter vs Pisa,9.5,under,synthetic_b365_1x2,2.599,0.3848,0.6873,0.5383,1.858,0.1535,1.5,MEDIUM,6.271,1.963,8.233,4.517,2.146,0.1907,divergent,V3,12,false,-1.5
2026-01-24,serie-a,2025-2026,Como vs Torino,8.5,under,synthetic_b365_1x2,2.943,0.3398,0.8275,0.5344,1.871,0.1946,1.5,MEDIUM,3.544,2.642,6.186,3.347,2.015,0.1331,aligned,V3,3,true,2.9145
2026-02-07,epl,2025-2026,Arsenal vs Sunderland,8.5,under,synthetic_b365_1x2,3.56,0.2809,0.6141,0.4404,2.271,0.1595,0.75,MEDIUM,6.005,1.84,7.845,5.811,1.793,0.0307,aligned,V3,7,true,1.92
2026-02-08,serie-a,2025-2026,Juventus vs Lazio,8.5,under,synthetic_b365_1x2,3.095,0.3231,0.8006,0.5193,1.926,0.1962,1.5,MEDIUM,3.964,2.459,6.423,4.576,1.963,0.0181,aligned,V3,9,false,-1.5
2026-02-15,serie-a,2025-2026,Napoli vs Roma,8.5,under,synthetic_b365_1x2,2.599,0.3848,0.8907,0.5791,1.727,0.1943,1.5,MEDIUM,3.094,2.448,5.542,1.842,2.797,0.1631,divergent,V3,3,true,2.3985
2026-02-18,serie-a,2025-2026,Milan vs Como,8.5,under,synthetic_b365_1x2,2.7,0.3704,0.8043,0.5212,1.919,0.1509,1.5,MEDIUM,2.663,3.729,6.392,1.625,4.129,0.0997,aligned,V3,8,true,2.55
2026-02-21,serie-a,2025-2026,Juventus vs Como,8.5,under,synthetic_b365_1x2,2.772,0.3608,0.8563,0.5528,1.809,0.1921,1.5,MEDIUM,3.233,2.678,5.911,3.074,2.46,0.0636,aligned,V3,9,false,-1.5
2026-02-28,serie-a,2025-2026,Como vs Lecce,8.5,under,synthetic_b365_1x2,3.201,0.3124,0.6921,0.4697,2.129,0.1572,1.5,MEDIUM,4.745,2.534,7.279,4.134,2.424,0.099,aligned,V3,6,true,3.3015
2026-03-01,serie-a,2025-2026,Torino vs Lazio,8.5,under,synthetic_b365_1x2,2.543,0.3933,0.863,0.5575,1.794,0.1642,1.5,MEDIUM,2.896,2.947,5.843,2.552,2.573,0.1229,aligned,V3,15,false,-1.5
2026-03-06,bundesliga,2025-2026,Bayern Munich vs M'gladbach,9.5,under,synthetic_b365_1x2,2.635,0.3795,0.6842,0.5372,1.861,0.1577,1.0,MEDIUM,5.957,2.301,8.258,4.599,2.346,0.1589,divergent,V3,8,true,1.635
2026-03-06,serie-a,2025-2026,Napoli vs Torino,8.5,under,synthetic_b365_1x2,2.975,0.3361,0.8614,0.5564,1.797,0.2203,2.0,HIGH,3.848,2.011,5.859,3.22,2.147,0.0841,aligned,V3,13,false,-2.0
2026-03-07,serie-a,2025-2026,Juventus vs Pisa,8.5,under,synthetic_b365_1x2,3.541,0.2824,0.668,0.4603,2.173,0.1779,1.5,MEDIUM,4.721,2.735,7.456,3.695,2.281,0.1985,divergent,V3,8,true,3.8115
2026-03-08,la-liga,2025-2026,Villarreal vs Elche,8.5,under,synthetic_b365_1x2,3.154,0.3171,0.7063,0.4754,2.103,0.1583,1.25,MEDIUM,3.436,3.737,7.173,3.147,3.0,0.143,aligned,V3,10,false,-1.25
2026-03-14,serie-a,2025-2026,Napoli vs Lecce,8.5,under,synthetic_b365_1x2,3.275,0.3054,0.688,0.4681,2.137,0.1627,1.5,MEDIUM,5.405,1.904,7.309,5.07,2.167,0.0099,aligned,V3,14,false,-1.5
2026-03-15,serie-a,2025-2026,Como vs Roma,8.5,under,synthetic_b365_1x2,2.722,0.3673,0.9377,0.6293,1.589,0.2619,2.0,MAX,2.233,2.675,4.909,1.724,2.974,0.0429,aligned,V3,8,true,3.444
2026-03-21,bundesliga,2025-2026,Bayern Munich vs Union Berlin,9.5,under,synthetic_b365_1x2,2.626,0.3808,0.7106,0.5465,1.83,0.1658,1.0,MEDIUM,5.562,2.487,8.049,5.099,1.484,0.1821,divergent,V3,13,false,-1.0
2026-03-22,serie-a,2025-2026,Como vs Pisa,8.5,under,synthetic_b365_1x2,3.51,0.2849,0.8093,0.524,1.908,0.2391,2.0,HIGH,4.251,2.097,6.348,3.959,1.82,0.0895,aligned,V3,8,true,5.02
2026-04-03,ligue-1,2025-2026,Paris SG vs Toulouse,8.5,under,synthetic_b365_1x2,3.541,0.2824,0.6102,0.439,2.278,0.1566,0.5,MEDIUM,5.276,2.597,7.874,4.114,2.539,0.1551,divergent,V3,7,true,1.2705
2026-04-05,serie-a,2025-2026,Inter vs Roma,8.5,under,synthetic_b365_1x2,2.986,0.3349,0.8668,0.5603,1.785,0.2253,2.0,HIGH,3.683,2.121,5.804,3.62,2.037,0.0253,aligned,V3,11,false,-2.0
2026-04-10,serie-a,2025-2026,Roma vs Pisa,8.5,under,synthetic_b365_1x2,3.319,0.3013,0.76,0.4989,2.004,0.1977,1.5,MEDIUM,4.667,2.092,6.759,5.234,1.822,0.0441,aligned,V3,4,true,3.4785
2026-04-11,bundesliga,2025-2026,RB Leipzig vs M'gladbach,8.5,under,synthetic_b365_1x2,3.187,0.3138,0.7648,0.5012,1.995,0.1875,1.0,MEDIUM,4.129,2.59,6.72,3.581,1.989,0.1711,divergent,V3,15,false,-1.0
2026-04-12,serie-a,2025-2026,Como vs Inter,8.5,under,synthetic_b365_1x2,2.674,0.374,0.8683,0.5614,1.781,0.1874,1.5,MEDIUM,2.363,3.425,5.788,2.455,3.57,0.0408,aligned,V3,2,true,2.511
2026-04-17,serie-a,2025-2026,Sassuolo vs Como,8.5,under,synthetic_b365_1x2,2.755,0.363,0.8312,0.5366,1.864,0.1737,1.5,MEDIUM,2.528,3.624,6.152,1.82,3.67,0.1076,aligned,V3,13,false,-1.5
2026-04-17,serie-a,2025-2026,Inter vs Cagliari,8.5,under,synthetic_b365_1x2,3.51,0.2849,0.6494,0.4532,2.206,0.1684,1.5,MEDIUM,5.976,1.615,7.591,4.256,1.486,0.2437,divergent,V3,13,false,-1.5
2026-04-18,serie-a,2025-2026,Napoli vs Lazio,8.5,under,synthetic_b365_1x2,3.01,0.3322,0.7401,0.4899,2.041,0.1576,0.75,MEDIUM,4.703,2.212,6.915,7.093,2.473,0.3834,conflict,V3,12,false,-0.75
2026-05-02,serie-a,2025-2026,Como vs Napoli,8.5,under,synthetic_b365_1x2,2.697,0.3708,0.8699,0.5625,1.778,0.1918,1.5,MEDIUM,2.712,3.06,5.771,3.202,3.768,0.2076,divergent,V3,5,true,2.5455
2026-05-03,serie-a,2025-2026,Juventus vs Verona,8.5,under,synthetic_b365_1x2,3.589,0.2786,0.6513,0.4539,2.203,0.1753,1.5,MEDIUM,4.702,2.875,7.578,2.405,4.053,0.1477,aligned,V3,15,false,-1.5
2026-05-10,serie-a,2025-2026,Verona vs Como,8.5,under,synthetic_b365_1x2,2.79,0.3584,0.8295,0.5356,1.867,0.1773,1.5,MEDIUM,2.249,3.918,6.167,2.696,3.351,0.0194,aligned,V3,14,false,-1.5
2026-05-17,serie-a,2025-2026,Como vs Parma,8.5,under,synthetic_b365_1x2,3.405,0.2937,0.6797,0.4648,2.152,0.1711,1.5,MEDIUM,4.901,2.469,7.37,6.243,2.776,0.2237,divergent,V3,17,false,-1.5
2026-05-17,serie-a,2025-2026,Genoa vs Milan,8.5,under,synthetic_b365_1x2,2.676,0.3738,0.8213,0.5307,1.884,0.157,0.75,MEDIUM,2.989,3.253,6.242,2.471,1.842,0.309,conflict,V3,8,true,1.257
