captured_at,source_endpoint,event_id,kickoff_at,bookmaker,tour,tournament,player1,player2,market_name,recognized_most_aces,odds_count,sample_labels
2026-08-29T18:40:17Z,odds/multi,74150446,2026-08-30T15:00:00Z,BetMGM,WTA,US Open,Renata Zarazua,Polina Iatcenko,ML,no,1,
2026-08-29T18:40:17Z,odds/multi,74150446,2026-08-30T15:00:00Z,BetMGM,WTA,US Open,Renata Zarazua,Polina Iatcenko,Spread,no,2, | 
2026-08-29T18:40:17Z,odds/multi,74124708,2026-08-30T15:00:00Z,BetMGM,ATP,US Open,Yibing Wu,Adam Walton,ML,no,1,
2026-08-29T18:40:17Z,odds/multi,74124708,2026-08-30T15:00:00Z,BetMGM,ATP,US Open,Yibing Wu,Adam Walton,Spread,no,3, |  | 
2026-08-29T18:40:17Z,odds/multi,74124720,2026-08-30T15:00:00Z,BetMGM,ATP,US Open,Jiri Lehecka,Pablo Carreno Busta,ML,no,1,
2026-08-29T18:40:17Z,odds/multi,74124720,2026-08-30T15:00:00Z,BetMGM,ATP,US Open,Jiri Lehecka,Pablo Carreno Busta,Spread,no,3, |  | 
2026-08-29T18:40:17Z,odds/multi,74124744,2026-08-30T15:00:00Z,BetMGM,ATP,US Open,Kamil Majchrzak,Hamad Medjedovic,ML,no,1,
2026-08-29T18:40:17Z,odds/multi,74124744,2026-08-30T15:00:00Z,BetMGM,ATP,US Open,Kamil Majchrzak,Hamad Medjedovic,Spread,no,2, | 
2026-08-29T18:40:17Z,odds/multi,74124870,2026-08-30T15:00:00Z,BetMGM,WTA,US Open,Jasmine Paolini,Veronika Erjavec,ML,no,1,
2026-08-29T18:40:17Z,odds/multi,74124870,2026-08-30T15:00:00Z,BetMGM,WTA,US Open,Jasmine Paolini,Veronika Erjavec,Spread,no,3, |  | 
2026-08-29T18:40:17Z,odds/multi,73853074,2026-08-29T20:00:00Z,BetMGM,ATP,Winston Salem,Arthur Fery,Ignacio Buse,ML,no,1,
2026-08-29T18:40:17Z,odds/multi,73853074,2026-08-29T20:00:00Z,BetMGM,ATP,Winston Salem,Arthur Fery,Ignacio Buse,Spread,no,4, |  |  | 
2026-08-29T18:40:17Z,odds/multi,73863008,2026-08-29T23:30:00Z,BetMGM,WTA,Monterrey,Diane Parry,Elise Mertens,ML,no,1,
2026-08-29T18:40:17Z,odds/multi,73863008,2026-08-29T23:30:00Z,BetMGM,WTA,Monterrey,Diane Parry,Elise Mertens,Spread,no,5, |  |  |  | 
2026-08-29T18:40:17Z,odds/multi,74124738,2026-08-30T15:00:00Z,BetMGM,ATP,US Open,Daniel Merida,Marton Fucsovics,ML,no,1,
2026-08-29T18:40:17Z,odds/multi,74124738,2026-08-30T15:00:00Z,BetMGM,ATP,US Open,Daniel Merida,Marton Fucsovics,Spread,no,3, |  | 
2026-08-29T18:40:17Z,odds/multi,74124748,2026-08-30T15:00:00Z,BetMGM,ATP,US Open,Sho Shimabukuro,Arthur Rinderknech,ML,no,1,
2026-08-29T18:40:17Z,odds/multi,74124748,2026-08-30T15:00:00Z,BetMGM,ATP,US Open,Sho Shimabukuro,Arthur Rinderknech,Spread,no,3, |  | 
2026-08-29T18:40:17Z,odds/multi,74124878,2026-08-30T16:00:00Z,BetMGM,WTA,US Open,Jessica Pegula,Elena-Gabriela Ruse,ML,no,1,
2026-08-29T18:40:17Z,odds/multi,74124878,2026-08-30T16:00:00Z,BetMGM,WTA,US Open,Jessica Pegula,Elena-Gabriela Ruse,Spread,no,3, |  | 
2026-08-29T18:40:17Z,odds/multi,74124722,2026-08-30T16:10:00Z,BetMGM,ATP,US Open,Luca Van Assche,Cameron Norrie,ML,no,1,
2026-08-29T18:40:17Z,odds/multi,74124722,2026-08-30T16:10:00Z,BetMGM,ATP,US Open,Luca Van Assche,Cameron Norrie,Spread,no,3, |  | 
2026-08-29T18:40:17Z,odds/multi,74150440,2026-08-30T16:40:00Z,BetMGM,WTA,US Open,Lucrezia Stefanini,Dayana Yastremska,ML,no,1,
2026-08-29T18:40:17Z,odds/multi,74150440,2026-08-30T16:40:00Z,BetMGM,WTA,US Open,Lucrezia Stefanini,Dayana Yastremska,Spread,no,3, |  | 
2026-08-29T18:40:17Z,odds/multi,74150442,2026-08-30T16:40:00Z,BetMGM,WTA,US Open,Elvina Kalieva,Lanlana Tararudee,ML,no,1,
2026-08-29T18:40:17Z,odds/multi,74150442,2026-08-30T16:40:00Z,BetMGM,WTA,US Open,Elvina Kalieva,Lanlana Tararudee,Spread,no,3, |  | 
2026-08-29T18:40:17Z,odds/multi,74150340,2026-08-30T16:40:00Z,BetMGM,ATP,US Open,Lloyd Harris,Jack Kennedy,ML,no,1,
2026-08-29T18:40:17Z,odds/multi,74150340,2026-08-30T16:40:00Z,BetMGM,ATP,US Open,Lloyd Harris,Jack Kennedy,Spread,no,3, |  | 
2026-08-29T18:40:17Z,odds/multi,74124872,2026-08-30T16:10:00Z,BetMGM,WTA,US Open,Shuai Zhang,Leylah Fernandez,ML,no,1,
2026-08-29T18:40:17Z,odds/multi,74124872,2026-08-30T16:10:00Z,BetMGM,WTA,US Open,Shuai Zhang,Leylah Fernandez,Spread,no,3, |  | 
2026-08-29T18:40:17Z,odds/multi,74150338,2026-08-30T16:10:00Z,BetMGM,ATP,US Open,Coleman Wong,Tommy Paul,ML,no,1,
2026-08-29T18:40:17Z,odds/multi,74150338,2026-08-30T16:10:00Z,BetMGM,ATP,US Open,Coleman Wong,Tommy Paul,Spread,no,3, |  | 
2026-08-29T18:40:17Z,odds/multi,74124860,2026-08-30T16:10:00Z,BetMGM,WTA,US Open,Emiliana Arango,Xinyu Wang,ML,no,1,
2026-08-29T18:40:17Z,odds/multi,74124860,2026-08-30T16:10:00Z,BetMGM,WTA,US Open,Emiliana Arango,Xinyu Wang,Spread,no,3, |  | 
2026-08-29T18:40:17Z,odds/multi,74124882,2026-08-30T15:00:00Z,BetMGM,WTA,US Open,Talia Gibson,Donna Vekic,ML,no,1,
2026-08-29T18:40:17Z,odds/multi,74124882,2026-08-30T15:00:00Z,BetMGM,WTA,US Open,Talia Gibson,Donna Vekic,Spread,no,3, |  | 
2026-08-29T18:40:17Z,odds/multi,74124900,2026-08-30T15:00:00Z,BetMGM,WTA,US Open,Kamilla Rakhimova,Barbora Krejcikova,ML,no,1,
2026-08-29T18:40:17Z,odds/multi,74124900,2026-08-30T15:00:00Z,BetMGM,WTA,US Open,Kamilla Rakhimova,Barbora Krejcikova,Spread,no,3, |  | 
2026-08-29T18:40:17Z,odds/multi,74150444,2026-08-30T16:40:00Z,BetMGM,WTA,US Open,Marta Kostyuk,Storm Hunter,ML,no,1,
2026-08-29T18:40:17Z,odds/multi,74150444,2026-08-30T16:40:00Z,BetMGM,WTA,US Open,Marta Kostyuk,Storm Hunter,Spread,no,3, |  | 
2026-08-29T18:40:17Z,odds/multi,74124714,2026-08-30T17:20:00Z,BetMGM,ATP,US Open,Thiago Agustin Tirante,Adrian Mannarino,ML,no,1,
2026-08-29T18:40:17Z,odds/multi,74124714,2026-08-30T17:20:00Z,BetMGM,ATP,US Open,Thiago Agustin Tirante,Adrian Mannarino,Spread,no,3, |  | 
2026-08-29T18:40:17Z,odds/multi,74124724,2026-08-30T17:50:00Z,BetMGM,ATP,US Open,Miomir Kecmanovic,Denis Shapovalov,ML,no,1,
2026-08-29T18:40:17Z,odds/multi,74124724,2026-08-30T17:50:00Z,BetMGM,ATP,US Open,Miomir Kecmanovic,Denis Shapovalov,Spread,no,2, | 
2026-08-29T18:40:17Z,odds/multi,74124886,2026-08-30T17:50:00Z,BetMGM,WTA,US Open,McCartney Kessler,Ekaterina Alexandrova,ML,no,1,
2026-08-29T18:40:17Z,odds/multi,74124886,2026-08-30T17:50:00Z,BetMGM,WTA,US Open,McCartney Kessler,Ekaterina Alexandrova,Spread,no,3, |  | 
2026-08-29T18:40:17Z,odds/multi,74150342,2026-08-30T16:40:00Z,BetMGM,ATP,US Open,Toby Samuel,Tomas Machac,ML,no,1,
2026-08-29T18:40:17Z,odds/multi,74150342,2026-08-30T16:40:00Z,BetMGM,ATP,US Open,Toby Samuel,Tomas Machac,Spread,no,2, | 
2026-08-29T18:40:17Z,odds/multi,74150348,2026-08-30T17:50:00Z,BetMGM,ATP,US Open,Aleksandar Vukic,Rei Sakamoto,ML,no,1,
2026-08-29T18:40:17Z,odds/multi,74150348,2026-08-30T17:50:00Z,BetMGM,ATP,US Open,Aleksandar Vukic,Rei Sakamoto,Spread,no,3, |  | 
2026-08-29T18:40:17Z,odds/multi,74124750,2026-08-30T16:40:00Z,BetMGM,ATP,US Open,Jaume Munar,Terence Atmane,ML,no,1,
2026-08-29T18:40:17Z,odds/multi,74124750,2026-08-30T16:40:00Z,BetMGM,ATP,US Open,Jaume Munar,Terence Atmane,Spread,no,3, |  | 
2026-08-29T18:40:17Z,odds/multi,74124706,2026-08-30T17:20:00Z,BetMGM,ATP,US Open,Jaime Faria,Jenson Brooksby,ML,no,1,
2026-08-29T18:40:17Z,odds/multi,74124706,2026-08-30T17:20:00Z,BetMGM,ATP,US Open,Jaime Faria,Jenson Brooksby,Spread,no,2, | 
2026-08-29T18:40:17Z,odds/multi,74124854,2026-08-30T17:50:00Z,BetMGM,WTA,US Open,Carol Young Suh Lee,Katie Boulter,ML,no,1,
2026-08-29T18:40:17Z,odds/multi,74124854,2026-08-30T17:50:00Z,BetMGM,WTA,US Open,Carol Young Suh Lee,Katie Boulter,Spread,no,2, | 
2026-08-29T18:40:17Z,odds/multi,74150350,2026-08-30T17:10:00Z,BetMGM,ATP,US Open,Daniil Medvedev,Hugo Gaston,ML,no,1,
2026-08-29T18:40:17Z,odds/multi,74150350,2026-08-30T17:10:00Z,BetMGM,ATP,US Open,Daniil Medvedev,Hugo Gaston,Spread,no,3, |  | 
2026-08-29T18:40:17Z,odds/multi,74124864,2026-08-30T23:00:00Z,BetMGM,WTA,US Open,Elina Svitolina,Solana Sierra,ML,no,1,
2026-08-29T18:40:17Z,odds/multi,74124864,2026-08-30T23:00:00Z,BetMGM,WTA,US Open,Elina Svitolina,Solana Sierra,Spread,no,3, |  | 
2026-08-29T18:40:17Z,odds/multi,74124894,2026-08-30T18:20:00Z,BetMGM,WTA,US Open,Hanne Vandewinkel,Karolina Pliskova,ML,no,1,
2026-08-29T18:40:17Z,odds/multi,74124894,2026-08-30T18:20:00Z,BetMGM,WTA,US Open,Hanne Vandewinkel,Karolina Pliskova,Spread,no,3, |  | 
2026-08-29T18:40:17Z,odds/multi,74150344,2026-08-30T19:00:00Z,BetMGM,ATP,US Open,Martin Landaluce,Jacob Fearnley,ML,no,1,
2026-08-29T18:40:17Z,odds/multi,74150344,2026-08-30T19:00:00Z,BetMGM,ATP,US Open,Martin Landaluce,Jacob Fearnley,Spread,no,3, |  | 
2026-08-29T18:40:17Z,odds/multi,74124734,2026-08-30T19:00:00Z,BetMGM,ATP,US Open,Tomas Martin Etcheverry,Vit Kopriva,ML,no,1,
2026-08-29T18:40:17Z,odds/multi,74124734,2026-08-30T19:00:00Z,BetMGM,ATP,US Open,Tomas Martin Etcheverry,Vit Kopriva,Spread,no,3, |  | 
2026-08-29T18:40:17Z,odds/multi,74124856,2026-08-30T21:00:00Z,BetMGM,WTA,US Open,Emma Navarro,Lois Boisson,ML,no,1,
2026-08-29T18:40:17Z,odds/multi,74124856,2026-08-30T21:00:00Z,BetMGM,WTA,US Open,Emma Navarro,Lois Boisson,Spread,no,3, |  | 
2026-08-29T18:40:17Z,odds/multi,74124888,2026-08-30T19:30:00Z,BetMGM,WTA,US Open,Kimberly Birrell,Petra Marcinko,ML,no,1,
2026-08-29T18:40:17Z,odds/multi,74124888,2026-08-30T19:30:00Z,BetMGM,WTA,US Open,Kimberly Birrell,Petra Marcinko,Spread,no,3, |  | 
2026-08-29T18:40:17Z,odds/multi,74124896,2026-08-30T19:30:00Z,BetMGM,WTA,US Open,Taylah Preston,Alycia Parks,ML,no,1,
2026-08-29T18:40:17Z,odds/multi,74124896,2026-08-30T19:30:00Z,BetMGM,WTA,US Open,Taylah Preston,Alycia Parks,Spread,no,3, |  | 
2026-08-29T18:40:17Z,odds/multi,74150346,2026-08-30T21:00:00Z,BetMGM,ATP,US Open,Alex Michelsen,Federico Cina,ML,no,1,
2026-08-29T18:40:17Z,odds/multi,74150346,2026-08-30T21:00:00Z,BetMGM,ATP,US Open,Alex Michelsen,Federico Cina,Spread,no,3, |  | 
2026-08-29T18:40:17Z,odds/multi,74124752,2026-08-30T19:00:00Z,BetMGM,ATP,US Open,Sebastian Gorzny,Raphael Collignon,ML,no,1,
2026-08-29T18:40:17Z,odds/multi,74124752,2026-08-30T19:00:00Z,BetMGM,ATP,US Open,Sebastian Gorzny,Raphael Collignon,Spread,no,3, |  | 
2026-08-29T18:40:17Z,odds/multi,74124730,2026-08-30T23:00:00Z,BetMGM,ATP,US Open,Mariano Navone,Novak Djokovic,ML,no,1,
2026-08-29T18:40:17Z,odds/multi,74124730,2026-08-30T23:00:00Z,BetMGM,ATP,US Open,Mariano Navone,Novak Djokovic,Spread,no,3, |  | 
2026-08-29T18:40:17Z,odds/multi,74124760,2026-08-31T15:00:00Z,BetMGM,ATP,US Open,Camilo Ugo Carabelli,Jan-Lennard Struff,ML,no,1,
2026-08-29T18:40:17Z,odds/multi,74124760,2026-08-31T15:00:00Z,BetMGM,ATP,US Open,Camilo Ugo Carabelli,Jan-Lennard Struff,Spread,no,3, |  | 
2026-08-29T18:40:17Z,odds/multi,74124790,2026-08-31T15:00:00Z,BetMGM,ATP,US Open,Dane Sweeny,Corentin Moutet,ML,no,1,
2026-08-29T18:40:17Z,odds/multi,74124790,2026-08-31T15:00:00Z,BetMGM,ATP,US Open,Dane Sweeny,Corentin Moutet,Spread,no,3, |  | 
2026-08-29T18:40:17Z,odds/multi,74124796,2026-08-31T15:00:00Z,BetMGM,ATP,US Open,Alexander Zverev,Lorenzo Sonego,ML,no,1,
2026-08-29T18:40:17Z,odds/multi,74124796,2026-08-31T15:00:00Z,BetMGM,ATP,US Open,Alexander Zverev,Lorenzo Sonego,Spread,no,3, |  | 
2026-08-29T18:40:17Z,odds/multi,74124808,2026-08-31T15:00:00Z,BetMGM,WTA,US Open,Thea Frodin,Elena Rybakina,ML,no,1,
2026-08-29T18:40:17Z,odds/multi,74124808,2026-08-31T15:00:00Z,BetMGM,WTA,US Open,Thea Frodin,Elena Rybakina,Spread,no,3, |  | 
2026-08-29T18:40:17Z,odds/multi,74124758,2026-08-31T15:00:00Z,BetMGM,ATP,US Open,Filip Misolic,Francisco Cerundolo,ML,no,1,
2026-08-29T18:40:17Z,odds/multi,74124758,2026-08-31T15:00:00Z,BetMGM,ATP,US Open,Filip Misolic,Francisco Cerundolo,Spread,no,3, |  | 
2026-08-29T18:40:17Z,odds/multi,74124762,2026-08-31T15:00:00Z,BetMGM,ATP,US Open,Taylor Fritz,Darwin Blanch,ML,no,1,
2026-08-29T18:40:17Z,odds/multi,74124762,2026-08-31T15:00:00Z,BetMGM,ATP,US Open,Taylor Fritz,Darwin Blanch,Spread,no,3, |  | 
2026-08-29T18:40:17Z,odds/multi,74124788,2026-08-31T15:00:00Z,BetMGM,ATP,US Open,Arthur Fery,Lorenzo Musetti,ML,no,1,
2026-08-29T18:40:17Z,odds/multi,74124788,2026-08-31T15:00:00Z,BetMGM,ATP,US Open,Arthur Fery,Lorenzo Musetti,Spread,no,3, |  | 
2026-08-29T18:40:17Z,odds/multi,74124810,2026-08-31T15:00:00Z,BetMGM,WTA,US Open,Darja Vidmanova,Jessica Bouzas Maneiro,ML,no,1,
2026-08-29T18:40:17Z,odds/multi,74124810,2026-08-31T15:00:00Z,BetMGM,WTA,US Open,Darja Vidmanova,Jessica Bouzas Maneiro,Spread,no,3, |  | 
2026-08-29T18:40:17Z,odds/multi,74124876,2026-08-31T00:40:00Z,BetMGM,WTA,US Open,Venus Williams,Sofia Kenin,ML,no,1,
2026-08-29T18:40:17Z,odds/multi,74124876,2026-08-31T00:40:00Z,BetMGM,WTA,US Open,Venus Williams,Sofia Kenin,Spread,no,3, |  | 
2026-08-29T18:40:17Z,odds/multi,74124812,2026-08-31T15:00:00Z,BetMGM,WTA,US Open,Yuliia Starodubtseva,Ella Seidel,ML,no,1,
2026-08-29T18:40:17Z,odds/multi,74124812,2026-08-31T15:00:00Z,BetMGM,WTA,US Open,Yuliia Starodubtseva,Ella Seidel,Spread,no,3, |  | 
2026-08-29T18:40:17Z,odds/multi,74124874,2026-08-31T15:00:00Z,BetMGM,WTA,US Open,Mananchaya Sawangkaew,Panna Udvardy,ML,no,1,
2026-08-29T18:40:17Z,odds/multi,74124874,2026-08-31T15:00:00Z,BetMGM,WTA,US Open,Mananchaya Sawangkaew,Panna Udvardy,Spread,no,3, |  | 
2026-08-29T18:40:17Z,odds/multi,74150418,2026-08-31T15:00:00Z,BetMGM,WTA,US Open,Maria Sakkari,Robin Montgomery,ML,no,1,
2026-08-29T18:40:17Z,odds/multi,74150418,2026-08-31T15:00:00Z,BetMGM,WTA,US Open,Maria Sakkari,Robin Montgomery,Spread,no,3, |  | 
2026-08-29T18:40:17Z,odds/multi,74150422,2026-08-31T15:00:00Z,BetMGM,WTA,US Open,Qinwen Zheng,Kristina Liutova,ML,no,1,
2026-08-29T18:40:17Z,odds/multi,74150422,2026-08-31T15:00:00Z,BetMGM,WTA,US Open,Qinwen Zheng,Kristina Liutova,Spread,no,3, |  | 
2026-08-29T18:40:17Z,odds/multi,74150424,2026-08-31T15:00:00Z,BetMGM,WTA,US Open,Lucie Havlickova,Anna Bondar,ML,no,1,
2026-08-29T18:40:17Z,odds/multi,74150424,2026-08-31T15:00:00Z,BetMGM,WTA,US Open,Lucie Havlickova,Anna Bondar,Spread,no,3, |  | 
2026-08-29T18:40:17Z,odds/multi,74124814,2026-08-31T15:00:00Z,BetMGM,WTA,US Open,Kaitlin Quevedo,Elise Mertens,ML,no,1,
2026-08-29T18:40:17Z,odds/multi,74124820,2026-08-31T15:00:00Z,BetMGM,WTA,US Open,Yulia Putintseva,Belinda Bencic,ML,no,1,
2026-08-29T18:40:17Z,odds/multi,74124820,2026-08-31T15:00:00Z,BetMGM,WTA,US Open,Yulia Putintseva,Belinda Bencic,Spread,no,3, |  | 
2026-08-29T18:40:17Z,odds/multi,74124822,2026-08-31T15:00:00Z,BetMGM,WTA,US Open,Madison Keys,Alina Korneeva,ML,no,1,
2026-08-29T18:40:17Z,odds/multi,74124822,2026-08-31T15:00:00Z,BetMGM,WTA,US Open,Madison Keys,Alina Korneeva,Spread,no,3, |  | 
2026-08-29T18:40:17Z,odds/multi,74124824,2026-08-31T15:00:00Z,BetMGM,WTA,US Open,Elsa Jacquemot,Marie Bouzkova,ML,no,1,
2026-08-29T18:40:17Z,odds/multi,74124824,2026-08-31T15:00:00Z,BetMGM,WTA,US Open,Elsa Jacquemot,Marie Bouzkova,Spread,no,3, |  | 
2026-08-29T18:40:17Z,odds/multi,74150426,2026-08-31T15:00:00Z,BetMGM,WTA,US Open,Harriet Dart,Peyton Stearns,ML,no,1,
2026-08-29T18:40:17Z,odds/multi,74150426,2026-08-31T15:00:00Z,BetMGM,WTA,US Open,Harriet Dart,Peyton Stearns,Spread,no,3, |  | 
2026-08-29T18:40:17Z,odds/multi,74150432,2026-08-31T15:00:00Z,BetMGM,WTA,US Open,Magda Linette,Francesca Jones,ML,no,1,
2026-08-29T18:40:17Z,odds/multi,74150432,2026-08-31T15:00:00Z,BetMGM,WTA,US Open,Magda Linette,Francesca Jones,Spread,no,3, |  | 
2026-08-29T18:40:17Z,odds/multi,74150434,2026-08-31T15:00:00Z,BetMGM,WTA,US Open,Arantxa Rus,Leolia Jeanjean,ML,no,1,
2026-08-29T18:40:17Z,odds/multi,74150434,2026-08-31T15:00:00Z,BetMGM,WTA,US Open,Arantxa Rus,Leolia Jeanjean,Spread,no,3, |  | 
2026-08-29T18:40:17Z,odds/multi,74150436,2026-08-31T15:00:00Z,BetMGM,WTA,US Open,Gabriela Knutson,Eva Lys,ML,no,1,
2026-08-29T18:40:17Z,odds/multi,74150436,2026-08-31T15:00:00Z,BetMGM,WTA,US Open,Gabriela Knutson,Eva Lys,Spread,no,3, |  | 
2026-08-29T18:40:17Z,odds/multi,74150362,2026-08-31T15:00:00Z,BetMGM,ATP,US Open,Andrea Guerrieri,Alex de Minaur,ML,no,1,
2026-08-29T18:40:17Z,odds/multi,74150362,2026-08-31T15:00:00Z,BetMGM,ATP,US Open,Andrea Guerrieri,Alex de Minaur,Spread,no,3, |  | 
2026-08-29T18:40:17Z,odds/multi,74124718,2026-08-31T15:00:00Z,BetMGM,ATP,US Open,Stefanos Tsitsipas,Arthur Fils,ML,no,1,
2026-08-29T18:40:17Z,odds/multi,74124718,2026-08-31T15:00:00Z,BetMGM,ATP,US Open,Stefanos Tsitsipas,Arthur Fils,Spread,no,3, |  | 
2026-08-29T18:40:17Z,odds/multi,74150352,2026-08-31T15:00:00Z,BetMGM,ATP,US Open,Nishesh Basavareddy,Tristan Schoolkate,ML,no,1,
2026-08-29T18:40:17Z,odds/multi,74150352,2026-08-31T15:00:00Z,BetMGM,ATP,US Open,Nishesh Basavareddy,Tristan Schoolkate,Spread,no,3, |  | 
2026-08-29T18:40:17Z,odds/multi,74150356,2026-08-31T15:00:00Z,BetMGM,ATP,US Open,Mattia Bellucci,Zsombor Piros,ML,no,1,
2026-08-29T18:40:17Z,odds/multi,74150356,2026-08-31T15:00:00Z,BetMGM,ATP,US Open,Mattia Bellucci,Zsombor Piros,Spread,no,3, |  | 
2026-08-29T18:40:17Z,odds/multi,74150428,2026-08-31T15:00:00Z,BetMGM,WTA,US Open,Anhelina Kalinina,Himeno Sakatsume,ML,no,1,
2026-08-29T18:40:17Z,odds/multi,74150428,2026-08-31T15:00:00Z,BetMGM,WTA,US Open,Anhelina Kalinina,Himeno Sakatsume,Spread,no,3, |  | 
2026-08-29T18:40:17Z,odds/multi,74150430,2026-08-31T15:00:00Z,BetMGM,WTA,US Open,Mary Stoiana,Alexandra Eala,ML,no,1,
2026-08-29T18:40:17Z,odds/multi,74150430,2026-08-31T15:00:00Z,BetMGM,WTA,US Open,Mary Stoiana,Alexandra Eala,Spread,no,3, |  | 
2026-08-29T18:40:17Z,odds/multi,74150364,2026-08-31T15:00:00Z,BetMGM,ATP,US Open,Jesper De Jong,Francesco Passaro,ML,no,1,
2026-08-29T18:40:17Z,odds/multi,74150364,2026-08-31T15:00:00Z,BetMGM,ATP,US Open,Jesper De Jong,Francesco Passaro,Spread,no,3, |  | 
2026-08-29T18:40:17Z,odds/multi,74124736,2026-08-31T15:00:00Z,BetMGM,ATP,US Open,Marin Cilic,Andrey Rublev,ML,no,1,
2026-08-29T18:40:17Z,odds/multi,74124736,2026-08-31T15:00:00Z,BetMGM,ATP,US Open,Marin Cilic,Andrey Rublev,Spread,no,3, |  | 
2026-08-29T18:40:17Z,odds/multi,74124768,2026-08-31T15:00:00Z,BetMGM,ATP,US Open,Marcos Giron,Ignacio Buse,ML,no,1,
2026-08-29T18:40:17Z,odds/multi,74124768,2026-08-31T15:00:00Z,BetMGM,ATP,US Open,Marcos Giron,Ignacio Buse,Spread,no,3, |  | 
2026-08-29T18:40:17Z,odds/multi,74124776,2026-08-31T15:00:00Z,BetMGM,ATP,US Open,Jan Choinski,Botic Van de Zandschulp,ML,no,1,
2026-08-29T18:40:17Z,odds/multi,74124776,2026-08-31T15:00:00Z,BetMGM,ATP,US Open,Jan Choinski,Botic Van de Zandschulp,Spread,no,3, |  | 
2026-08-29T18:40:17Z,odds/multi,74124778,2026-08-31T15:00:00Z,BetMGM,ATP,US Open,Zizou Bergs,Carlos Taberner,ML,no,1,
2026-08-29T18:40:17Z,odds/multi,74124778,2026-08-31T15:00:00Z,BetMGM,ATP,US Open,Zizou Bergs,Carlos Taberner,Spread,no,3, |  | 
2026-08-29T18:40:17Z,odds/multi,74124782,2026-08-31T15:00:00Z,BetMGM,ATP,US Open,Zachary Svajda,Daniel Altmaier,ML,no,1,
2026-08-29T18:40:17Z,odds/multi,74124782,2026-08-31T15:00:00Z,BetMGM,ATP,US Open,Zachary Svajda,Daniel Altmaier,Spread,no,3, |  | 
2026-08-29T18:40:17Z,odds/multi,74124746,2026-08-31T15:00:00Z,BetMGM,ATP,US Open,Valentin Vacherot,Aleksandar Kovacevic,ML,no,1,
2026-08-29T18:40:17Z,odds/multi,74124746,2026-08-31T15:00:00Z,BetMGM,ATP,US Open,Valentin Vacherot,Aleksandar Kovacevic,Spread,no,3, |  | 
2026-08-29T18:40:17Z,odds/multi,74124754,2026-08-31T15:00:00Z,BetMGM,ATP,US Open,Francisco Comesana,Flavio Cobolli,ML,no,1,
2026-08-29T18:40:17Z,odds/multi,74124754,2026-08-31T15:00:00Z,BetMGM,ATP,US Open,Francisco Comesana,Flavio Cobolli,Spread,no,3, |  | 
2026-08-29T18:40:17Z,odds/multi,74124766,2026-08-31T15:00:00Z,BetMGM,ATP,US Open,Adolfo Daniel Vallejo,Gael Monfils,ML,no,1,
2026-08-29T18:40:17Z,odds/multi,74124766,2026-08-31T15:00:00Z,BetMGM,ATP,US Open,Adolfo Daniel Vallejo,Gael Monfils,Spread,no,3, |  | 
2026-08-29T18:40:17Z,odds/multi,74124770,2026-08-31T15:00:00Z,BetMGM,ATP,US Open,Alex Molcan,Benjamin Bonzi,ML,no,1,
2026-08-29T18:40:17Z,odds/multi,74124770,2026-08-31T15:00:00Z,BetMGM,ATP,US Open,Alex Molcan,Benjamin Bonzi,Spread,no,3, |  | 
2026-08-29T18:40:17Z,odds/multi,74124780,2026-08-31T15:00:00Z,BetMGM,ATP,US Open,Juan Manuel Cerundolo,Casper Ruud,ML,no,1,
2026-08-29T18:40:17Z,odds/multi,74124780,2026-08-31T15:00:00Z,BetMGM,ATP,US Open,Juan Manuel Cerundolo,Casper Ruud,Spread,no,3, |  | 
2026-08-29T18:40:17Z,odds/multi,74124848,2026-08-31T15:00:00Z,BetMGM,WTA,US Open,Nikola Bartunkova,Mayar Sherif Ahmed Abdelaziz,ML,no,1,
2026-08-29T18:40:17Z,odds/multi,74124848,2026-08-31T15:00:00Z,BetMGM,WTA,US Open,Nikola Bartunkova,Mayar Sherif Ahmed Abdelaziz,Spread,no,3, |  | 
2026-08-29T18:40:17Z,odds/multi,74124786,2026-08-31T15:00:00Z,BetMGM,ATP,US Open,Rafael Jodar,Thanasi Kokkinakis,ML,no,1,
2026-08-29T18:40:17Z,odds/multi,74124786,2026-08-31T15:00:00Z,BetMGM,ATP,US Open,Rafael Jodar,Thanasi Kokkinakis,Spread,no,3, |  | 
2026-08-29T18:40:17Z,odds/multi,74124832,2026-08-31T15:00:00Z,BetMGM,WTA,US Open,Daria Kasatkina,Paula Badosa,ML,no,1,
2026-08-29T18:40:17Z,odds/multi,74124832,2026-08-31T15:00:00Z,BetMGM,WTA,US Open,Daria Kasatkina,Paula Badosa,Spread,no,2, | 
2026-08-29T18:40:17Z,odds/multi,74124834,2026-08-31T15:00:00Z,BetMGM,WTA,US Open,Sara Bejlek,Cristina Bucsa,ML,no,1,
2026-08-29T18:40:17Z,odds/multi,74124834,2026-08-31T15:00:00Z,BetMGM,WTA,US Open,Sara Bejlek,Cristina Bucsa,Spread,no,3, |  | 
2026-08-29T18:40:17Z,odds/multi,74124838,2026-08-31T15:00:00Z,BetMGM,WTA,US Open,Iva Jovic,Magdalena Frech,ML,no,1,
2026-08-29T18:40:17Z,odds/multi,74124838,2026-08-31T15:00:00Z,BetMGM,WTA,US Open,Iva Jovic,Magdalena Frech,Spread,no,3, |  | 
2026-08-29T18:40:17Z,odds/multi,74124842,2026-08-31T15:00:00Z,BetMGM,WTA,US Open,Lilli Tagger,Tamara Korpatsch,ML,no,1,
2026-08-29T18:40:17Z,odds/multi,74124842,2026-08-31T15:00:00Z,BetMGM,WTA,US Open,Lilli Tagger,Tamara Korpatsch,Spread,no,3, |  | 
2026-08-29T18:40:17Z,odds/multi,74124844,2026-08-31T15:00:00Z,BetMGM,WTA,US Open,Anastasia Potapova,Tereza Valentova,ML,no,1,
2026-08-29T18:40:17Z,odds/multi,74124844,2026-08-31T15:00:00Z,BetMGM,WTA,US Open,Anastasia Potapova,Tereza Valentova,Spread,no,3, |  | 
2026-08-29T18:40:17Z,odds/multi,74124846,2026-08-31T15:00:00Z,BetMGM,WTA,US Open,Tatjana Maria,Jelena Ostapenko,ML,no,1,
2026-08-29T18:40:17Z,odds/multi,74124846,2026-08-31T15:00:00Z,BetMGM,WTA,US Open,Tatjana Maria,Jelena Ostapenko,Spread,no,3, |  | 
2026-08-29T18:40:17Z,odds/multi,74124830,2026-08-31T15:00:00Z,BetMGM,WTA,US Open,Zeynep Sonmez,Coco Gauff,ML,no,1,
2026-08-29T18:40:17Z,odds/multi,74124830,2026-08-31T15:00:00Z,BetMGM,WTA,US Open,Zeynep Sonmez,Coco Gauff,Spread,no,3, |  | 
2026-08-29T18:40:17Z,odds/multi,74124836,2026-08-31T15:00:00Z,BetMGM,WTA,US Open,Oleksandra Oliynykova,Reese Brantmeier,ML,no,1,
2026-08-29T18:40:17Z,odds/multi,74124836,2026-08-31T15:00:00Z,BetMGM,WTA,US Open,Oleksandra Oliynykova,Reese Brantmeier,Spread,no,3, |  | 
2026-08-29T18:40:17Z,odds/multi,74124850,2026-08-31T15:00:00Z,BetMGM,WTA,US Open,Mirra Andreeva,Janice Tjen,ML,no,1,
2026-08-29T18:40:17Z,odds/multi,74124850,2026-08-31T15:00:00Z,BetMGM,WTA,US Open,Mirra Andreeva,Janice Tjen,Spread,no,3, |  | 
2026-08-29T18:40:17Z,odds/multi,74124852,2026-08-31T15:00:00Z,BetMGM,WTA,US Open,Sinja Kraus,Karolina Muchova,ML,no,1,
2026-08-29T18:40:17Z,odds/multi,74124852,2026-08-31T15:00:00Z,BetMGM,WTA,US Open,Sinja Kraus,Karolina Muchova,Spread,no,3, |  | 
2026-08-29T18:40:17Z,odds/multi,74124904,2026-08-31T15:30:00Z,BetMGM,WTA,US Open,Aryna Sabalenka,Camila Osorio,ML,no,1,
2026-08-29T18:40:17Z,odds/multi,74124904,2026-08-31T15:30:00Z,BetMGM,WTA,US Open,Aryna Sabalenka,Camila Osorio,Spread,no,3, |  | 
2026-08-29T18:40:17Z,odds/multi,74124826,2026-08-31T16:10:00Z,BetMGM,WTA,US Open,Nadia Podoroska,Simona Waltert,ML,no,1,
2026-08-29T18:40:17Z,odds/multi,74124826,2026-08-31T16:10:00Z,BetMGM,WTA,US Open,Nadia Podoroska,Simona Waltert,Spread,no,3, |  | 
2026-08-29T18:40:17Z,odds/multi,74124726,2026-08-31T16:10:00Z,BetMGM,ATP,US Open,Damir Dzumhur,Hubert Hurkacz,ML,no,1,
2026-08-29T18:40:17Z,odds/multi,74124726,2026-08-31T16:10:00Z,BetMGM,ATP,US Open,Damir Dzumhur,Hubert Hurkacz,Spread,no,3, |  | 
2026-08-29T18:40:17Z,odds/multi,74124784,2026-08-31T16:10:00Z,BetMGM,ATP,US Open,Fabian Marozsan,Michael Zheng,ML,no,1,
2026-08-29T18:40:17Z,odds/multi,74124784,2026-08-31T16:10:00Z,BetMGM,ATP,US Open,Fabian Marozsan,Michael Zheng,Spread,no,3, |  | 
2026-08-29T18:40:17Z,odds/multi,74150358,2026-08-31T16:10:00Z,BetMGM,ATP,US Open,Jurij Rodionov,Giovanni Mpetshi Perricard,ML,no,1,
2026-08-29T18:40:17Z,odds/multi,74150358,2026-08-31T16:10:00Z,BetMGM,ATP,US Open,Jurij Rodionov,Giovanni Mpetshi Perricard,Spread,no,3, |  | 
2026-08-29T18:40:17Z,odds/multi,74124858,2026-08-31T16:10:00Z,BetMGM,WTA,US Open,Anna Blinkova,Anna Kalinskaya,ML,no,1,
2026-08-29T18:40:17Z,odds/multi,74124858,2026-08-31T16:10:00Z,BetMGM,WTA,US Open,Anna Blinkova,Anna Kalinskaya,Spread,no,3, |  | 
2026-08-29T18:40:17Z,odds/multi,74124740,2026-08-31T16:10:00Z,BetMGM,ATP,US Open,Brandon Nakashima,Sebastian Baez,ML,no,1,
2026-08-29T18:40:17Z,odds/multi,74124740,2026-08-31T16:10:00Z,BetMGM,ATP,US Open,Brandon Nakashima,Sebastian Baez,Spread,no,3, |  | 
2026-08-29T18:40:17Z,odds/multi,74124898,2026-08-31T16:10:00Z,BetMGM,WTA,US Open,Maja Chwalinska,Taylor Townsend,ML,no,1,
2026-08-29T18:40:17Z,odds/multi,74124898,2026-08-31T16:10:00Z,BetMGM,WTA,US Open,Maja Chwalinska,Taylor Townsend,Spread,no,3, |  | 
2026-08-29T18:40:17Z,odds/multi,74124902,2026-08-31T16:10:00Z,BetMGM,WTA,US Open,Aoi Ito,Oksana Selekhmeteva,ML,no,1,
2026-08-29T18:40:17Z,odds/multi,74124902,2026-08-31T16:10:00Z,BetMGM,WTA,US Open,Aoi Ito,Oksana Selekhmeteva,Spread,no,3, |  | 
2026-08-29T18:40:17Z,odds/multi,74124710,2026-08-31T17:00:00Z,BetMGM,ATP,US Open,Matteo Arnaldi,James Duckworth,ML,no,1,
2026-08-29T18:40:17Z,odds/multi,74124892,2026-08-31T16:40:00Z,BetMGM,WTA,US Open,Daria Snigur,Diana Shnaider,ML,no,1,
2026-08-29T18:40:17Z,odds/multi,74124892,2026-08-31T16:40:00Z,BetMGM,WTA,US Open,Daria Snigur,Diana Shnaider,Spread,no,3, |  | 
2026-08-29T18:40:17Z,odds/multi,74124704,2026-08-31T16:40:00Z,BetMGM,ATP,US Open,Roman Safiullin,Carlos Alcaraz,ML,no,1,
2026-08-29T18:40:17Z,odds/multi,74124704,2026-08-31T16:40:00Z,BetMGM,ATP,US Open,Roman Safiullin,Carlos Alcaraz,Spread,no,3, |  | 
2026-08-29T18:40:17Z,odds/multi,74124840,2026-08-31T16:40:00Z,BetMGM,WTA,US Open,Ashlyn Krueger,Amanda Anisimova,ML,no,1,
2026-08-29T18:40:17Z,odds/multi,74124840,2026-08-31T16:40:00Z,BetMGM,WTA,US Open,Ashlyn Krueger,Amanda Anisimova,Spread,no,3, |  | 
2026-08-29T18:40:17Z,odds/multi,74150420,2026-08-31T17:00:00Z,BetMGM,WTA,US Open,Tamara Zidansek,Maria Timofeeva,ML,no,1,
2026-08-29T18:40:17Z,odds/multi,74150420,2026-08-31T17:00:00Z,BetMGM,WTA,US Open,Tamara Zidansek,Maria Timofeeva,Spread,no,3, |  | 
2026-08-29T18:40:17Z,odds/multi,74150366,2026-08-31T17:20:00Z,BetMGM,ATP,US Open,Dalibor Svrcina,Valentin Royer,ML,no,1,
2026-08-29T18:40:17Z,odds/multi,74150366,2026-08-31T17:20:00Z,BetMGM,ATP,US Open,Dalibor Svrcina,Valentin Royer,Spread,no,3, |  | 
2026-08-29T18:40:17Z,odds/multi,74150368,2026-08-31T17:20:00Z,BetMGM,ATP,US Open,Luciano Darderi,Harry Wendelken,ML,no,1,
2026-08-29T18:40:17Z,odds/multi,74150368,2026-08-31T17:20:00Z,BetMGM,ATP,US Open,Luciano Darderi,Harry Wendelken,Spread,no,3, |  | 
2026-08-29T18:40:17Z,odds/multi,74124732,2026-08-31T17:20:00Z,BetMGM,ATP,US Open,Matteo Berrettini,Stan Wawrinka,ML,no,1,
2026-08-29T18:40:17Z,odds/multi,74124732,2026-08-31T17:20:00Z,BetMGM,ATP,US Open,Matteo Berrettini,Stan Wawrinka,Spread,no,3, |  | 
2026-08-29T18:40:17Z,odds/multi,74124868,2026-08-31T19:00:00Z,BetMGM,WTA,US Open,Viktorija Golubic,Diane Parry,ML,no,1,
2026-08-29T18:40:17Z,odds/multi,74150360,2026-08-31T19:00:00Z,BetMGM,ATP,US Open,Jakub Mensik,Shintaro Mochizuki,ML,no,1,
2026-08-29T18:40:17Z,odds/multi,74150360,2026-08-31T19:00:00Z,BetMGM,ATP,US Open,Jakub Mensik,Shintaro Mochizuki,Spread,no,3, |  | 
2026-08-29T18:40:17Z,odds/multi,74124792,2026-08-31T17:50:00Z,BetMGM,ATP,US Open,Yannick Hanfmann,Alejandro Tabilo,ML,no,1,
2026-08-29T18:40:17Z,odds/multi,74124792,2026-08-31T17:50:00Z,BetMGM,ATP,US Open,Yannick Hanfmann,Alejandro Tabilo,Spread,no,2, | 
2026-08-29T18:40:17Z,odds/multi,74124884,2026-08-31T18:00:00Z,BetMGM,WTA,US Open,Ann Li,Antonia Ruzic,ML,no,1,
2026-08-29T18:40:17Z,odds/multi,74124884,2026-08-31T18:00:00Z,BetMGM,WTA,US Open,Ann Li,Antonia Ruzic,Spread,no,3, |  | 
2026-08-29T18:40:17Z,odds/multi,74124890,2026-08-31T18:00:00Z,BetMGM,WTA,US Open,Sloane Stephens,Clara Tauson,ML,no,1,
2026-08-29T18:40:17Z,odds/multi,74124890,2026-08-31T18:00:00Z,BetMGM,WTA,US Open,Sloane Stephens,Clara Tauson,Spread,no,3, |  | 
2026-08-29T18:40:17Z,odds/multi,74124756,2026-08-31T17:20:00Z,BetMGM,ATP,US Open,Juncheng Shang,Marco Trungelliti,ML,no,1,
2026-08-29T18:40:17Z,odds/multi,74124756,2026-08-31T17:20:00Z,BetMGM,ATP,US Open,Juncheng Shang,Marco Trungelliti,Spread,no,3, |  | 
2026-08-29T18:40:17Z,odds/multi,74124880,2026-08-31T18:30:00Z,BetMGM,WTA,US Open,Katie Volynets,Linda Noskova,ML,no,1,
2026-08-29T18:40:17Z,odds/multi,74124880,2026-08-31T18:30:00Z,BetMGM,WTA,US Open,Katie Volynets,Linda Noskova,Spread,no,3, |  | 
2026-08-29T18:40:17Z,odds/multi,74124866,2026-08-31T18:40:00Z,BetMGM,WTA,US Open,Julia Grabher,Sorana Cirstea,ML,no,1,
2026-08-29T18:40:17Z,odds/multi,74124866,2026-08-31T18:40:00Z,BetMGM,WTA,US Open,Julia Grabher,Sorana Cirstea,Spread,no,3, |  | 
2026-08-29T18:40:17Z,odds/multi,74124794,2026-08-31T19:00:00Z,BetMGM,ATP,US Open,Quentin Halys,Facundo Diaz Acosta,ML,no,1,
2026-08-29T18:40:17Z,odds/multi,74124794,2026-08-31T19:00:00Z,BetMGM,ATP,US Open,Quentin Halys,Facundo Diaz Acosta,Spread,no,3, |  | 
2026-08-29T18:40:17Z,odds/multi,74124764,2026-08-31T20:30:00Z,BetMGM,ATP,US Open,Nuno Borges,Learner Tien,ML,no,1,
2026-08-29T18:40:17Z,odds/multi,74124764,2026-08-31T20:30:00Z,BetMGM,ATP,US Open,Nuno Borges,Learner Tien,Spread,no,3, |  | 
2026-08-29T18:40:17Z,odds/multi,74124862,2026-08-31T21:00:00Z,BetMGM,WTA,US Open,Maya Joint,Liudmila Samsonova,ML,no,1,
2026-08-29T18:40:17Z,odds/multi,74124862,2026-08-31T21:00:00Z,BetMGM,WTA,US Open,Maya Joint,Liudmila Samsonova,Spread,no,3, |  | 
2026-08-29T18:40:17Z,odds/multi,74124828,2026-08-31T23:00:00Z,BetMGM,WTA,US Open,Iga Swiatek,Xiyu Wang,ML,no,1,
2026-08-29T18:40:17Z,odds/multi,74124828,2026-08-31T23:00:00Z,BetMGM,WTA,US Open,Iga Swiatek,Xiyu Wang,Spread,no,3, |  | 
2026-08-29T18:40:17Z,odds/multi,74124728,2026-08-31T23:00:00Z,BetMGM,ATP,US Open,Ben Shelton,Tallon Griekspoor,ML,no,1,
2026-08-29T18:40:17Z,odds/multi,74124728,2026-08-31T23:00:00Z,BetMGM,ATP,US Open,Ben Shelton,Tallon Griekspoor,Spread,no,3, |  | 
2026-08-29T18:40:17Z,odds/multi,74124772,2026-08-31T19:40:00Z,BetMGM,ATP,US Open,Roman Andres Burruchaga,Karen Khachanov,ML,no,1,
2026-08-29T18:40:17Z,odds/multi,74124772,2026-08-31T19:40:00Z,BetMGM,ATP,US Open,Roman Andres Burruchaga,Karen Khachanov,Spread,no,3, |  | 
2026-08-29T18:40:17Z,odds/multi,74124774,2026-08-31T21:00:00Z,BetMGM,ATP,US Open,Felix Auger-Aliassime,Rinky Hijikata,ML,no,1,
2026-08-29T18:40:17Z,odds/multi,74124774,2026-08-31T21:00:00Z,BetMGM,ATP,US Open,Felix Auger-Aliassime,Rinky Hijikata,Spread,no,3, |  | 
2026-08-29T18:40:17Z,odds/multi,74150370,2026-08-31T19:10:00Z,BetMGM,ATP,US Open,Grigor Dimitrov,Alexei Popyrin,ML,no,1,
2026-08-29T18:40:17Z,odds/multi,74150370,2026-08-31T19:10:00Z,BetMGM,ATP,US Open,Grigor Dimitrov,Alexei Popyrin,Spread,no,3, |  | 
2026-08-29T18:40:17Z,odds/multi,74124816,2026-08-31T19:30:00Z,BetMGM,WTA,US Open,Elisabetta Cocciaretto,Katerina Siniakova,ML,no,1,
2026-08-29T18:40:17Z,odds/multi,74124816,2026-08-31T19:30:00Z,BetMGM,WTA,US Open,Elisabetta Cocciaretto,Katerina Siniakova,Spread,no,3, |  | 
2026-08-29T18:40:17Z,odds,73853074,2026-08-29T20:00:00Z,BetMGM,ATP,Winston Salem,Arthur Fery,Ignacio Buse,ML,no,1,
2026-08-29T18:40:17Z,odds,73853074,2026-08-29T20:00:00Z,BetMGM,ATP,Winston Salem,Arthur Fery,Ignacio Buse,Spread,no,4, |  |  | 
2026-08-29T18:40:17Z,odds,74124708,2026-08-30T15:00:00Z,BetMGM,ATP,US Open,Yibing Wu,Adam Walton,ML,no,1,
2026-08-29T18:40:17Z,odds,74124708,2026-08-30T15:00:00Z,BetMGM,ATP,US Open,Yibing Wu,Adam Walton,Spread,no,3, |  | 
2026-08-29T18:40:17Z,odds,74124720,2026-08-30T15:00:00Z,BetMGM,ATP,US Open,Jiri Lehecka,Pablo Carreno Busta,ML,no,1,
2026-08-29T18:40:17Z,odds,74124720,2026-08-30T15:00:00Z,BetMGM,ATP,US Open,Jiri Lehecka,Pablo Carreno Busta,Spread,no,3, |  | 
2026-08-29T18:40:17Z,odds,74124738,2026-08-30T15:00:00Z,BetMGM,ATP,US Open,Daniel Merida,Marton Fucsovics,ML,no,1,
2026-08-29T18:40:17Z,odds,74124738,2026-08-30T15:00:00Z,BetMGM,ATP,US Open,Daniel Merida,Marton Fucsovics,Spread,no,3, |  | 
