compared_at,captured_at,match_date,kickoff,bookmaker,competition,home_team,away_team,is_home,player_id,player_name,canonical_player_name,player_team,opponent,position,position_group,odds_decimal,implied_prob,model_p_atgs,model_fair_odds_atgs,model_lambda,team_expected_npxg,team_share,non_pen_lambda,penalty_lambda,penalty_dependency_share,penalty_dependent,penalty_share,baseline_penalty_share,baseline_penalty_sample,baseline_penalty_source,career_player_penalties,career_team_penalties,career_penalty_share,penalty_evidence_share,penalty_evidence_sample,penalty_evidence_source,penalty_evidence_note,is_penalty_taker,penalty_role,penalty_share_prior,penalty_share_prior_weight,penalty_hierarchy_boost_xg,penalty_transfer,penalty_transfer_from,penalty_transfer_level,lineup_state,lineup_status,lineup_source,lineup_input,lineup_match_name,trust_tier,fixture_corruption_score,fixture_corruption_flags,minutes_estimate,usual_position,usual_position_score,usual_position_share_10,usual_position_matches_10,today_position_group,today_position_score,today_formation,position_change_score,position_upgrade,expected_minutes,recent_matches_8,recent_npxg_8,recent_np_goals_8,recent_npxg_per90_8,finishing_luck_8,last_fixture_avg_xga_3,next_opponent_xga,fixture_swing_3,attack_factor,opp_factor,ev,edge_pct,method,resolver_source,historical_minutes,signal_confidence,legacy_public_action,public_action,public_policy_reason,recommended_stake_units,recommended_stake_band,recommended_stake_label,shadow_action,confidence_reason,team_lineup_status,source,notes
2026-04-13T19:15:26Z,2026-04-10T16:31:43Z,2026-04-10,,Bet365,France - Ligue 1,Paris FC,AS Monaco,1,13800,Samir Chergui,Samir Chergui,Paris FC,AS Monaco,Sub,Sub,10.0,0.1,0.067071,14.9096,0.0694,1.2532,0.0554,0.0694,0.0,0.0,0,0.0,0.0,0.54,recent_long,0.0,1.0,0.0,0.0,0.0,,,0,none,0.0,0.0,0.0,0,,,unknown,unknown,none,none,,T2,1.0,no_lineup_payload,72.2,DR,1,0.5,8,,,,,0,72.2,8,1.6662,1.0,0.2814,-0.6662,1.4485,1.3,0.8975,0.9589,1.0,-0.32929,-32.929,model,history,977.0,medium,monitor,no_action,,0.0,,,no_action,"history_resolver,no_xi_yet,fixture_t2",,odds_api_io,event_id=61526508;market=Anytime Goalscorer
2026-04-13T19:15:26Z,2026-04-10T16:31:43Z,2026-04-10,,Bet365,France - Ligue 1,Paris FC,AS Monaco,1,7908,Marshall Munetsi,Marshall Munetsi,Paris FC,AS Monaco,AMC,AMC,4.5,0.222222,0.143948,6.9469,0.1554,1.2532,0.124,0.1554,0.0,0.0,0,0.0,0.0,1.01,recent_long,0.0,6.0,0.0,0.0,0.0,,,0,none,0.0,0.0,0.0,0,,,unknown,unknown,none,none,,T2,1.0,no_lineup_payload,72.8,MC,3,0.7143,7,,,,,0,72.8,8,3.2574,4.0,0.4559,0.7426,1.4857,1.3,0.875,0.9589,1.0,-0.352232,-35.223,model,history,4571.0,medium,monitor,no_action,,0.0,,,no_action,"history_resolver,no_xi_yet,fixture_t2",,odds_api_io,event_id=61526508;market=Anytime Goalscorer
2026-04-13T19:15:26Z,2026-04-10T16:31:43Z,2026-04-10,,Bet365,France - Ligue 1,Paris FC,AS Monaco,1,3239,Hamari Traore,Hamari Traore,Paris FC,AS Monaco,Sub,Sub,17.0,0.058824,0.031406,31.8411,0.0319,1.2532,0.0255,0.0319,0.0,0.0,0,0.0,0.0,1.27,recent_long,0.0,2.0,0.0,0.0,0.0,,,0,none,0.0,0.0,0.0,0,,,unknown,unknown,none,none,,T2,1.0,no_lineup_payload,73.1,DR,1,1.0,9,,,,,0,73.1,8,0.021,0.0,0.0033,-0.021,1.6828,1.3,0.7725,0.9589,1.0,-0.466098,-46.61,model,history,895.0,medium,monitor,no_action,,0.0,,,no_action,"history_resolver,no_xi_yet,fixture_t2",,odds_api_io,event_id=61526508;market=Anytime Goalscorer
2026-04-13T19:15:26Z,2026-04-10T16:31:43Z,2026-04-10,,Bet365,France - Ligue 1,Paris FC,AS Monaco,1,13577,Rudy Matondo,Rudy Matondo,Paris FC,AS Monaco,D M S,D M S,8.0,0.125,0.063024,15.867,0.0651,1.2532,0.0519,0.0651,0.0,0.0,0,0.0,0.0,0.0,none,0.0,0.0,0.0,0.0,0.0,,,0,none,0.0,0.0,0.0,0,,,unknown,unknown,none,none,,T2,1.0,no_lineup_payload,43.4,,,0.0,0,,,,,0,43.4,0,0.0,0.0,0.0,0.0,,1.3,,0.9589,1.0,-0.49581,-49.581,fallback,live_roster,0.0,low,suppress,no_action,,0.0,,,no_action,"fallback_method,fixture_t2",,odds_api_io,event_id=61526508;market=Anytime Goalscorer
2026-04-13T19:15:26Z,2026-04-10T16:31:43Z,2026-04-10,,Bet365,France - Ligue 1,Paris FC,AS Monaco,1,5619,Pierre Lees-Melou,Pierre Lees-Melou,Paris FC,AS Monaco,M S,M S,5.5,0.181818,0.082368,12.1407,0.086,1.2532,0.0686,0.086,0.0,0.0,0,0.0,0.0,1.55,recent_long,0.0,7.0,0.0,0.0,0.0,,,0,none,0.0,0.0,0.0,0,,,unknown,unknown,none,none,,T2,1.0,no_lineup_payload,82.9,MC,3,0.7,10,,,,,0,82.9,8,0.4785,1.0,0.0604,0.5215,1.6002,1.3,0.8124,0.9589,1.0,-0.546978,-54.698,model,live_roster,4046.0,medium,monitor,no_action,,0.0,,,no_action,"live_roster_resolver,fixture_t2",,odds_api_io,event_id=61526508;market=Anytime Goalscorer
2026-04-13T19:15:26Z,2026-04-10T16:31:43Z,2026-04-10,,Bet365,France - Ligue 1,Paris FC,AS Monaco,1,9656,Ilan Kebbal,Ilan Kebbal,Paris FC,AS Monaco,Sub,Sub,3.6,0.277778,0.103469,9.6647,0.1092,1.2532,0.0395,0.0495,0.0597,0.5467,1,0.6228,0.9474,1.87,recent_long,3.0,4.0,0.75,0.0,0.0,,,1,primary,0.42,3.0,0.0093,0,,,unknown,unknown,none,none,,T2,1.0,no_lineup_payload,78.4,MR,3,0.7778,9,,,,,0,78.4,8,0.5204,1.0,0.0798,0.4796,1.4827,1.3,0.8768,0.9589,1.0,-0.627511,-62.751,model,history,2003.0,medium,monitor,no_action,,0.0,,,no_action,"history_resolver,no_xi_yet,fixture_t2",,odds_api_io,event_id=61526508;market=Anytime Goalscorer
2026-04-13T19:15:26Z,2026-04-10T16:31:43Z,2026-04-10,,Bet365,France - Ligue 1,Paris FC,AS Monaco,1,13871,Otavio da Silva,Otavio da Silva,Paris FC,AS Monaco,Sub,Sub,13.0,0.076923,0.027043,36.978,0.0274,1.2532,0.0219,0.0274,0.0,0.0,0,0.0,0.0,2.63,recent_long,0.0,5.0,0.0,0.0,0.0,,,0,none,0.0,0.0,0.0,0,,,unknown,unknown,none,none,,T2,1.0,no_lineup_payload,78.3,DC,1,1.0,9,,,,,0,78.3,8,0.0658,0.0,0.0096,-0.0658,1.3858,1.3,0.9381,0.9589,1.0,-0.64844,-64.844,model,history,1732.0,medium,monitor,no_action,,0.0,,,no_action,"history_resolver,no_xi_yet,fixture_t2",,odds_api_io,event_id=61526508;market=Anytime Goalscorer
2026-04-13T19:15:26Z,2026-04-10T16:31:43Z,2026-04-10,,Bet365,France - Ligue 1,Paris FC,AS Monaco,1,1209,Ciro Immobile,Ciro Immobile,Paris FC,AS Monaco,FW,FW,2.375,0.421053,0.14191,7.0467,0.153,1.2532,0.1221,0.153,0.0,0.0,0,0.0,0.0,0.0,none,0.0,0.0,0.0,0.0,0.0,,,0,none,0.0,0.0,0.0,0,,,unknown,unknown,none,none,,T2,1.0,no_lineup_payload,66.8,FW,5,1.0,6,,,,,0,66.8,7,1.064,1.0,0.2024,-0.064,1.4576,1.3,0.8919,0.9589,1.0,-0.662965,-66.297,model,history,473.0,low,suppress,no_action,,0.0,,,no_action,"history_lt_500,fixture_t2",,odds_api_io,event_id=61526508;market=Anytime Goalscorer
2026-04-13T19:15:26Z,2026-04-10T16:31:43Z,2026-04-10,,Bet365,France - Ligue 1,Paris FC,AS Monaco,1,5661,Jonathan Ikone,Jonathan Ikone,Paris FC,AS Monaco,AMR,AMR,4.5,0.222222,0.074232,13.4712,0.0771,1.2532,0.0616,0.0771,0.0,0.0,0,0.0,0.0,2.05,recent_long,0.0,4.0,0.0,0.0,0.0,,,0,none,0.0,0.0,0.0,0,,,unknown,unknown,none,none,,T2,1.0,no_lineup_payload,52.1,FWR,5,0.4286,7,,,,,0,52.1,8,1.6482,1.0,0.3027,-0.6482,1.4857,1.3,0.875,0.9589,1.0,-0.665954,-66.595,model,history,789.0,medium,monitor,no_action,,0.0,,,no_action,"history_resolver,no_xi_yet,fixture_t2",,odds_api_io,event_id=61526508;market=Anytime Goalscorer
2026-04-13T19:15:26Z,2026-04-10T16:31:43Z,2026-04-10,,Bet365,France - Ligue 1,Paris FC,AS Monaco,1,12317,Nhoa Sangui,Nhoa Sangui,Paris FC,AS Monaco,DL,DL,11.0,0.090909,0.027267,36.6749,0.0276,1.2532,0.0221,0.0276,0.0,0.0,0,0.0,0.0,2.02,recent_long,0.0,6.0,0.0,0.0,0.0,,,0,none,0.0,0.0,0.0,0,,,unknown,unknown,none,none,,T2,1.0,no_lineup_payload,72.6,DL,1,0.8889,9,,,,,0,72.6,8,0.4273,0.0,0.0602,-0.4273,1.4857,1.3,0.875,0.9589,1.0,-0.700067,-70.007,model,history,2442.0,medium,monitor,no_action,,0.0,,,no_action,"history_resolver,no_xi_yet,fixture_t2",,odds_api_io,event_id=61526508;market=Anytime Goalscorer
2026-04-13T19:15:26Z,2026-04-10T16:31:43Z,2026-04-10,,Bet365,France - Ligue 1,Paris FC,AS Monaco,1,7169,Moses Simon,Moses Simon,Paris FC,AS Monaco,AML,AML,4.333,0.230787,0.069032,14.4859,0.0715,1.2532,0.054,0.0677,0.0039,0.0539,0,0.0481,0.0481,2.0,recent_long,5.0,11.0,0.4545,0.0,0.0,,,0,none,0.0,0.0,0.0017,0,,,unknown,unknown,none,none,,T2,1.0,no_lineup_payload,65.6,ML,3,0.375,8,,,,,0,65.6,8,0.4364,0.0,0.0808,-0.4364,1.4857,1.3,0.875,0.9589,1.0,-0.700882,-70.088,model,history,6206.0,medium,monitor,no_action,,0.0,,,no_action,"history_resolver,no_xi_yet,fixture_t2",,odds_api_io,event_id=61526508;market=Anytime Goalscorer
2026-04-13T19:15:26Z,2026-04-10T16:31:43Z,2026-04-10,,Bet365,France - Ligue 1,Paris FC,AS Monaco,1,3772,Maxime Lopez,Maxime Lopez,Paris FC,AS Monaco,DMC,DMC,11.0,0.090909,0.0269,37.1741,0.0273,1.2532,0.0218,0.0273,0.0,0.0,0,0.0,0.0,2.24,recent_long,0.0,4.0,0.0,0.0,0.0,,,0,none,0.0,0.0,0.0,0,,,unknown,unknown,none,none,,T2,1.0,no_lineup_payload,80.1,MC,3,0.8889,9,,,,,0,80.1,8,0.0581,0.0,0.0088,-0.0581,1.3524,1.3,0.9612,0.9589,1.0,-0.704095,-70.409,model,history,1766.0,medium,monitor,no_action,,0.0,,,no_action,"history_resolver,no_xi_yet,fixture_t2",,odds_api_io,event_id=61526508;market=Anytime Goalscorer
2026-04-13T19:15:26Z,2026-04-10T16:31:43Z,2026-04-10,,Bet365,France - Ligue 1,Paris FC,AS Monaco,1,10169,Diego Coppola,Diego Coppola,Paris FC,AS Monaco,DC,DC,11.0,0.090909,0.025876,38.6453,0.0262,1.2532,0.0209,0.0262,0.0,0.0,0,0.0,0.0,0.0,none,0.0,0.0,0.0,0.0,0.0,,,0,none,0.0,0.0,0.0,0,,,unknown,unknown,none,none,,T2,1.0,no_lineup_payload,90.0,DC,1,1.0,7,,,,,0,90.0,7,0.23,0.0,0.0329,-0.23,1.4857,1.3,0.875,0.9589,1.0,-0.71536,-71.536,model,history,630.0,medium,monitor,no_action,,0.0,,,no_action,"history_resolver,no_xi_yet,fixture_t2",,odds_api_io,event_id=61526508;market=Anytime Goalscorer
2026-04-13T19:15:26Z,2026-04-10T16:31:43Z,2026-04-10,,Bet365,France - Ligue 1,Paris FC,AS Monaco,1,5762,Pierre-Yves Hamel,Pierre-Yves Hamel,Paris FC,AS Monaco,F S,F S,3.5,0.285714,0.056808,17.6032,0.0585,1.2532,0.0467,0.0585,0.0,0.0,0,0.0,0.0,0.0,none,0.0,0.0,0.0,0.0,0.0,,,0,none,0.0,0.0,0.0,0,,,unknown,unknown,none,none,,T2,1.0,no_lineup_payload,39.0,,,0.0,0,,,,,0,39.0,0,0.0,0.0,0.0,0.0,,1.3,,0.9589,1.0,-0.801172,-80.117,fallback,live_roster,0.0,low,suppress,no_action,,0.0,,,no_action,"fallback_method,fixture_t2",,odds_api_io,event_id=61526508;market=Anytime Goalscorer
2026-04-13T19:15:26Z,2026-04-10T16:31:43Z,2026-04-10,,Bet365,France - Ligue 1,Paris FC,AS Monaco,1,13805,Adama Camara,Adama Camara,Paris FC,AS Monaco,DR,DR,6.0,0.166667,0.030424,32.8685,0.0309,1.2532,0.0247,0.0309,0.0,0.0,0,0.0,0.0,2.3,recent_long,0.0,5.0,0.0,0.0,0.0,,,0,none,0.0,0.0,0.0,0,,,unknown,unknown,none,none,,T2,1.0,no_lineup_payload,84.4,MC,3,0.5,10,,,,,0,84.4,8,0.1207,0.0,0.0166,-0.1207,1.4857,1.3,0.875,0.9589,1.0,-0.817454,-81.745,model,history,1929.0,medium,monitor,no_action,,0.0,,,no_action,"history_resolver,no_xi_yet,fixture_t2",,odds_api_io,event_id=61526508;market=Anytime Goalscorer
2026-04-13T19:15:26Z,2026-04-10T16:31:43Z,2026-04-10,,Bet365,France - Ligue 1,Paris FC,AS Monaco,1,8647,Thibault De Smet,Thibault De Smet,Paris FC,AS Monaco,DL,DL,11.0,0.090909,0.016258,61.5085,0.0164,1.2532,0.0131,0.0164,0.0,0.0,0,0.0,0.0,2.67,recent_long,0.0,7.0,0.0,0.0,0.0,,,0,none,0.0,0.0,0.0,0,,,unknown,unknown,none,none,,T2,1.0,no_lineup_payload,64.4,DL,1,1.0,7,,,,,0,64.4,8,0.0485,0.0,0.009,-0.0485,1.3194,1.3,0.9853,0.9589,1.0,-0.821163,-82.116,model,history,3096.0,medium,monitor,no_action,,0.0,,,no_action,"history_resolver,no_xi_yet,fixture_t2",,odds_api_io,event_id=61526508;market=Anytime Goalscorer
2026-04-13T19:15:26Z,2026-04-10T16:31:43Z,2026-04-10,,Bet365,France - Ligue 1,Paris FC,AS Monaco,1,13801,Alimani Gory,Alimani Gory,Paris FC,AS Monaco,Sub,Sub,4.5,0.222222,0.039048,25.6097,0.0398,1.2532,0.0318,0.0398,0.0,0.0,0,0.0,0.0,1.77,recent_long,0.0,3.0,0.0,0.0,0.0,,,0,none,0.0,0.0,0.0,0,,,unknown,unknown,none,none,,T2,1.0,no_lineup_payload,40.7,ML,3,0.5,6,,,,,0,40.7,8,0.6749,1.0,0.1761,0.3251,1.4766,1.3,0.8804,0.9589,1.0,-0.824285,-82.429,model,history,736.0,medium,monitor,no_action,,0.0,,,no_action,"history_resolver,no_xi_yet,fixture_t2",,odds_api_io,event_id=61526508;market=Anytime Goalscorer
2026-04-13T19:15:26Z,2026-04-10T16:31:43Z,2026-04-10,,Bet365,France - Ligue 1,Paris FC,AS Monaco,1,6332,Willem Geubbels,Willem Geubbels,Paris FC,AS Monaco,Sub,Sub,3.5,0.285714,0.04928,20.2922,0.0505,1.2532,0.0343,0.0429,0.0076,0.1506,0,0.1681,0.2719,3.12,recent_long,1.0,5.0,0.2,0.0,0.0,,,1,tertiary,0.06,3.0,0.0,0,,,unknown,unknown,none,none,,T2,1.0,no_lineup_payload,37.0,FW,5,1.0,3,,,,,0,37.0,8,1.0183,1.0,0.3015,-0.0183,1.3152,1.3,0.9884,0.9589,1.0,-0.82752,-82.752,model,history,796.0,medium,monitor,no_action,,0.0,,,no_action,"history_resolver,no_xi_yet,fixture_t2",,odds_api_io,event_id=61526508;market=Anytime Goalscorer
2026-04-13T19:15:26Z,2026-04-10T16:31:43Z,2026-04-10,,Bet365,France - Ligue 1,Paris FC,AS Monaco,1,5696,Vincent Marchetti,Vincent Marchetti,Paris FC,AS Monaco,Sub,Sub,6.0,0.166667,0.027101,36.8986,0.0275,1.2532,0.0219,0.0275,0.0,0.0,0,0.0,0.0,1.63,recent_long,0.0,3.0,0.0,0.0,0.0,,,0,none,0.0,0.0,0.0,0,,,unknown,unknown,none,none,,T2,1.0,no_lineup_payload,31.1,MC,3,1.0,4,,,,,0,31.1,8,0.1474,0.0,0.0733,-0.1474,1.4545,1.3,0.8938,0.9589,1.0,-0.837392,-83.739,model,history,751.0,medium,monitor,no_action,,0.0,,,no_action,"history_resolver,no_xi_yet,fixture_t2",,odds_api_io,event_id=61526508;market=Anytime Goalscorer
2026-04-13T19:15:26Z,2026-04-10T16:31:43Z,2026-04-10,,Bet365,France - Ligue 1,Paris FC,AS Monaco,1,10620,Luca Koleosho,Luca Koleosho,Paris FC,AS Monaco,Sub,Sub,5.5,0.181818,0.027649,36.1682,0.028,1.2532,0.0224,0.028,0.0,0.0,0,0.0,0.0,0.65,recent_long,0.0,1.0,0.0,0.0,0.0,,,0,none,0.0,0.0,0.0,0,,,unknown,unknown,none,none,,T2,1.0,no_lineup_payload,24.8,AMC,4,1.0,1,,,,,0,24.8,8,0.8807,0.0,0.3811,-0.8807,1.4857,1.3,0.875,0.9589,1.0,-0.847933,-84.793,model,history,255.0,low,suppress,no_action,,0.0,,,no_action,"history_lt_500,fixture_t2",,odds_api_io,event_id=61526508;market=Anytime Goalscorer
2026-04-13T19:15:26Z,2026-04-10T16:31:43Z,2026-04-10,,Bet365,France - Ligue 1,Paris FC,AS Monaco,1,3772,Julien Lopez,Julien Lopez,Paris FC,AS Monaco,DMC,DMC,5.5,0.181818,0.0269,37.1741,0.0273,1.2532,0.0218,0.0273,0.0,0.0,0,0.0,0.0,2.24,recent_long,0.0,4.0,0.0,0.0,0.0,,,0,none,0.0,0.0,0.0,0,,,unknown,unknown,none,none,,T2,1.0,no_lineup_payload,80.1,MC,3,0.8889,9,,,,,0,80.1,8,0.0581,0.0,0.0088,-0.0581,1.3524,1.3,0.9612,0.9589,1.0,-0.852047,-85.205,model,history,1766.0,medium,monitor,no_action,,0.0,,,no_action,"history_resolver,no_xi_yet,fixture_t2",,odds_api_io,event_id=61526508;market=Anytime Goalscorer
2026-04-13T19:15:26Z,2026-04-10T16:31:43Z,2026-04-10,,Bet365,France - Ligue 1,Paris FC,AS Monaco,1,9563,Mamadou Mbow,Mamadou Mbow,Paris FC,AS Monaco,DC,DC,9.0,0.111111,0.015623,64.0101,0.0157,1.2532,0.0126,0.0157,0.0,0.0,0,0.0,0.0,2.04,recent_long,0.0,5.0,0.0,0.0,0.0,,,0,none,0.0,0.0,0.0,0,,,unknown,unknown,none,none,,T2,1.0,no_lineup_payload,84.8,DC,1,1.0,9,,,,,0,84.8,8,0.069,0.0,0.0097,-0.069,1.4857,1.3,0.875,0.9589,1.0,-0.859397,-85.94,model,history,2351.0,medium,monitor,no_action,,0.0,,,no_action,"history_resolver,no_xi_yet,fixture_t2",,odds_api_io,event_id=61526508;market=Anytime Goalscorer
2026-04-13T19:15:26Z,2026-04-10T16:31:43Z,2026-04-10,,Bet365,France - Ligue 1,Paris FC,AS Monaco,1,10270,Lohann Doucet,Lohann Doucet,Paris FC,AS Monaco,Sub,Sub,7.0,0.142857,0.019985,50.0378,0.0202,1.2532,0.0161,0.0202,0.0,0.0,0,0.0,0.0,1.0,recent_long,0.0,1.0,0.0,0.0,0.0,,,0,none,0.0,0.0,0.0,0,,,unknown,unknown,none,none,,T2,1.0,no_lineup_payload,21.7,MC,3,1.0,1,,,,,0,21.7,5,0.6115,1.0,0.4828,0.3885,1.4243,1.3,0.9127,0.9589,1.0,-0.860106,-86.011,model,history,114.0,low,suppress,no_action,,0.0,,,no_action,"history_lt_500,fixture_t2",,odds_api_io,event_id=61526508;market=Anytime Goalscorer
2026-04-13T19:15:26Z,2026-04-10T16:31:43Z,2026-04-10,,Bet365,France - Ligue 1,Paris FC,AS Monaco,1,13805,Lamine Camara,Lamine Camara,Paris FC,AS Monaco,DR,DR,4.5,0.222222,0.030424,32.8685,0.0309,1.2532,0.0247,0.0309,0.0,0.0,0,0.0,0.0,2.3,recent_long,0.0,5.0,0.0,0.0,0.0,,,0,none,0.0,0.0,0.0,0,,,unknown,unknown,none,none,,T2,1.0,no_lineup_payload,84.4,MC,3,0.5,10,,,,,0,84.4,8,0.1207,0.0,0.0166,-0.1207,1.4857,1.3,0.875,0.9589,1.0,-0.863091,-86.309,model,history,1929.0,medium,monitor,no_action,,0.0,,,no_action,"history_resolver,no_xi_yet,fixture_t2",,odds_api_io,event_id=61526508;market=Anytime Goalscorer
2026-04-13T19:15:26Z,2026-04-10T16:31:43Z,2026-04-10,,Bet365,France - Ligue 1,Paris FC,AS Monaco,1,2063,Timothee Kolodziejczak,Timothee Kolodziejczak,Paris FC,AS Monaco,DC,DC,10.0,0.1,0.013138,76.1168,0.0132,1.2532,0.0106,0.0132,0.0,0.0,0,0.0,0.0,1.62,recent_long,0.0,2.0,0.0,0.0,0.0,,,0,none,0.0,0.0,0.0,0,,,unknown,unknown,none,none,,T2,1.0,no_lineup_payload,64.8,DC,1,1.0,6,,,,,0,64.8,8,0.0428,0.0,0.0068,-0.0428,1.3147,1.3,0.9888,0.9589,1.0,-0.868623,-86.862,model,history,660.0,medium,monitor,no_action,,0.0,,,no_action,"history_resolver,no_xi_yet,fixture_t2",,odds_api_io,event_id=61526508;market=Anytime Goalscorer
2026-04-13T19:15:26Z,2026-04-10T16:31:43Z,2026-04-10,,Bet365,France - Ligue 1,Paris FC,AS Monaco,1,8690,Jean-Philippe Krasso,Jean-Philippe Krasso,Paris FC,AS Monaco,Sub,Sub,2.375,0.421053,0.048209,20.7432,0.0494,1.2532,0.0347,0.0435,0.0059,0.1195,0,0.114,0.0526,1.76,recent_long,1.0,4.0,0.25,0.0,0.0,,,1,secondary,0.15,3.0,0.0044,0,,,unknown,unknown,none,none,,T2,1.0,no_lineup_payload,42.4,FW,5,1.0,4,,,,,0,42.4,8,0.885,0.0,0.2918,-0.885,1.4777,1.3,0.8798,0.9589,1.0,-0.885505,-88.55,model,history,1082.0,medium,monitor,no_action,,0.0,,,no_action,"history_resolver,no_xi_yet,fixture_t2",,odds_api_io,event_id=61526508;market=Anytime Goalscorer
2026-04-13T19:15:26Z,2026-04-10T16:31:43Z,2026-04-10,,Bet365,France - Ligue 1,Paris FC,AS Monaco,1,13804,Tuomas Ollila,Tuomas Ollila,Paris FC,AS Monaco,Sub,Sub,7.0,0.142857,0.015881,62.9696,0.016,1.2532,0.0128,0.016,0.0,0.0,0,0.0,0.0,2.56,recent_long,0.0,3.0,0.0,0.0,0.0,,,0,none,0.0,0.0,0.0,0,,,unknown,unknown,none,none,,T2,1.0,no_lineup_payload,31.2,DL,1,1.0,3,,,,,0,31.2,8,0.0558,0.0,0.018,-0.0558,1.1428,1.3,1.1376,0.9589,1.0,-0.888835,-88.884,model,history,294.0,low,suppress,no_action,,0.0,,,no_action,"history_lt_500,fixture_t2",,odds_api_io,event_id=61526508;market=Anytime Goalscorer
2026-04-13T19:15:26Z,2026-04-10T16:31:43Z,2026-04-10,,Bet365,France - Ligue 1,Paris FC,AS Monaco,1,3786,Mathieu Cafaro,Mathieu Cafaro,Paris FC,AS Monaco,Sub,Sub,4.5,0.222222,0.019461,51.3845,0.0197,1.2532,0.0157,0.0197,0.0,0.0,0,0.0,0.0,3.93,recent_long,0.0,6.0,0.0,0.0,0.0,,,0,none,0.0,0.0,0.0,0,,,unknown,unknown,none,none,,T2,1.0,no_lineup_payload,21.1,FWL,5,1.0,1,,,,,0,21.1,8,0.0758,0.0,0.0578,-0.0758,1.3175,1.3,0.9867,0.9589,1.0,-0.912425,-91.242,model,history,861.0,medium,monitor,no_action,,0.0,,,no_action,"history_resolver,no_xi_yet,fixture_t2",,odds_api_io,event_id=61526508;market=Anytime Goalscorer
2026-04-13T19:15:26Z,2026-04-10T16:31:43Z,2026-04-10,,Bet365,France - Ligue 1,Paris FC,AS Monaco,1,13802,Nouha Dicko,Nouha Dicko,Paris FC,AS Monaco,S,S,3.0,0.333333,0.009515,99.0,0.0096,1.2532,0.0076,0.0096,0.0,0.0,0,0.0,0.0,0.0,none,0.0,0.0,0.0,0.0,0.0,,,0,none,0.0,0.0,0.0,0,,,unknown,unknown,none,none,,T2,1.0,no_lineup_payload,6.4,,,0.0,0,,,,,0,6.4,0,0.0,0.0,0.0,0.0,,1.3,,0.9589,1.0,-0.971456,-97.146,fallback,live_roster,0.0,low,suppress,no_action,,0.0,,,no_action,"fallback_method,fixture_t2",,odds_api_io,event_id=61526508;market=Anytime Goalscorer
2026-04-13T19:15:26Z,2026-04-10T16:31:43Z,2026-04-10,,Bet365,France - Ligue 1,Paris FC,AS Monaco,1,14320,Mohamed Benoit-Dao,Mohamed Benoit-Dao,Paris FC,AS Monaco,S,S,3.0,0.333333,0.00747,99.0,0.0075,1.2532,0.006,0.0075,0.0,0.0,0,0.0,0.0,0.0,none,0.0,0.0,0.0,0.0,0.0,,,0,none,0.0,0.0,0.0,0,,,unknown,unknown,none,none,,T2,1.0,no_lineup_payload,5.0,,,0.0,0,,,,,0,5.0,0,0.0,0.0,0.0,0.0,,1.3,,0.9589,1.0,-0.97759,-97.759,fallback,live_roster,0.0,low,suppress,no_action,,0.0,,,no_action,"fallback_method,fixture_t2",,odds_api_io,event_id=61526508;market=Anytime Goalscorer
2026-04-13T19:15:26Z,2026-04-11T16:32:16Z,2026-04-11,,Bet365,France - Ligue 1,AJ Auxerre,FC Nantes,1,10815,Lassine Sinayoko,Lassine Sinayoko,Auxerre,FC Nantes,FW,FW,2.75,0.363636,0.316545,3.1591,0.3806,1.2659,0.2502,0.3168,0.0638,0.1677,0,0.6428,0.9558,2.13,recent_long,5.0,10.0,0.5,0.0,0.0,,,1,primary,0.42,3.0,0.0081,0,,,unknown,unknown,none,none,,T2,1.0,no_lineup_payload,89.4,FW,5,0.7,10,,,,,0,89.4,8,4.9132,1.0,0.6141,-3.9132,1.5442,1.3,0.8419,0.9687,1.0,-0.1295,-12.95,model,history,4587.0,medium,monitor,no_action,,0.0,,,no_action,"history_resolver,no_xi_yet,fixture_t2",,odds_api_io,event_id=61526512;market=Anytime Goalscorer
2026-04-13T19:15:26Z,2026-04-11T18:46:40Z,2026-04-11,,Bet365,France - Ligue 1,Stade Rennais FC,Angers SCO,0,14131,Mohamed Amine Sbai,Mohamed Amine Sbai,Angers,Stade Rennais FC,FW,FW,7.5,0.133333,0.114043,8.7686,0.1211,0.9051,0.1282,0.116,0.005,0.0416,0,0.15,0.0,0.0,none,0.0,0.0,0.0,0.0,0.0,,,1,secondary,0.15,3.0,0.005,0,,,unknown,unknown,none,none,,T2,1.0,no_lineup_payload,78.3,AML,4,0.6667,9,,,,,0,78.3,8,1.1539,1.0,0.1672,-0.1539,1.4881,1.3,0.8736,0.8078,1.0,-0.144678,-14.468,model,history,1480.0,medium,monitor,no_action,,0.0,,,no_action,"history_resolver,no_xi_yet,fixture_t2",,odds_api_io,event_id=61526498;market=Anytime Goalscorer
2026-04-13T19:15:26Z,2026-04-11T18:46:40Z,2026-04-11,,Bet365,France - Ligue 1,Stade Rennais FC,Angers SCO,0,5732,Abdoulaye Bamba,Abdoulaye Bamba,Angers,Stade Rennais FC,Sub,Sub,41.0,0.02439,0.017973,55.6395,0.0181,0.9051,0.02,0.0181,0.0,0.0,0,0.0,0.0,1.71,recent_long,0.0,4.0,0.0,0.0,0.0,,,0,none,0.0,0.0,0.0,0,,,unknown,unknown,none,none,,T2,1.0,no_lineup_payload,70.0,DC,1,1.0,8,,,,,0,70.0,8,0.0699,0.0,0.0115,-0.0699,1.4534,1.3,0.8944,0.8078,1.0,-0.263114,-26.311,model,history,1602.0,medium,monitor,no_action,,0.0,,,no_action,"history_resolver,no_xi_yet,fixture_t2",,odds_api_io,event_id=61526498;market=Anytime Goalscorer
2026-04-13T19:15:26Z,2026-04-11T18:46:40Z,2026-04-11,,Bet365,France - Ligue 1,Stade Rennais FC,Angers SCO,0,13335,Goduine Koyalipou,Goduine Koyalipou,Angers,Stade Rennais FC,FW,FW,4.75,0.210526,0.141142,7.0851,0.1522,0.9051,0.1681,0.1522,0.0,0.0,0,0.0,0.0,1.27,recent_long,0.0,3.0,0.0,0.0,0.0,,,0,none,0.0,0.0,0.0,0,,,unknown,unknown,none,none,,T2,1.0,no_lineup_payload,67.1,FW,5,1.0,9,,,,,0,67.1,8,1.9312,0.0,0.3012,-1.9312,1.5716,1.3,0.8272,0.8078,1.0,-0.329576,-32.958,model,history,1404.0,medium,monitor,no_action,,0.0,,,no_action,"history_resolver,no_xi_yet,fixture_t2",,odds_api_io,event_id=61526498;market=Anytime Goalscorer
2026-04-13T19:15:26Z,2026-04-11T16:32:16Z,2026-04-11,,Bet365,France - Ligue 1,AJ Auxerre,FC Nantes,1,8703,Sinaly Diomande,Sinaly Diomande,Auxerre,FC Nantes,DC,DC,11.0,0.090909,0.058191,17.1848,0.06,1.2659,0.0474,0.06,0.0,0.0,0,0.0,0.0,1.85,recent_long,0.0,8.0,0.0,0.0,0.0,,,0,none,0.0,0.0,0.0,0,,,unknown,unknown,none,none,,T2,1.0,no_lineup_payload,89.8,DC,1,1.0,10,,,,,0,89.8,8,0.4976,0.0,0.0622,-0.4976,1.6383,1.3,0.7935,0.9687,1.0,-0.359899,-35.99,model,history,4435.0,medium,monitor,no_action,,0.0,,,no_action,"history_resolver,no_xi_yet,fixture_t2",,odds_api_io,event_id=61526512;market=Anytime Goalscorer
2026-04-13T19:15:26Z,2026-04-11T16:32:16Z,2026-04-11,,Bet365,France - Ligue 1,AJ Auxerre,FC Nantes,1,14408,Bryan Okoh,Bryan Okoh,Auxerre,FC Nantes,DC,DC,11.0,0.090909,0.054124,18.4759,0.0556,1.2659,0.044,0.0556,0.0,0.0,0,0.0,0.0,0.0,none,0.0,0.0,0.0,0.0,0.0,,,0,none,0.0,0.0,0.0,0,,,unknown,unknown,none,none,,T2,1.0,no_lineup_payload,81.3,DC,1,1.0,7,,,,,0,81.3,8,0.8822,2.0,0.1254,1.1178,1.6383,1.3,0.7935,0.9687,1.0,-0.404631,-40.463,model,history,633.0,medium,monitor,no_action,,0.0,,,no_action,"history_resolver,no_xi_yet,fixture_t2",,odds_api_io,event_id=61526512;market=Anytime Goalscorer
2026-04-13T19:15:26Z,2026-04-11T16:32:16Z,2026-04-11,,Bet365,France - Ligue 1,AJ Auxerre,FC Nantes,1,13888,Danny Namaso,Danny Namaso,Auxerre,FC Nantes,AMC,AMC,3.2,0.3125,0.170162,5.8768,0.1865,1.2659,0.1473,0.1865,0.0,0.0,0,0.0,0.0,1.84,recent_long,0.0,4.0,0.0,0.0,0.0,,,0,none,0.0,0.0,0.0,0,,,unknown,unknown,none,none,,T2,1.0,no_lineup_payload,89.7,FW,5,0.4,10,,,,,0,89.7,8,1.9209,1.0,0.2415,-0.9209,1.6383,1.3,0.7935,0.9687,1.0,-0.455483,-45.548,model,history,2074.0,medium,monitor,no_action,,0.0,,,no_action,"history_resolver,no_xi_yet,fixture_t2",,odds_api_io,event_id=61526512;market=Anytime Goalscorer
2026-04-13T19:15:26Z,2026-04-11T18:46:40Z,2026-04-11,,Bet365,France - Ligue 1,Stade Rennais FC,Angers SCO,0,11494,Justin-Noel Kalumba,Justin-Noel Kalumba,Angers,Stade Rennais FC,FWL,FWL,8.0,0.125,0.065441,15.2809,0.0677,0.9051,0.0748,0.0677,0.0,0.0,0,0.0,0.0,0.0,none,0.0,0.0,0.0,0.0,0.0,,,0,none,0.0,0.0,0.0,0,,,unknown,unknown,none,none,,T2,1.0,no_lineup_payload,57.6,FWL,5,0.6667,3,,,,,0,57.6,4,0.0164,0.0,0.0066,-0.0164,1.6426,1.3,0.7915,0.8078,1.0,-0.476469,-47.647,model,history,224.0,low,suppress,no_action,,0.0,,,no_action,"history_lt_500,fixture_t2",,odds_api_io,event_id=61526498;market=Anytime Goalscorer
2026-04-13T19:15:26Z,2026-04-11T16:32:16Z,2026-04-11,,Bet365,France - Ligue 1,AJ Auxerre,FC Nantes,1,11962,Oussama El Azzouzi,Oussama El Azzouzi,Auxerre,FC Nantes,MC,MC,8.0,0.125,0.065371,15.2972,0.0676,1.2659,0.0534,0.0676,0.0,0.0,0,0.0,0.0,2.87,recent_long,0.0,4.0,0.0,0.0,0.0,,,0,none,0.0,0.0,0.0,0,,,unknown,unknown,none,none,,T2,1.0,no_lineup_payload,77.6,MC,3,0.9,10,,,,,0,77.6,8,0.6847,1.0,0.0967,0.3153,1.1323,1.3,1.1481,0.9687,1.0,-0.477029,-47.703,model,history,821.0,medium,monitor,no_action,,0.0,,,no_action,"history_resolver,no_xi_yet,fixture_t2",,odds_api_io,event_id=61526512;market=Anytime Goalscorer
2026-04-13T19:15:26Z,2026-04-11T16:32:16Z,2026-04-11,,Bet365,France - Ligue 1,AJ Auxerre,FC Nantes,1,7081,Francisco Sierralta,Francisco Sierralta,Auxerre,FC Nantes,DC,DC,11.0,0.090909,0.042785,23.3727,0.0437,1.2659,0.0345,0.0437,0.0,0.0,0,0.0,0.0,1.4,recent_long,0.0,2.0,0.0,0.0,0.0,,,0,none,0.0,0.0,0.0,0,,,unknown,unknown,none,none,,T2,1.0,no_lineup_payload,86.8,DC,1,1.0,9,,,,,0,86.8,8,0.7253,1.0,0.0947,0.2747,1.7651,1.3,0.7365,0.9687,1.0,-0.529366,-52.937,model,history,869.0,medium,monitor,no_action,,0.0,,,no_action,"history_resolver,no_xi_yet,fixture_t2",,odds_api_io,event_id=61526512;market=Anytime Goalscorer
2026-04-13T19:15:26Z,2026-04-11T16:32:16Z,2026-04-11,,Bet365,France - Ligue 1,AJ Auxerre,FC Nantes,1,9092,Marvin Senaya,Marvin Senaya,Auxerre,FC Nantes,Sub,Sub,9.5,0.105263,0.047003,21.2754,0.0481,1.2659,0.038,0.0481,0.0,0.0,0,0.0,0.0,1.03,recent_long,0.0,5.0,0.0,0.0,0.0,,,0,none,0.0,0.0,0.0,0,,,unknown,unknown,none,none,,T2,1.0,no_lineup_payload,70.5,DC,1,0.5714,7,,,,,0,70.5,8,0.5031,1.0,0.092,0.4969,1.483,1.3,0.8766,0.9687,1.0,-0.553476,-55.348,model,history,3872.0,medium,monitor,no_action,,0.0,,,no_action,"history_resolver,no_xi_yet,fixture_t2",,odds_api_io,event_id=61526512;market=Anytime Goalscorer
2026-04-13T19:15:26Z,2026-04-11T18:46:40Z,2026-04-11,,Bet365,France - Ligue 1,Stade Rennais FC,Angers SCO,0,10790,Branco van den Boomen,Branco van den Boomen,Angers,Stade Rennais FC,MC,MC,9.0,0.111111,0.048837,20.4763,0.0501,0.9051,0.0391,0.0353,0.0147,0.294,0,0.42,0.0,0.0,none,0.0,0.0,0.0,0.0,0.0,,,1,primary,0.42,3.0,0.0147,0,,,unknown,unknown,none,none,,T2,1.0,no_lineup_payload,81.6,DMC,2,0.625,8,,,,,0,81.6,8,0.273,0.0,0.0356,-0.273,1.4881,1.3,0.8736,0.8078,1.0,-0.560468,-56.047,model,history,718.0,medium,monitor,no_action,,0.0,,,no_action,"history_resolver,no_xi_yet,fixture_t2",,odds_api_io,event_id=61526498;market=Anytime Goalscorer
2026-04-13T19:15:26Z,2026-04-11T16:32:16Z,2026-04-11,,Bet365,France - Ligue 1,AJ Auxerre,FC Nantes,1,13407,Fredrik Oppegard,Fredrik Oppegard,Auxerre,FC Nantes,AML,AML,7.0,0.142857,0.061857,16.1664,0.0639,1.2659,0.0504,0.0639,0.0,0.0,0,0.0,0.0,2.39,recent_long,0.0,6.0,0.0,0.0,0.0,,,0,none,0.0,0.0,0.0,0,,,unknown,unknown,none,none,,T2,1.0,no_lineup_payload,59.9,DL,1,0.5,8,,,,,0,59.9,8,0.3027,0.0,0.0546,-0.3027,1.6383,1.3,0.7935,0.9687,1.0,-0.567003,-56.7,model,history,1301.0,medium,monitor,no_action,,0.0,,,no_action,"history_resolver,no_xi_yet,fixture_t2",,odds_api_io,event_id=61526512;market=Anytime Goalscorer
2026-04-13T19:15:26Z,2026-04-11T18:46:40Z,2026-04-11,,Bet365,France - Ligue 1,Stade Rennais FC,Angers SCO,0,10517,Yassin Belkhdim,Yassin Belkhdim,Angers,Stade Rennais FC,MC,MC,8.0,0.125,0.051093,19.572,0.0524,0.9051,0.0579,0.0524,0.0,0.0,0,0.0,0.0,0.22,recent_long,0.0,6.0,0.0,0.0,0.0,,,0,none,0.0,0.0,0.0,0,,,unknown,unknown,none,none,,T2,1.0,no_lineup_payload,79.5,AMR,4,0.5,10,,,,,0,79.5,8,0.7683,0.0,0.1119,-0.7683,1.3889,1.3,0.936,0.8078,1.0,-0.591252,-59.125,model,history,3704.0,medium,monitor,no_action,,0.0,,,no_action,"history_resolver,no_xi_yet,fixture_t2",,odds_api_io,event_id=61526498;market=Anytime Goalscorer
2026-04-13T19:15:26Z,2026-04-11T16:32:16Z,2026-04-11,,Bet365,France - Ligue 1,AJ Auxerre,FC Nantes,1,9807,Gideon Mensah,Gideon Mensah,Auxerre,FC Nantes,DL,DL,21.0,0.047619,0.017664,56.6138,0.0178,1.2659,0.0141,0.0178,0.0,0.0,0,0.0,0.0,2.41,recent_long,0.0,10.0,0.0,0.0,0.0,,,0,none,0.0,0.0,0.0,0,,,unknown,unknown,none,none,,T2,1.0,no_lineup_payload,72.6,DL,1,1.0,8,,,,,0,72.6,8,0.0,0.0,0.0,0.0,1.5442,1.3,0.8419,0.9687,1.0,-0.629066,-62.907,model,history,4115.0,medium,monitor,no_action,,0.0,,,no_action,"history_resolver,no_xi_yet,fixture_t2",,odds_api_io,event_id=61526512;market=Anytime Goalscorer
2026-04-13T19:15:26Z,2026-04-11T18:46:40Z,2026-04-11,,Bet365,France - Ligue 1,Stade Rennais FC,Angers SCO,0,7732,Haris Belkebla,Haris Belkebla,Angers,Stade Rennais FC,MC,MC,13.0,0.076923,0.027074,36.9358,0.0274,0.9051,0.0303,0.0274,0.0,0.0,0,0.0,0.0,0.31,recent_long,0.0,4.0,0.0,0.0,0.0,,,0,none,0.0,0.0,0.0,0,,,unknown,unknown,none,none,,T2,1.0,no_lineup_payload,85.2,DMC,2,0.6,10,,,,,0,85.2,8,0.0479,0.0,0.0066,-0.0479,1.4881,1.3,0.8736,0.8078,1.0,-0.648038,-64.804,model,history,4146.0,medium,monitor,no_action,,0.0,,,no_action,"history_resolver,no_xi_yet,fixture_t2",,odds_api_io,event_id=61526498;market=Anytime Goalscorer
2026-04-13T19:15:26Z,2026-04-11T16:32:16Z,2026-04-11,,Bet365,France - Ligue 1,AJ Auxerre,FC Nantes,1,12824,Clement Akpa,Clement Akpa,Auxerre,FC Nantes,Sub,Sub,11.0,0.090909,0.031456,31.7901,0.032,1.2659,0.0252,0.032,0.0,0.0,0,0.0,0.0,2.56,recent_long,0.0,10.0,0.0,0.0,0.0,,,0,none,0.0,0.0,0.0,0,,,unknown,unknown,none,none,,T2,1.0,no_lineup_payload,76.6,DC,1,0.7778,9,,,,,0,76.6,8,0.0436,0.0,0.0066,-0.0436,1.6043,1.3,0.8103,0.9687,1.0,-0.65398,-65.398,model,history,4332.0,medium,monitor,no_action,,0.0,,,no_action,"history_resolver,no_xi_yet,fixture_t2",,odds_api_io,event_id=61526512;market=Anytime Goalscorer
2026-04-13T19:15:26Z,2026-04-11T16:32:16Z,2026-04-11,,Bet365,France - Ligue 1,AJ Auxerre,FC Nantes,1,13793,Lamine Sy,Lamine Sy,Auxerre,FC Nantes,DR,DR,8.5,0.117647,0.039604,25.2497,0.0404,1.2659,0.0319,0.0404,0.0,0.0,0,0.0,0.0,1.4,recent_long,0.0,3.0,0.0,0.0,0.0,,,0,none,0.0,0.0,0.0,0,,,unknown,unknown,none,none,,T2,1.0,no_lineup_payload,75.2,DR,1,1.0,9,,,,,0,75.2,8,0.6832,0.0,0.1069,-0.6832,1.6383,1.3,0.7935,0.9687,1.0,-0.663363,-66.336,model,history,1220.0,medium,monitor,no_action,,0.0,,,no_action,"history_resolver,no_xi_yet,fixture_t2",,odds_api_io,event_id=61526512;market=Anytime Goalscorer
2026-04-13T19:15:26Z,2026-04-11T16:32:16Z,2026-04-11,,Bet365,France - Ligue 1,AJ Auxerre,FC Nantes,1,6420,Romain Faivre,Romain Faivre,Auxerre,FC Nantes,AMR,AMR,4.75,0.210526,0.070494,14.1855,0.0731,1.2659,0.0558,0.0707,0.0024,0.0333,0,0.0455,0.0455,1.91,recent_long,1.0,7.0,0.1429,0.0,0.0,,,0,none,0.0,0.0,0.0011,0,,,unknown,unknown,none,none,,T2,1.0,no_lineup_payload,48.2,FWR,5,0.6,5,,,,,0,48.2,8,0.4151,0.0,0.108,-0.4151,1.6383,1.3,0.7935,0.9687,1.0,-0.665152,-66.515,model,history,2698.0,medium,monitor,no_action,,0.0,,,no_action,"history_resolver,no_xi_yet,fixture_t2",,odds_api_io,event_id=61526512;market=Anytime Goalscorer
2026-04-13T19:15:26Z,2026-04-11T18:46:40Z,2026-04-11,,Bet365,France - Ligue 1,Stade Rennais FC,Angers SCO,0,12851,Emmanuel Biumla,Emmanuel Biumla,Angers,Stade Rennais FC,Sub,Sub,13.0,0.076923,0.024557,40.7221,0.0249,0.9051,0.0275,0.0249,0.0,0.0,0,0.0,0.0,1.08,recent_long,0.0,3.0,0.0,0.0,0.0,,,0,none,0.0,0.0,0.0,0,,,unknown,unknown,none,none,,T2,1.0,no_lineup_payload,65.1,DC,1,1.0,6,,,,,0,65.1,8,0.0,0.0,0.0,0.0,1.6046,1.3,0.8102,0.8078,1.0,-0.680763,-68.076,model,history,1570.0,medium,monitor,no_action,,0.0,,,no_action,"history_resolver,no_xi_yet,fixture_t2",,odds_api_io,event_id=61526498;market=Anytime Goalscorer
2026-04-13T19:15:26Z,2026-04-11T18:46:40Z,2026-04-11,,Bet365,France - Ligue 1,Stade Rennais FC,Angers SCO,0,10295,Louis Mouton,Louis Mouton,Angers,Stade Rennais FC,Sub,Sub,8.0,0.125,0.037093,26.9593,0.0378,0.9051,0.0418,0.0378,0.0,0.0,0,0.0,0.0,0.11,recent_long,0.0,2.0,0.0,0.0,0.0,,,0,none,0.0,0.0,0.0,0,,,unknown,unknown,none,none,,T2,1.0,no_lineup_payload,60.5,AMC,4,0.8571,7,,,,,0,60.5,8,0.5619,0.0,0.1249,-0.5619,1.4881,1.3,0.8736,0.8078,1.0,-0.703256,-70.326,model,history,2810.0,medium,monitor,no_action,,0.0,,,no_action,"history_resolver,no_xi_yet,fixture_t2",,odds_api_io,event_id=61526498;market=Anytime Goalscorer
2026-04-13T19:15:26Z,2026-04-11T18:46:40Z,2026-04-11,,Bet365,France - Ligue 1,Stade Rennais FC,Angers SCO,0,12850,Esteban Lepaul,Esteban Lepaul,Angers,Stade Rennais FC,FW,FW,1.833,0.545554,0.157081,6.3662,0.1709,0.9051,0.1888,0.1709,0.0,0.0,0,0.0,0.0,0.67,recent_long,0.0,3.0,0.0,0.0,0.0,,,0,none,0.0,0.0,0.0,0,,,unknown,unknown,none,none,,T2,1.0,no_lineup_payload,85.9,FW,5,1.0,10,,,,,0,85.9,8,2.909,4.0,0.3703,1.091,1.7525,1.3,0.7418,0.8078,1.0,-0.712071,-71.207,model,history,1638.0,medium,monitor,no_action,,0.0,,,no_action,"history_resolver,no_xi_yet,fixture_t2",,odds_api_io,event_id=61526498;market=Anytime Goalscorer
2026-04-13T19:15:26Z,2026-04-11T18:46:40Z,2026-04-11,,Bet365,France - Ligue 1,Stade Rennais FC,Angers SCO,0,6895,Jordan Lefort,Jordan Lefort,Angers,Stade Rennais FC,DC,DC,17.0,0.058824,0.015954,62.6796,0.0161,0.9051,0.0178,0.0161,0.0,0.0,0,0.0,0.0,0.18,recent_long,0.0,6.0,0.0,0.0,0.0,,,0,none,0.0,0.0,0.0,0,,,unknown,unknown,none,none,,T2,1.0,no_lineup_payload,90.0,DC,1,1.0,10,,,,,0,90.0,8,0.2563,0.0,0.032,-0.2563,1.4881,1.3,0.8736,0.8078,1.0,-0.728779,-72.878,model,history,5580.0,medium,monitor,no_action,,0.0,,,no_action,"history_resolver,no_xi_yet,fixture_t2",,odds_api_io,event_id=61526498;market=Anytime Goalscorer
2026-04-13T19:15:26Z,2026-04-11T18:46:40Z,2026-04-11,,Bet365,France - Ligue 1,Stade Rennais FC,Angers SCO,0,13612,Lanroy Machine,Lanroy Machine,Angers,Stade Rennais FC,FW,FW,6.0,0.166667,0.043286,23.1023,0.0443,0.9051,0.0489,0.0443,0.0,0.0,0,0.0,0.0,0.0,none,0.0,0.0,0.0,0.0,0.0,,,0,none,0.0,0.0,0.0,0,,,unknown,unknown,none,none,,T2,1.0,no_lineup_payload,23.6,FW,5,1.0,2,,,,,0,23.6,8,0.4386,1.0,0.1862,0.5614,1.3889,1.3,0.936,0.8078,1.0,-0.740285,-74.029,model,history,329.0,low,suppress,no_action,,0.0,,,no_action,"history_lt_500,fixture_t2",,odds_api_io,event_id=61526498;market=Anytime Goalscorer
2026-04-13T19:15:26Z,2026-04-11T18:46:40Z,2026-04-11,,Bet365,France - Ligue 1,Stade Rennais FC,Angers SCO,0,11016,Ousmane Camara,Ousmane Camara,Angers,Stade Rennais FC,DC,DC,17.0,0.058824,0.013647,73.2738,0.0137,0.9051,0.0152,0.0137,0.0,0.0,0,0.0,0.0,0.0,none,0.0,0.0,0.0,0.0,0.0,,,0,none,0.0,0.0,0.0,0,,,unknown,unknown,none,none,,T2,1.0,no_lineup_payload,90.0,DC,1,1.0,10,,,,,0,90.0,8,0.1799,0.0,0.0225,-0.1799,1.4881,1.3,0.8736,0.8078,1.0,-0.767994,-76.8,model,history,2570.0,medium,monitor,no_action,,0.0,,,no_action,"history_resolver,no_xi_yet,fixture_t2",,odds_api_io,event_id=61526498;market=Anytime Goalscorer
2026-04-13T19:15:26Z,2026-04-11T16:32:16Z,2026-04-11,,Bet365,France - Ligue 1,AJ Auxerre,FC Nantes,1,13596,Telli Siwe,Telli Siwe,Auxerre,FC Nantes,DC,DC,8.5,0.117647,0.027052,36.9658,0.0274,1.2659,0.0217,0.0274,0.0,0.0,0,0.0,0.0,0.0,none,0.0,0.0,0.0,0.0,0.0,,,0,none,0.0,0.0,0.0,0,,,unknown,unknown,none,none,,T2,1.0,no_lineup_payload,75.8,DC,1,1.0,3,,,,,0,75.8,3,0.0186,0.0,0.0073,-0.0186,1.2663,1.3,1.0266,0.9687,1.0,-0.770058,-77.006,fallback,history,230.0,low,suppress,no_action,,0.0,,,no_action,"fallback_method,fixture_t2",,odds_api_io,event_id=61526512;market=Anytime Goalscorer
2026-04-13T19:15:26Z,2026-04-11T18:46:40Z,2026-04-11,,Bet365,France - Ligue 1,Stade Rennais FC,Angers SCO,0,10243,Jacques Ekomie,Jacques Ekomie,Angers,Stade Rennais FC,DL,DL,13.0,0.076923,0.01763,56.7207,0.0178,0.9051,0.0197,0.0178,0.0,0.0,0,0.0,0.0,0.0,none,0.0,1.0,0.0,0.0,0.0,,,0,none,0.0,0.0,0.0,0,,,unknown,unknown,none,none,,T2,1.0,no_lineup_payload,74.0,DL,1,0.875,8,,,,,0,74.0,8,0.1408,0.0,0.022,-0.1408,1.4693,1.3,0.8848,0.8078,1.0,-0.770807,-77.081,model,history,2442.0,medium,monitor,no_action,,0.0,,,no_action,"history_resolver,no_xi_yet,fixture_t2",,odds_api_io,event_id=61526498;market=Anytime Goalscorer
2026-04-13T19:15:26Z,2026-04-11T16:32:16Z,2026-04-11,,Bet365,France - Ligue 1,AJ Auxerre,FC Nantes,1,10818,Kevin Danois,Kevin Danois,Auxerre,FC Nantes,DMC,DMC,4.75,0.210526,0.046787,21.3736,0.0479,1.2659,0.0379,0.0479,0.0,0.0,0,0.0,0.0,1.97,recent_long,0.0,9.0,0.0,0.0,0.0,,,0,none,0.0,0.0,0.0,0,,,unknown,unknown,none,none,,T2,1.0,no_lineup_payload,89.3,MC,3,0.9,10,,,,,0,89.3,8,0.2252,1.0,0.0282,0.7748,1.6383,1.3,0.7935,0.9687,1.0,-0.777763,-77.776,model,history,3779.0,medium,monitor,no_action,,0.0,,,no_action,"history_resolver,no_xi_yet,fixture_t2",,odds_api_io,event_id=61526512;market=Anytime Goalscorer
2026-04-13T19:15:26Z,2026-04-11T16:32:16Z,2026-04-11,,Bet365,France - Ligue 1,AJ Auxerre,FC Nantes,1,6333,Elisha Owusu,Elisha Owusu,Auxerre,FC Nantes,DMC,DMC,7.0,0.142857,0.030538,32.7465,0.031,1.2659,0.0245,0.031,0.0,0.0,0,0.0,0.0,0.96,recent_long,0.0,6.0,0.0,0.0,0.0,,,0,none,0.0,0.0,0.0,0,,,unknown,unknown,none,none,,T2,1.0,no_lineup_payload,79.3,MC,3,0.8889,9,,,,,0,79.3,8,0.0268,0.0,0.0033,-0.0268,1.6383,1.3,0.7935,0.9687,1.0,-0.786237,-78.624,model,history,4210.0,medium,monitor,no_action,,0.0,,,no_action,"history_resolver,no_xi_yet,fixture_t2",,odds_api_io,event_id=61526512;market=Anytime Goalscorer
2026-04-13T19:15:26Z,2026-04-11T16:32:16Z,2026-04-11,,Bet365,France - Ligue 1,AJ Auxerre,FC Nantes,1,11789,Josue Casimir,Josue Casimir,Auxerre,FC Nantes,Sub,Sub,4.0,0.25,0.040975,24.405,0.0418,1.2659,0.0299,0.0379,0.004,0.0945,0,0.0867,0.0218,2.93,recent_long,1.0,21.0,0.0476,0.0,0.0,,,1,secondary,0.15,3.0,0.0033,0,,,unknown,unknown,none,none,,T2,1.0,no_lineup_payload,41.1,MR,3,0.75,4,,,,,0,41.1,8,0.7641,1.0,0.1786,0.2359,1.6383,1.3,0.7935,0.9687,1.0,-0.836099,-83.61,model,history,5528.0,medium,monitor,no_action,,0.0,,,no_action,"history_resolver,no_xi_yet,fixture_t2",,odds_api_io,event_id=61526512;market=Anytime Goalscorer
2026-04-13T19:15:26Z,2026-04-11T18:46:40Z,2026-04-11,,Bet365,France - Ligue 1,Stade Rennais FC,Angers SCO,0,12848,Florent Hanin,Florent Hanin,Angers,Stade Rennais FC,Sub,Sub,13.0,0.076923,0.012158,82.251,0.0122,0.9051,0.0135,0.0122,0.0,0.0,0,0.0,0.0,0.29,recent_long,0.0,6.0,0.0,0.0,0.0,,,0,none,0.0,0.0,0.0,0,,,unknown,unknown,none,none,,T2,1.0,no_lineup_payload,37.8,DML,2,0.5,4,,,,,0,37.8,8,0.0,0.0,0.0,0.0,1.4881,1.3,0.8736,0.8078,1.0,-0.841947,-84.195,model,history,3471.0,medium,monitor,no_action,,0.0,,,no_action,"history_resolver,no_xi_yet,fixture_t2",,odds_api_io,event_id=61526498;market=Anytime Goalscorer
2026-04-13T19:15:26Z,2026-04-11T18:46:40Z,2026-04-11,,Bet365,France - Ligue 1,Stade Rennais FC,Angers SCO,0,5756,Carlens Arcus,Carlens Arcus,Angers,Stade Rennais FC,DC,DC,13.0,0.076923,0.01164,85.9078,0.0117,0.9051,0.0129,0.0117,0.0,0.0,0,0.0,0.0,0.0,none,0.0,4.0,0.0,0.0,0.0,,,0,none,0.0,0.0,0.0,0,,,unknown,unknown,none,none,,T2,1.0,no_lineup_payload,80.7,DR,1,0.7,10,,,,,0,80.7,8,0.1006,0.0,0.0139,-0.1006,1.5716,1.3,0.8272,0.8078,1.0,-0.848675,-84.867,model,history,4105.0,medium,monitor,no_action,,0.0,,,no_action,"history_resolver,no_xi_yet,fixture_t2",,odds_api_io,event_id=61526498;market=Anytime Goalscorer
2026-04-13T19:15:26Z,2026-04-11T18:46:40Z,2026-04-11,,Bet365,France - Ligue 1,Stade Rennais FC,Angers SCO,0,11294,Lilian Raolisoa,Lilian Raolisoa,Angers,Stade Rennais FC,DR,DR,9.0,0.111111,0.016707,59.8555,0.0168,0.9051,0.0186,0.0168,0.0,0.0,0,0.0,0.0,0.22,recent_long,0.0,4.0,0.0,0.0,0.0,,,0,none,0.0,0.0,0.0,0,,,unknown,unknown,none,none,,T2,1.0,no_lineup_payload,55.2,DR,1,0.3333,6,,,,,0,55.2,8,0.1977,1.0,0.0294,0.8023,1.4881,1.3,0.8736,0.8078,1.0,-0.849638,-84.964,model,history,2760.0,medium,monitor,no_action,,0.0,,,no_action,"history_resolver,no_xi_yet,fixture_t2",,odds_api_io,event_id=61526498;market=Anytime Goalscorer
2026-04-13T19:15:26Z,2026-04-11T18:46:40Z,2026-04-11,,Bet365,France - Ligue 1,Stade Rennais FC,Angers SCO,0,13159,Marius Louer,Marius Louer,Angers,Stade Rennais FC,DC,DC,17.0,0.058824,0.007622,99.0,0.0077,0.9051,0.0085,0.0077,0.0,0.0,0,0.0,0.0,0.0,none,0.0,0.0,0.0,0.0,0.0,,,0,none,0.0,0.0,0.0,0,,,unknown,unknown,none,none,,T2,1.0,no_lineup_payload,41.5,DR,1,0.5,2,,,,,0,41.5,5,0.0,0.0,0.0,0.0,1.3484,1.3,0.9641,0.8078,1.0,-0.870433,-87.043,model,history,192.0,low,suppress,no_action,,0.0,,,no_action,"history_lt_500,fixture_t2",,odds_api_io,event_id=61526498;market=Anytime Goalscorer
2026-04-13T19:15:26Z,2026-04-11T16:32:16Z,2026-04-11,,Bet365,France - Ligue 1,AJ Auxerre,FC Nantes,1,9274,Naouirou Ahamada,Naouirou Ahamada,Auxerre,FC Nantes,Sub,Sub,4.75,0.210526,0.026741,37.396,0.0271,1.2659,0.0214,0.0271,0.0,0.0,0,0.0,0.0,0.0,none,0.0,0.0,0.0,0.0,0.0,,,0,none,0.0,0.0,0.0,0,,,unknown,unknown,none,none,,T2,1.0,no_lineup_payload,38.5,MC,3,0.8,5,,,,,0,38.5,8,0.1869,0.0,0.0568,-0.1869,1.477,1.3,0.8801,0.9687,1.0,-0.872981,-87.298,model,history,373.0,low,suppress,no_action,,0.0,,,no_action,"history_lt_500,fixture_t2",,odds_api_io,event_id=61526512;market=Anytime Goalscorer
2026-04-13T19:15:26Z,2026-04-11T18:46:40Z,2026-04-11,,Bet365,France - Ligue 1,Stade Rennais FC,Angers SCO,0,14132,Djibirin Harouna,Djibirin Harouna,Angers,Stade Rennais FC,Sub,Sub,9.0,0.111111,0.013859,72.157,0.014,0.9051,0.0154,0.014,0.0,0.0,0,0.0,0.0,0.0,none,0.0,0.0,0.0,0.0,0.0,,,0,none,0.0,0.0,0.0,0,,,unknown,unknown,none,none,,T2,1.0,no_lineup_payload,19.6,AMR,4,1.0,1,,,,,0,19.6,8,0.5685,1.0,0.2827,0.4315,1.4507,1.3,0.8961,0.8078,1.0,-0.875272,-87.527,model,history,286.0,low,suppress,no_action,,0.0,,,no_action,"history_lt_500,fixture_t2",,odds_api_io,event_id=61526498;market=Anytime Goalscorer
2026-04-13T19:15:26Z,2026-04-11T18:46:40Z,2026-04-11,,Bet365,France - Ligue 1,Stade Rennais FC,Angers SCO,0,13158,Marius Courcoul,Marius Courcoul,Angers,Stade Rennais FC,Sub,Sub,17.0,0.058824,0.007336,99.0,0.0074,0.9051,0.0081,0.0074,0.0,0.0,0,0.0,0.0,0.43,recent_long,0.0,2.0,0.0,0.0,0.0,,,0,none,0.0,0.0,0.0,0,,,unknown,unknown,none,none,,T2,1.0,no_lineup_payload,19.4,DMC,2,1.0,2,,,,,0,19.4,8,0.0531,0.0,0.0213,-0.0531,1.3314,1.3,0.9764,0.8078,1.0,-0.87529,-87.529,model,history,632.0,medium,monitor,no_action,,0.0,,,no_action,"history_resolver,no_xi_yet,fixture_t2",,odds_api_io,event_id=61526498;market=Anytime Goalscorer
2026-04-13T19:15:26Z,2026-04-11T18:46:40Z,2026-04-11,,Bet365,France - Ligue 1,Stade Rennais FC,Angers SCO,0,13604,Prosper Peter,Prosper Peter,Angers,Stade Rennais FC,Sub,Sub,6.0,0.166667,0.020407,49.0035,0.0206,0.9051,0.0228,0.0206,0.0,0.0,0,0.0,0.0,0.0,none,0.0,0.0,0.0,0.0,0.0,,,0,none,0.0,0.0,0.0,0,,,unknown,unknown,none,none,,T2,1.0,no_lineup_payload,29.3,FW,5,1.0,3,,,,,0,29.3,8,0.4963,0.0,0.1667,-0.4963,1.5684,1.3,0.8289,0.8078,1.0,-0.87756,-87.756,model,history,963.0,medium,monitor,no_action,,0.0,,,no_action,"history_resolver,no_xi_yet,fixture_t2",,odds_api_io,event_id=61526498;market=Anytime Goalscorer
2026-04-13T19:15:26Z,2026-04-11T18:46:40Z,2026-04-11,,Bet365,France - Ligue 1,Stade Rennais FC,Angers SCO,0,14160,Dan Sinate,Dan Sinaté,Angers,Stade Rennais FC,S,S,13.0,0.076923,0.009202,99.0,0.0092,0.9051,0.0102,0.0092,0.0,0.0,0,0.0,0.0,0.0,none,0.0,0.0,0.0,0.0,0.0,,,0,none,0.0,0.0,0.0,0,,,unknown,unknown,none,none,,T2,1.0,no_lineup_payload,8.3,,,0.0,0,,,,,0,8.3,0,0.0,0.0,0.0,0.0,,1.3,,0.8078,1.0,-0.880368,-88.037,fallback,live_roster,0.0,low,suppress,no_action,,0.0,,,no_action,"fallback_method,fixture_t2",,odds_api_io,event_id=61526498;market=Anytime Goalscorer
2026-04-13T19:15:26Z,2026-04-11T16:32:16Z,2026-04-11,,Bet365,France - Ligue 1,AJ Auxerre,FC Nantes,1,8970,Sekou Mara,Sekou Mara,Auxerre,FC Nantes,Sub,Sub,3.2,0.3125,0.031725,31.5211,0.0322,1.2659,0.0255,0.0322,0.0,0.0,0,0.0,0.0,1.98,recent_long,0.0,6.0,0.0,0.0,0.0,,,0,none,0.0,0.0,0.0,0,,,unknown,unknown,none,none,,T2,1.0,no_lineup_payload,35.1,FW,5,1.0,4,,,,,0,35.1,8,0.3412,0.0,0.1442,-0.3412,1.6443,1.3,0.7906,0.9687,1.0,-0.898481,-89.848,model,history,1672.0,medium,monitor,no_action,,0.0,,,no_action,"history_resolver,no_xi_yet,fixture_t2",,odds_api_io,event_id=61526512;market=Anytime Goalscorer
2026-04-13T19:15:26Z,2026-04-11T18:46:40Z,2026-04-11,,Bet365,France - Ligue 1,Stade Rennais FC,Angers SCO,0,3495,Pierrick Capelle,Pierrick Capelle,Angers,Stade Rennais FC,Sub,Sub,9.0,0.111111,0.010716,93.3174,0.0108,0.9051,0.0119,0.0108,0.0,0.0,0,0.0,0.0,1.7,recent_long,0.0,5.0,0.0,0.0,0.0,,,0,none,0.0,0.0,0.0,0,,,unknown,unknown,none,none,,T2,1.0,no_lineup_payload,25.6,MC,3,1.0,1,,,,,0,25.6,8,0.1667,0.0,0.0811,-0.1667,1.4881,1.3,0.8736,0.8078,1.0,-0.903555,-90.355,model,history,681.0,medium,monitor,no_action,,0.0,,,no_action,"history_resolver,no_xi_yet,fixture_t2",,odds_api_io,event_id=61526498;market=Anytime Goalscorer
2026-04-13T19:15:26Z,2026-04-11T16:32:16Z,2026-04-11,,Bet365,France - Ligue 1,AJ Auxerre,FC Nantes,1,1326,Assane Diousse,Assane Diousse,Auxerre,FC Nantes,Sub,Sub,8.0,0.125,0.008321,99.0,0.0084,1.2659,0.0066,0.0084,0.0,0.0,0,0.0,0.0,3.09,recent_long,0.0,6.0,0.0,0.0,0.0,,,0,none,0.0,0.0,0.0,0,,,unknown,unknown,none,none,,T2,1.0,no_lineup_payload,12.1,MC,3,1.0,1,,,,,0,12.1,8,0.0374,0.0,0.0659,-0.0374,1.5088,1.3,0.8616,0.9687,1.0,-0.933435,-93.344,model,history,832.0,medium,monitor,no_action,,0.0,,,no_action,"history_resolver,no_xi_yet,fixture_t2",,odds_api_io,event_id=61526512;market=Anytime Goalscorer
2026-04-13T19:15:26Z,2026-04-11T16:32:16Z,2026-04-11,,Bet365,France - Ligue 1,AJ Auxerre,FC Nantes,1,14228,Mamoudou Cissokho,Mamoudou Cissokho,Auxerre,FC Nantes,S,S,7.0,0.142857,0.009,99.0,0.009,1.2659,0.0071,0.009,0.0,0.0,0,0.0,0.0,0.0,none,0.0,0.0,0.0,0.0,0.0,,,0,none,0.0,0.0,0.0,0,,,unknown,unknown,none,none,,T2,1.0,no_lineup_payload,5.0,,,0.0,0,,,,,0,5.0,0,0.0,0.0,0.0,0.0,,1.3,,0.9687,1.0,-0.936998,-93.7,fallback,live_roster,0.0,low,suppress,no_action,,0.0,,,no_action,"fallback_method,fixture_t2",,odds_api_io,event_id=61526512;market=Anytime Goalscorer
2026-04-13T19:15:26Z,2026-04-11T18:46:40Z,2026-04-11,,Bet365,France - Ligue 1,Stade Rennais FC,Angers SCO,0,11016,Mahdi Camara,Mahdi Camara,Angers,Stade Rennais FC,DC,DC,4.0,0.25,0.013647,73.2738,0.0137,0.9051,0.0152,0.0137,0.0,0.0,0,0.0,0.0,0.0,none,0.0,0.0,0.0,0.0,0.0,,,0,none,0.0,0.0,0.0,0,,,unknown,unknown,none,none,,T2,1.0,no_lineup_payload,90.0,DC,1,1.0,10,,,,,0,90.0,8,0.1799,0.0,0.0225,-0.1799,1.4881,1.3,0.8736,0.8078,1.0,-0.94541,-94.541,model,history,2570.0,medium,monitor,no_action,,0.0,,,no_action,"history_resolver,no_xi_yet,fixture_t2",,odds_api_io,event_id=61526498;market=Anytime Goalscorer
2026-04-13T19:15:26Z,2026-04-11T16:32:16Z,2026-04-11,,Bet365,France - Ligue 1,AJ Auxerre,FC Nantes,1,12826,Lasso Coulibaly,Lasso Coulibaly,Auxerre,FC Nantes,Sub,Sub,3.2,0.3125,0.013988,71.4903,0.0141,1.2659,0.0111,0.0141,0.0,0.0,0,0.0,0.0,1.84,recent_long,0.0,3.0,0.0,0.0,0.0,,,0,none,0.0,0.0,0.0,0,,,unknown,unknown,none,none,,T2,1.0,no_lineup_payload,18.2,MR,3,1.0,1,,,,,0,18.2,8,0.2644,0.0,0.1526,-0.2644,1.4822,1.3,0.8771,0.9687,1.0,-0.955239,-95.524,model,history,248.0,low,suppress,no_action,,0.0,,,no_action,"history_lt_500,fixture_t2",,odds_api_io,event_id=61526512;market=Anytime Goalscorer
2026-04-13T19:15:26Z,2026-04-11T16:32:16Z,2026-04-11,,Bet365,France - Ligue 1,AJ Auxerre,FC Nantes,1,14103,Tidiane Devernois,Tidiane Devernois,Auxerre,FC Nantes,S,S,4.75,0.210526,0.009,99.0,0.009,1.2659,0.0071,0.009,0.0,0.0,0,0.0,0.0,0.0,none,0.0,0.0,0.0,0.0,0.0,,,0,none,0.0,0.0,0.0,0,,,unknown,unknown,none,none,,T2,1.0,no_lineup_payload,5.0,,,0.0,0,,,,,0,5.0,0,0.0,0.0,0.0,0.0,,1.3,,0.9687,1.0,-0.957249,-95.725,fallback,live_roster,0.0,low,suppress,no_action,,0.0,,,no_action,"fallback_method,fixture_t2",,odds_api_io,event_id=61526512;market=Anytime Goalscorer
2026-04-13T19:15:26Z,2026-04-11T16:32:16Z,2026-04-11,,Bet365,France - Ligue 1,AJ Auxerre,FC Nantes,1,14163,Yvan Zaddy,Yvan Zaddy,Auxerre,FC Nantes,S,S,3.2,0.3125,0.009,99.0,0.009,1.2659,0.0071,0.009,0.0,0.0,0,0.0,0.0,0.0,none,0.0,0.0,0.0,0.0,0.0,,,0,none,0.0,0.0,0.0,0,,,unknown,unknown,none,none,,T2,1.0,no_lineup_payload,5.0,,,0.0,0,,,,,0,5.0,0,0.0,0.0,0.0,0.0,,1.3,,0.9687,1.0,-0.971199,-97.12,fallback,live_roster,0.0,low,suppress,no_action,,0.0,,,no_action,"fallback_method,fixture_t2",,odds_api_io,event_id=61526512;market=Anytime Goalscorer
2026-04-13T19:15:26Z,2026-04-11T16:32:16Z,2026-04-11,,Bet365,France - Ligue 1,AJ Auxerre,FC Nantes,1,14081,Ryan Rodin,Ryan Rodin,Auxerre,FC Nantes,S,S,2.75,0.363636,0.009597,99.0,0.0096,1.2659,0.0076,0.0096,0.0,0.0,0,0.0,0.0,0.0,none,0.0,0.0,0.0,0.0,0.0,,,0,none,0.0,0.0,0.0,0,,,unknown,unknown,none,none,,T2,1.0,no_lineup_payload,5.3,,,0.0,0,,,,,0,5.3,0,0.0,0.0,0.0,0.0,,1.3,,0.9687,1.0,-0.973607,-97.361,fallback,live_roster,0.0,low,suppress,no_action,,0.0,,,no_action,"fallback_method,fixture_t2",,odds_api_io,event_id=61526512;market=Anytime Goalscorer
2026-04-13T19:15:26Z,2026-04-12T18:27:43Z,2026-04-12,,Bet365,France - Ligue 1,Olympique Lyon,FC Lorient,0,5974,Noham Kamara,Bingourou Kamara,Lorient,Olympique Lyon,GK,GK,8.5,0.117647,0.118625,8.4299,0.1263,1.1098,0.1138,0.1263,0.0,0.0,0,0.0,0.0,0.0,none,0.0,0.0,0.0,0.0,0.0,,,0,none,0.0,0.0,0.0,0,,,unknown,unknown,none,none,,T2,1.0,no_lineup_payload,80.0,,,0.0,0,,,,,0,80.0,0,0.0,0.0,0.0,0.0,,1.3,,0.9906,1.0,0.008312,0.831,fallback,live_roster,0.0,low,suppress,no_action,,0.0,,,no_action,"fallback_method,fixture_t2",,odds_api_io,event_id=61526496;market=Anytime Goalscorer
2026-04-13T19:15:26Z,2026-04-12T14:37:46Z,2026-04-12,,Bet365,France - Ligue 1,Toulouse FC,Lille OSC,1,12045,Aron Donnum,Aron Donnum,Toulouse,Lille OSC,AMC,AMC,6.5,0.153846,0.148539,6.7322,0.1608,1.308,0.0807,0.1056,0.0552,0.3433,0,0.6023,0.8843,1.94,recent_long,3.0,16.0,0.1875,0.0,0.0,,,1,primary,0.42,3.0,0.0095,0,,,unknown,unknown,none,none,,T2,1.0,no_lineup_payload,88.4,AMC,4,0.4,10,,,,,0,88.4,8,1.0356,1.0,0.1324,-0.0356,1.3479,1.3,0.9644,1.0009,1.0,-0.034497,-3.45,model,history,6387.0,medium,monitor,no_action,,0.0,,,no_action,"history_resolver,no_xi_yet,fixture_t2",,odds_api_io,event_id=61526510;market=Anytime Goalscorer
2026-04-13T19:15:26Z,2026-04-12T18:27:43Z,2026-04-12,,Bet365,France - Ligue 1,Olympique Lyon,FC Lorient,0,9345,Ahmadou Dieng,Ahmadou Dieng,Lorient,Olympique Lyon,FW,FW,4.0,0.25,0.219124,4.5636,0.2473,1.1098,0.1816,0.2016,0.0458,0.1851,0,0.5942,0.8509,2.04,recent_long,2.0,8.0,0.25,0.0,0.0,,,1,primary,0.42,3.0,0.008,0,,,unknown,unknown,none,none,,T2,1.0,no_lineup_payload,57.5,FW,5,1.0,9,,,,,0,57.5,8,2.8371,4.0,0.4685,1.1629,1.3138,1.3,0.9895,0.9906,1.0,-0.123504,-12.35,model,history,1865.0,medium,monitor,no_action,,0.0,,,no_action,"history_resolver,no_xi_yet,fixture_t2",,odds_api_io,event_id=61526496;market=Anytime Goalscorer
2026-04-13T19:15:26Z,2026-04-12T14:37:46Z,2026-04-12,,Bet365,France - Ligue 1,Toulouse FC,Lille OSC,1,9220,Charlie Cresswell,Charlie Cresswell,Toulouse,Lille OSC,DC,DC,12.0,0.083333,0.055195,18.1174,0.0568,1.308,0.0434,0.0568,0.0,0.0,0,0.0,0.0,2.91,recent_long,0.0,11.0,0.0,0.0,0.0,,,0,none,0.0,0.0,0.0,0,,,unknown,unknown,none,none,,T2,1.0,no_lineup_payload,90.0,DC,1,1.0,10,,,,,0,90.0,8,0.6358,0.0,0.0795,-0.6358,1.6122,1.3,0.8063,1.0009,1.0,-0.337655,-33.765,model,history,4761.0,medium,monitor,no_action,,0.0,,,no_action,"history_resolver,no_xi_yet,fixture_t2",,odds_api_io,event_id=61526510;market=Anytime Goalscorer
2026-04-13T19:15:26Z,2026-04-12T14:37:46Z,2026-04-12,,Bet365,France - Ligue 1,Toulouse FC,Lille OSC,1,14082,Emersonn Silva,Emersonn Silva,Toulouse,Lille OSC,FW,FW,4.0,0.25,0.160316,6.2377,0.1747,1.308,0.1336,0.1747,0.0,0.0,0,0.0,0.0,2.22,recent_long,0.0,6.0,0.0,0.0,0.0,,,0,none,0.0,0.0,0.0,0,,,unknown,unknown,none,none,,T2,1.0,no_lineup_payload,59.6,FW,5,1.0,7,,,,,0,59.6,8,1.3166,1.0,0.2835,-0.3166,1.3479,1.3,0.9644,1.0009,1.0,-0.358736,-35.874,model,history,1310.0,medium,monitor,no_action,,0.0,,,no_action,"history_resolver,no_xi_yet,fixture_t2",,odds_api_io,event_id=61526510;market=Anytime Goalscorer
2026-04-13T19:15:26Z,2026-04-12T18:27:43Z,2026-04-12,,Bet365,France - Ligue 1,Olympique Lyon,FC Lorient,0,10347,Pablo Pagis,Pablo Pagis,Lorient,Olympique Lyon,AMC,AMC,4.5,0.222222,0.141721,7.0561,0.1528,1.1098,0.1222,0.1356,0.0172,0.1128,0,0.1881,0.242,2.12,recent_long,1.0,4.0,0.25,0.0,0.0,,,1,secondary,0.15,3.0,0.0042,0,,,unknown,unknown,none,none,,T2,1.0,no_lineup_payload,68.4,AMC,4,0.8889,9,,,,,0,68.4,8,1.9782,3.0,0.3174,1.0218,1.6462,1.3,0.7897,0.9906,1.0,-0.362256,-36.226,model,history,1549.0,medium,monitor,no_action,,0.0,,,no_action,"history_resolver,no_xi_yet,fixture_t2",,odds_api_io,event_id=61526496;market=Anytime Goalscorer
2026-04-13T19:15:26Z,2026-04-12T14:37:46Z,2026-04-12,,Bet365,France - Ligue 1,OGC Nice,Le Havre AC,1,11515,Tom Louchet,Tom Louchet,Nice,Le Havre AC,AMR,AMR,5.5,0.181818,0.115272,8.6751,0.1225,1.3566,0.0903,0.1225,0.0,0.0,0,0.0,0.0,1.47,recent_long,0.0,12.0,0.0,0.0,0.0,,,0,none,0.0,0.0,0.0,0,,,unknown,unknown,none,none,,T2,1.0,no_lineup_payload,59.8,AML,4,0.7143,7,,,,,0,59.8,8,2.3756,2.0,0.4234,-0.3756,1.48,1.3,0.8784,1.0381,1.0,-0.366004,-36.6,model,history,2327.0,medium,monitor,no_action,,0.0,,,no_action,"history_resolver,no_xi_yet,fixture_t2",,odds_api_io,event_id=61526500;market=Anytime Goalscorer
2026-04-13T19:15:26Z,2026-04-12T14:37:46Z,2026-04-12,,Bet365,France - Ligue 1,Toulouse FC,Lille OSC,1,10193,Frank Magri,Frank Magri,Toulouse,Lille OSC,FW,FW,3.75,0.266667,0.169013,5.9167,0.1851,1.308,0.1363,0.1783,0.0068,0.0368,0,0.0892,0.1078,4.71,recent_long,1.0,18.0,0.0556,0.0,0.0,,,1,tertiary,0.06,3.0,0.0006,0,,,unknown,unknown,none,none,,T2,1.0,no_lineup_payload,73.7,AMC,4,0.6667,9,,,,,0,73.7,8,1.0315,1.0,0.164,-0.0315,1.6948,1.3,0.767,1.0009,1.0,-0.366203,-36.62,model,history,4234.0,medium,monitor,no_action,,0.0,,,no_action,"history_resolver,no_xi_yet,fixture_t2",,odds_api_io,event_id=61526510;market=Anytime Goalscorer
2026-04-13T19:15:26Z,2026-04-12T18:27:43Z,2026-04-12,,Bet365,France - Ligue 1,Olympique Lyon,FC Lorient,0,3536,Jean-Victor Makengo,Jean-Victor Makengo,Lorient,Olympique Lyon,AMC,AMC,7.0,0.142857,0.089905,11.1229,0.0942,1.1098,0.0849,0.0942,0.0,0.0,0,0.0,0.0,1.76,recent_long,0.0,4.0,0.0,0.0,0.0,,,0,none,0.0,0.0,0.0,0,,,unknown,unknown,none,none,,T2,1.0,no_lineup_payload,68.9,AMC,4,0.8889,9,,,,,0,68.9,8,1.2295,1.0,0.2027,-0.2295,1.3138,1.3,0.9895,0.9906,1.0,-0.370666,-37.067,model,history,1924.0,medium,monitor,no_action,,0.0,,,no_action,"history_resolver,no_xi_yet,fixture_t2",,odds_api_io,event_id=61526496;market=Anytime Goalscorer
2026-04-13T19:15:26Z,2026-04-12T14:37:46Z,2026-04-12,,Bet365,France - Ligue 1,Toulouse FC,Lille OSC,1,3357,Djibril Sidibe,Djibril Sidibe,Toulouse,Lille OSC,DMR,DMR,8.0,0.125,0.073064,13.6867,0.0759,1.308,0.0286,0.0375,0.0384,0.5062,1,0.4349,0.8122,2.27,recent_long,2.0,11.0,0.1818,0.0,0.0,,,1,secondary,0.15,3.0,0.0,0,,,unknown,unknown,none,none,,T2,1.0,no_lineup_payload,85.2,DC,1,0.5,10,,,,,0,85.2,8,0.6867,1.0,0.0869,0.3133,1.3479,1.3,0.9644,1.0009,1.0,-0.41549,-41.549,model,history,4199.0,medium,monitor,no_action,,0.0,,,no_action,"history_resolver,no_xi_yet,fixture_t2",,odds_api_io,event_id=61526510;market=Anytime Goalscorer
2026-04-13T19:15:26Z,2026-04-12T14:37:46Z,2026-04-12,,Bet365,France - Ligue 1,Toulouse FC,Lille OSC,1,14358,Pape Diop,Pape Diop,Toulouse,Lille OSC,MC,MC,6.5,0.153846,0.083524,11.9726,0.0872,1.308,0.0667,0.0872,0.0,0.0,0,0.0,0.0,0.0,none,0.0,0.0,0.0,0.0,0.0,,,0,none,0.0,0.0,0.0,0,,,unknown,unknown,none,none,,T2,1.0,no_lineup_payload,88.6,MC,3,1.0,10,,,,,0,88.6,8,1.2388,0.0,0.1577,-1.2388,1.3479,1.3,0.9644,1.0009,1.0,-0.457094,-45.709,model,history,972.0,medium,monitor,no_action,,0.0,,,no_action,"history_resolver,no_xi_yet,fixture_t2",,odds_api_io,event_id=61526510;market=Anytime Goalscorer
2026-04-13T19:15:26Z,2026-04-12T14:37:46Z,2026-04-12,,Bet365,France - Ligue 1,OGC Nice,Le Havre AC,1,9182,Elye Wahi,Elye Wahi,Nice,Le Havre AC,FW,FW,2.875,0.347826,0.182279,5.4861,0.2012,1.3566,0.1474,0.2,0.0012,0.0062,0,0.0401,0.0401,2.04,recent_long,1.0,5.0,0.2,0.0,0.0,,,0,none,0.0,0.0,0.0005,0,,,unknown,unknown,none,none,,T2,1.0,no_lineup_payload,52.0,FW,5,1.0,7,,,,,0,52.0,8,1.8101,3.0,0.3115,1.1899,1.2658,1.3,1.027,1.0381,1.0,-0.475949,-47.595,model,history,1150.0,medium,monitor,no_action,,0.0,,,no_action,"history_resolver,no_xi_yet,fixture_t2",,odds_api_io,event_id=61526500;market=Anytime Goalscorer
2026-04-13T19:15:26Z,2026-04-12T14:37:46Z,2026-04-12,,Bet365,France - Ligue 1,Toulouse FC,Lille OSC,1,13756,Santiago Hidalgo,Santiago Hidalgo,Toulouse,Lille OSC,FWR,FWR,4.0,0.25,0.129926,7.6967,0.1392,1.308,0.1064,0.1392,0.0,0.0,0,0.0,0.0,1.92,recent_long,0.0,5.0,0.0,0.0,0.0,,,0,none,0.0,0.0,0.0,0,,,unknown,unknown,none,none,,T2,1.0,no_lineup_payload,60.7,FWR,5,0.375,8,,,,,0,60.7,8,1.4366,0.0,0.2173,-1.4366,1.6092,1.3,0.8079,1.0009,1.0,-0.480294,-48.029,model,history,988.0,medium,monitor,no_action,,0.0,,,no_action,"history_resolver,no_xi_yet,fixture_t2",,odds_api_io,event_id=61526510;market=Anytime Goalscorer
2026-04-13T19:15:26Z,2026-04-12T14:37:46Z,2026-04-12,,Bet365,France - Ligue 1,Toulouse FC,Lille OSC,1,11777,Cristian Casseres Jr,Cristian Casseres Jr,Toulouse,Lille OSC,MC,MC,9.5,0.105263,0.053294,18.7639,0.0548,1.308,0.04,0.0524,0.0024,0.0439,0,0.028,0.028,2.58,recent_long,1.0,20.0,0.05,0.0,0.0,,,0,none,0.0,0.0,0.0009,0,,,unknown,unknown,none,none,,T2,1.0,no_lineup_payload,82.8,MC,3,1.0,9,,,,,0,82.8,8,0.2433,0.0,0.0325,-0.2433,1.2972,1.3,1.0021,1.0009,1.0,-0.49371,-49.371,model,history,6759.0,medium,monitor,no_action,,0.0,,,no_action,"history_resolver,no_xi_yet,fixture_t2",,odds_api_io,event_id=61526510;market=Anytime Goalscorer
2026-04-13T19:15:26Z,2026-04-12T14:37:46Z,2026-04-12,,Bet365,France - Ligue 1,Toulouse FC,Lille OSC,1,6874,Yann Gboho,Yann Gboho,Toulouse,Lille OSC,AMC,AMC,3.75,0.266667,0.128788,7.7647,0.1379,1.308,0.1054,0.1379,0.0,0.0,0,0.0,0.0,2.28,recent_long,0.0,16.0,0.0,0.0,0.0,,,0,none,0.0,0.0,0.0,0,,,unknown,unknown,none,none,,T2,1.0,no_lineup_payload,89.8,AMC,4,0.8,10,,,,,0,89.8,8,1.8477,2.0,0.231,0.1523,1.3479,1.3,0.9644,1.0009,1.0,-0.517045,-51.705,model,history,5930.0,medium,monitor,no_action,,0.0,,,no_action,"history_resolver,no_xi_yet,fixture_t2",,odds_api_io,event_id=61526510;market=Anytime Goalscorer
2026-04-13T19:15:26Z,2026-04-12T18:27:43Z,2026-04-12,,Bet365,France - Ligue 1,Olympique Lyon,FC Lorient,0,13975,Noah Cadiou,Noah Cadiou,Lorient,Olympique Lyon,MC,MC,7.5,0.133333,0.061041,16.3826,0.063,1.1098,0.0568,0.063,0.0,0.0,0,0.0,0.0,2.1,recent_long,0.0,5.0,0.0,0.0,0.0,,,0,none,0.0,0.0,0.0,0,,,unknown,unknown,none,none,,T2,1.0,no_lineup_payload,77.4,MC,3,1.0,10,,,,,0,77.4,8,0.8443,1.0,0.1055,0.1557,1.3138,1.3,0.9895,0.9906,1.0,-0.542196,-54.219,model,history,1311.0,medium,monitor,no_action,,0.0,,,no_action,"history_resolver,no_xi_yet,fixture_t2",,odds_api_io,event_id=61526496;market=Anytime Goalscorer
2026-04-13T19:15:26Z,2026-04-12T14:37:46Z,2026-04-12,,Bet365,France - Ligue 1,OGC Nice,Le Havre AC,1,9514,Antoine Mendy,Antoine Mendy,Nice,Le Havre AC,DC,DC,9.5,0.105263,0.048035,20.8181,0.0492,1.3566,0.0363,0.0492,0.0,0.0,0,0.0,0.0,1.62,recent_long,0.0,9.0,0.0,0.0,0.0,,,0,none,0.0,0.0,0.0,0,,,unknown,unknown,none,none,,T2,1.0,no_lineup_payload,80.2,DC,1,0.8889,9,,,,,0,80.2,8,0.9702,1.0,0.1465,0.0298,1.2658,1.3,1.027,1.0381,1.0,-0.543666,-54.367,model,history,2784.0,medium,monitor,no_action,,0.0,,,no_action,"history_resolver,no_xi_yet,fixture_t2",,odds_api_io,event_id=61526500;market=Anytime Goalscorer
2026-04-13T19:15:26Z,2026-04-12T14:37:46Z,2026-04-12,,Bet365,France - Ligue 1,OGC Nice,Le Havre AC,1,13750,Kojo Oppong,Kojo Oppong,Nice,Le Havre AC,DC,DC,9.5,0.105263,0.043144,23.1784,0.0441,1.3566,0.0325,0.0441,0.0,0.0,0,0.0,0.0,0.82,recent_long,0.0,2.0,0.0,0.0,0.0,,,0,none,0.0,0.0,0.0,0,,,unknown,unknown,none,none,,T2,1.0,no_lineup_payload,79.7,DC,1,1.0,10,,,,,0,79.7,8,0.569,0.0,0.0791,-0.569,1.5975,1.3,0.8138,1.0381,1.0,-0.590135,-59.013,model,history,1900.0,medium,monitor,no_action,,0.0,,,no_action,"history_resolver,no_xi_yet,fixture_t2",,odds_api_io,event_id=61526500;market=Anytime Goalscorer
2026-04-13T19:15:26Z,2026-04-12T18:27:43Z,2026-04-12,,Bet365,France - Ligue 1,Olympique Lyon,FC Lorient,0,10854,Souleymane Toure,Souleymane Toure,Lorient,Olympique Lyon,DC,DC,12.0,0.083333,0.032533,30.738,0.0331,1.1098,0.0298,0.0331,0.0,0.0,0,0.0,0.0,0.0,none,0.0,0.0,0.0,0.0,0.0,,,0,none,0.0,0.0,0.0,0,,,unknown,unknown,none,none,,T2,1.0,no_lineup_payload,86.6,DC,1,1.0,10,,,,,0,86.6,8,0.2021,0.0,0.0258,-0.2021,1.3106,1.3,0.9919,0.9906,1.0,-0.609604,-60.96,model,history,2052.0,medium,monitor,no_action,,0.0,,,no_action,"history_resolver,no_xi_yet,fixture_t2",,odds_api_io,event_id=61526496;market=Anytime Goalscorer
2026-04-13T19:15:26Z,2026-04-12T14:37:46Z,2026-04-12,,Bet365,France - Ligue 1,OGC Nice,Le Havre AC,1,8685,Mohamed-Ali Cho,Mohamed-Ali Cho,Nice,Le Havre AC,Sub,Sub,3.75,0.266667,0.103452,9.6663,0.1092,1.3566,0.0805,0.1092,0.0,0.0,0,0.0,0.0,0.88,recent_long,0.0,10.0,0.0,0.0,0.0,,,0,none,0.0,0.0,0.0,0,,,unknown,unknown,none,none,,T2,1.0,no_lineup_payload,73.9,AMR,4,0.75,8,,,,,0,73.9,8,2.1433,2.0,0.3495,-0.1433,1.5713,1.3,0.8273,1.0381,1.0,-0.612056,-61.206,model,history,3829.0,medium,monitor,no_action,,0.0,,,no_action,"history_resolver,no_xi_yet,fixture_t2",,odds_api_io,event_id=61526500;market=Anytime Goalscorer
2026-04-13T19:15:26Z,2026-04-12T14:37:46Z,2026-04-12,,Bet365,France - Ligue 1,OGC Nice,Le Havre AC,1,148,Dante,Dante,Nice,Le Havre AC,Sub,Sub,12.0,0.083333,0.031953,31.296,0.0325,1.3566,0.0239,0.0325,0.0,0.0,0,0.0,0.0,1.49,recent_long,0.0,12.0,0.0,0.0,0.0,,,0,none,0.0,0.0,0.0,0,,,unknown,unknown,none,none,,T2,1.0,no_lineup_payload,68.4,DC,1,1.0,7,,,,,0,68.4,8,0.0857,0.0,0.0125,-0.0857,1.2658,1.3,1.027,1.0381,1.0,-0.616565,-61.656,model,history,5576.0,medium,monitor,no_action,,0.0,,,no_action,"history_resolver,no_xi_yet,fixture_t2",,odds_api_io,event_id=61526500;market=Anytime Goalscorer
2026-04-13T19:15:26Z,2026-04-12T18:27:43Z,2026-04-12,,Bet365,France - Ligue 1,Olympique Lyon,FC Lorient,0,4882,Laurent Abergel,Laurent Abergel,Lorient,Olympique Lyon,MC,MC,8.5,0.117647,0.043636,22.9168,0.0446,1.1098,0.0402,0.0446,0.0,0.0,0,0.0,0.0,2.87,recent_long,0.0,6.0,0.0,0.0,0.0,,,0,none,0.0,0.0,0.0,0,,,unknown,unknown,none,none,,T2,1.0,no_lineup_payload,86.0,MC,3,1.0,10,,,,,0,86.0,8,0.1158,0.0,0.0151,-0.1158,1.5936,1.3,0.8158,0.9906,1.0,-0.629093,-62.909,model,history,4867.0,medium,monitor,no_action,,0.0,,,no_action,"history_resolver,no_xi_yet,fixture_t2",,odds_api_io,event_id=61526496;market=Anytime Goalscorer
2026-04-13T19:15:26Z,2026-04-12T14:37:46Z,2026-04-12,,Bet365,France - Ligue 1,Toulouse FC,Lille OSC,1,11291,Warren Kamanzi,Warren Kamanzi,Toulouse,Lille OSC,Sub,Sub,12.0,0.083333,0.030708,32.5652,0.0312,1.308,0.0238,0.0312,0.0,0.0,0,0.0,0.0,2.93,recent_long,0.0,15.0,0.0,0.0,0.0,,,0,none,0.0,0.0,0.0,0,,,unknown,unknown,none,none,,T2,1.0,no_lineup_payload,40.2,DMR,2,0.75,4,,,,,0,40.2,8,0.4394,0.0,0.1001,-0.4394,1.3479,1.3,0.9644,1.0009,1.0,-0.631508,-63.151,model,history,2852.0,medium,monitor,no_action,,0.0,,,no_action,"history_resolver,no_xi_yet,fixture_t2",,odds_api_io,event_id=61526510;market=Anytime Goalscorer
2026-04-13T19:15:26Z,2026-04-12T18:27:43Z,2026-04-12,,Bet365,France - Ligue 1,Olympique Lyon,FC Lorient,0,13904,Abdoulaye Faye,Abdoulaye Faye,Lorient,Olympique Lyon,DC,DC,12.0,0.083333,0.030395,32.9004,0.0309,1.1098,0.0278,0.0309,0.0,0.0,0,0.0,0.0,0.57,recent_long,0.0,1.0,0.0,0.0,0.0,,,0,none,0.0,0.0,0.0,0,,,unknown,unknown,none,none,,T2,1.0,no_lineup_payload,85.8,DC,1,1.0,10,,,,,0,85.8,8,0.4256,0.0,0.0539,-0.4256,1.3138,1.3,0.9895,0.9906,1.0,-0.635263,-63.526,model,history,929.0,medium,monitor,no_action,,0.0,,,no_action,"history_resolver,no_xi_yet,fixture_t2",,odds_api_io,event_id=61526496;market=Anytime Goalscorer
2026-04-13T19:15:26Z,2026-04-12T18:27:43Z,2026-04-12,,Bet365,France - Ligue 1,Olympique Lyon,FC Lorient,0,9873,Montassar Talbi,Montassar Talbi,Lorient,Olympique Lyon,DC,DC,15.0,0.066667,0.024068,41.5488,0.0244,1.1098,0.022,0.0244,0.0,0.0,0,0.0,0.0,2.39,recent_long,0.0,6.0,0.0,0.0,0.0,,,0,none,0.0,0.0,0.0,0,,,unknown,unknown,none,none,,T2,1.0,no_lineup_payload,90.0,DC,1,1.0,10,,,,,0,90.0,8,0.3068,0.0,0.0384,-0.3068,1.3189,1.3,0.9857,0.9906,1.0,-0.638979,-63.898,model,history,4544.0,medium,monitor,no_action,,0.0,,,no_action,"history_resolver,no_xi_yet,fixture_t2",,odds_api_io,event_id=61526496;market=Anytime Goalscorer
2026-04-13T19:15:26Z,2026-04-12T18:27:43Z,2026-04-12,,Bet365,France - Ligue 1,Olympique Lyon,FC Lorient,0,12328,Arthur Avom,Arthur Avom,Lorient,Olympique Lyon,MC,MC,8.5,0.117647,0.039124,25.5598,0.0399,1.1098,0.036,0.0399,0.0,0.0,0,0.0,0.0,1.5,recent_long,0.0,4.0,0.0,0.0,0.0,,,0,none,0.0,0.0,0.0,0,,,unknown,unknown,none,none,,T2,1.0,no_lineup_payload,67.3,MC,3,1.0,6,,,,,0,67.3,8,0.1352,1.0,0.0244,0.8648,1.3138,1.3,0.9895,0.9906,1.0,-0.667446,-66.745,model,history,1792.0,medium,monitor,no_action,,0.0,,,no_action,"history_resolver,no_xi_yet,fixture_t2",,odds_api_io,event_id=61526496;market=Anytime Goalscorer
2026-04-13T19:15:26Z,2026-04-12T14:37:46Z,2026-04-12,,Bet365,France - Ligue 1,OGC Nice,Le Havre AC,1,3696,Morgan Sanson,Morgan Sanson,Nice,Le Havre AC,DMC,DMC,5.0,0.2,0.065709,15.2186,0.068,1.3566,0.0501,0.068,0.0,0.0,0,0.0,0.0,1.02,recent_long,0.0,9.0,0.0,0.0,0.0,,,0,none,0.0,0.0,0.0,0,,,unknown,unknown,none,none,,T2,1.0,no_lineup_payload,79.3,DMC,2,0.5,10,,,,,0,79.3,8,0.6269,0.0,0.082,-0.6269,1.2658,1.3,1.027,1.0381,1.0,-0.671456,-67.146,model,history,3627.0,medium,monitor,no_action,,0.0,,,no_action,"history_resolver,no_xi_yet,fixture_t2",,odds_api_io,event_id=61526500;market=Anytime Goalscorer
2026-04-13T19:15:26Z,2026-04-12T14:37:46Z,2026-04-12,,Bet365,France - Ligue 1,OGC Nice,Le Havre AC,1,6846,Sofiane Diop,Sofiane Diop,Nice,Le Havre AC,AML,AML,2.75,0.363636,0.119202,8.3891,0.1269,1.3566,0.0823,0.1117,0.0152,0.1199,0,0.3618,0.1895,1.01,recent_long,2.0,9.0,0.2222,0.0,0.0,,,1,primary,0.42,3.0,0.012,0,,,unknown,unknown,none,none,,T2,1.0,no_lineup_payload,70.2,AMC,4,0.5556,9,,,,,0,70.2,8,0.5245,0.0,0.0889,-0.5245,1.2658,1.3,1.027,1.0381,1.0,-0.672194,-67.219,model,history,3323.0,medium,monitor,no_action,,0.0,,,no_action,"history_resolver,no_xi_yet,fixture_t2",,odds_api_io,event_id=61526500;market=Anytime Goalscorer
2026-04-13T19:15:26Z,2026-04-12T14:37:46Z,2026-04-12,,Bet365,France - Ligue 1,Toulouse FC,Lille OSC,1,12841,Dayann Methalie,Dayann Methalie,Toulouse,Lille OSC,DML,DML,12.0,0.083333,0.027094,36.909,0.0275,1.308,0.021,0.0275,0.0,0.0,0,0.0,0.0,3.15,recent_long,0.0,7.0,0.0,0.0,0.0,,,0,none,0.0,0.0,0.0,0,,,unknown,unknown,none,none,,T2,1.0,no_lineup_payload,70.8,DML,2,1.0,8,,,,,0,70.8,8,0.0362,0.0,0.0062,-0.0362,1.3904,1.3,0.935,1.0009,1.0,-0.674876,-67.488,model,history,1561.0,medium,monitor,no_action,,0.0,,,no_action,"history_resolver,no_xi_yet,fixture_t2",,odds_api_io,event_id=61526510;market=Anytime Goalscorer
2026-04-13T19:15:26Z,2026-04-12T18:27:43Z,2026-04-12,,Bet365,France - Ligue 1,Olympique Lyon,FC Lorient,0,13794,Kan Kouassi,Kan Kouassi,Lorient,Olympique Lyon,DML,DML,12.0,0.083333,0.026908,37.1633,0.0273,1.1098,0.0246,0.0273,0.0,0.0,0,0.0,0.0,2.19,recent_long,0.0,5.0,0.0,0.0,0.0,,,0,none,0.0,0.0,0.0,0,,,unknown,unknown,none,none,,T2,1.0,no_lineup_payload,84.6,DML,2,0.9,10,,,,,0,84.6,8,0.0961,1.0,0.0134,0.9039,1.3138,1.3,0.9895,0.9906,1.0,-0.677101,-67.71,model,history,2207.0,medium,monitor,no_action,,0.0,,,no_action,"history_resolver,no_xi_yet,fixture_t2",,odds_api_io,event_id=61526496;market=Anytime Goalscorer
2026-04-13T19:15:26Z,2026-04-12T14:37:46Z,2026-04-12,,Bet365,France - Ligue 1,OGC Nice,Le Havre AC,1,8190,Melvin Bard,Melvin Bard,Nice,Le Havre AC,DL,DL,8.0,0.125,0.039066,25.5976,0.0398,1.3566,0.0294,0.0398,0.0,0.0,0,0.0,0.0,1.33,recent_long,0.0,13.0,0.0,0.0,0.0,,,0,none,0.0,0.0,0.0,0,,,unknown,unknown,none,none,,T2,1.0,no_lineup_payload,81.8,DL,1,0.6667,9,,,,,0,81.8,8,0.5357,1.0,0.0762,0.4643,1.2658,1.3,1.027,1.0381,1.0,-0.687471,-68.747,model,history,6615.0,medium,monitor,no_action,,0.0,,,no_action,"history_resolver,no_xi_yet,fixture_t2",,odds_api_io,event_id=61526500;market=Anytime Goalscorer
2026-04-13T19:15:26Z,2026-04-12T18:27:43Z,2026-04-12,,Bet365,France - Ligue 1,Olympique Lyon,FC Lorient,0,10844,Darlin Yongwa,Darlin Yongwa,Lorient,Olympique Lyon,DC,DC,12.0,0.083333,0.025862,38.6666,0.0262,1.1098,0.0236,0.0262,0.0,0.0,0,0.0,0.0,2.96,recent_long,0.0,6.0,0.0,0.0,0.0,,,0,none,0.0,0.0,0.0,0,,,unknown,unknown,none,none,,T2,1.0,no_lineup_payload,72.0,DC,1,0.875,8,,,,,0,72.0,8,0.2587,0.0,0.0404,-0.2587,1.2303,1.3,1.0566,0.9906,1.0,-0.689655,-68.965,model,history,2310.0,medium,monitor,no_action,,0.0,,,no_action,"history_resolver,no_xi_yet,fixture_t2",,odds_api_io,event_id=61526496;market=Anytime Goalscorer
2026-04-13T19:15:26Z,2026-04-12T14:37:46Z,2026-04-12,,Bet365,France - Ligue 1,Toulouse FC,Lille OSC,1,12842,Mark McKenzie,Mark McKenzie,Toulouse,Lille OSC,DC,DC,15.0,0.066667,0.02027,49.3331,0.0205,1.308,0.0157,0.0205,0.0,0.0,0,0.0,0.0,2.68,recent_long,0.0,10.0,0.0,0.0,0.0,,,0,none,0.0,0.0,0.0,0,,,unknown,unknown,none,none,,T2,1.0,no_lineup_payload,84.1,DC,1,1.0,9,,,,,0,84.1,8,0.084,0.0,0.0118,-0.084,1.3479,1.3,0.9644,1.0009,1.0,-0.695945,-69.595,model,history,4592.0,medium,monitor,no_action,,0.0,,,no_action,"history_resolver,no_xi_yet,fixture_t2",,odds_api_io,event_id=61526510;market=Anytime Goalscorer
2026-04-13T19:15:26Z,2026-04-12T14:37:46Z,2026-04-12,,Bet365,France - Ligue 1,OGC Nice,Le Havre AC,1,13100,Thierno Bah,Thierno Bah,Nice,Le Havre AC,DC,DC,11.0,0.090909,0.027528,36.3271,0.0279,1.3566,0.0206,0.0279,0.0,0.0,0,0.0,0.0,0.42,recent_long,0.0,1.0,0.0,0.0,0.0,,,0,none,0.0,0.0,0.0,0,,,unknown,unknown,none,none,,T2,1.0,no_lineup_payload,69.9,DC,1,1.0,8,,,,,0,69.9,8,0.0892,0.0,0.0156,-0.0892,1.2658,1.3,1.027,1.0381,1.0,-0.697196,-69.72,model,history,2271.0,medium,monitor,no_action,,0.0,,,no_action,"history_resolver,no_xi_yet,fixture_t2",,odds_api_io,event_id=61526500;market=Anytime Goalscorer
2026-04-13T19:15:26Z,2026-04-12T14:37:46Z,2026-04-12,,Bet365,France - Ligue 1,Toulouse FC,Lille OSC,1,10788,Rasmus Nicolaisen,Rasmus Nicolaisen,Toulouse,Lille OSC,DC,DC,12.0,0.083333,0.024226,41.2775,0.0245,1.308,0.0187,0.0245,0.0,0.0,0,0.0,0.0,2.48,recent_long,0.0,17.0,0.0,0.0,0.0,,,0,none,0.0,0.0,0.0,0,,,unknown,unknown,none,none,,T2,1.0,no_lineup_payload,85.0,DC,1,1.0,10,,,,,0,85.0,8,0.1601,1.0,0.0206,0.8399,1.3479,1.3,0.9644,1.0009,1.0,-0.709285,-70.928,model,history,5687.0,medium,monitor,no_action,,0.0,,,no_action,"history_resolver,no_xi_yet,fixture_t2",,odds_api_io,event_id=61526510;market=Anytime Goalscorer
2026-04-13T19:15:26Z,2026-04-12T18:27:43Z,2026-04-12,,Bet365,France - Ligue 1,Olympique Lyon,FC Lorient,0,9699,Bamo Meite,Bamo Meite,Lorient,Olympique Lyon,DC,DC,12.0,0.083333,0.023755,42.096,0.024,1.1098,0.0217,0.024,0.0,0.0,0,0.0,0.0,1.18,recent_long,0.0,2.0,0.0,0.0,0.0,,,0,none,0.0,0.0,0.0,0,,,unknown,unknown,none,none,,T2,1.0,no_lineup_payload,77.5,DC,1,1.0,8,,,,,0,77.5,8,0.1036,0.0,0.0165,-0.1036,1.3189,1.3,0.9857,0.9906,1.0,-0.714937,-71.494,model,history,1695.0,medium,monitor,no_action,,0.0,,,no_action,"history_resolver,no_xi_yet,fixture_t2",,odds_api_io,event_id=61526496;market=Anytime Goalscorer
2026-04-13T19:15:26Z,2026-04-12T14:37:46Z,2026-04-12,,Bet365,France - Ligue 1,OGC Nice,Le Havre AC,1,8697,Jonathan Clauss,Jonathan Clauss,Nice,Le Havre AC,DR,DR,6.5,0.153846,0.042999,23.2564,0.044,1.3566,0.0278,0.0377,0.0063,0.1425,0,0.121,0.0,0.72,recent_long,0.0,8.0,0.0,0.0,0.0,,,1,secondary,0.15,3.0,0.0063,0,,,unknown,unknown,none,none,,T2,1.0,no_lineup_payload,86.4,DR,1,0.7778,9,,,,,0,86.4,8,0.3293,0.0,0.0444,-0.3293,1.2658,1.3,1.027,1.0381,1.0,-0.720507,-72.051,model,history,6521.0,medium,monitor,no_action,,0.0,,,no_action,"history_resolver,no_xi_yet,fixture_t2",,odds_api_io,event_id=61526500;market=Anytime Goalscorer
2026-04-13T19:15:26Z,2026-04-12T14:37:46Z,2026-04-12,,Bet365,France - Ligue 1,OGC Nice,Le Havre AC,1,13070,Ali Abdi,Ali Abdi,Nice,Le Havre AC,Sub,Sub,6.5,0.153846,0.042312,23.6337,0.0432,1.3566,0.0319,0.0432,0.0,0.0,0,0.0,0.0,1.2,recent_long,0.0,6.0,0.0,0.0,0.0,,,0,none,0.0,0.0,0.0,0,,,unknown,unknown,none,none,,T2,1.0,no_lineup_payload,55.1,DL,1,0.8333,6,,,,,0,55.1,8,0.5165,1.0,0.0956,0.4835,1.2142,1.3,1.0706,1.0381,1.0,-0.724969,-72.497,model,history,2339.0,medium,monitor,no_action,,0.0,,,no_action,"history_resolver,no_xi_yet,fixture_t2",,odds_api_io,event_id=61526500;market=Anytime Goalscorer
2026-04-13T19:15:26Z,2026-04-12T14:37:46Z,2026-04-12,,Bet365,France - Ligue 1,OGC Nice,Le Havre AC,1,5962,Tanguy Ndombele,Tanguy Ndombele,Nice,Le Havre AC,Sub,Sub,6.5,0.153846,0.040389,24.7592,0.0412,1.3566,0.0304,0.0412,0.0,0.0,0,0.0,0.0,1.22,recent_long,0.0,3.0,0.0,0.0,0.0,,,0,none,0.0,0.0,0.0,0,,,unknown,unknown,none,none,,T2,1.0,no_lineup_payload,38.5,MC,3,1.0,2,,,,,0,38.5,8,0.2509,0.0,0.1195,-0.2509,1.6822,1.3,0.7728,1.0381,1.0,-0.737471,-73.747,model,history,1341.0,medium,monitor,no_action,,0.0,,,no_action,"history_resolver,no_xi_yet,fixture_t2",,odds_api_io,event_id=61526500;market=Anytime Goalscorer
2026-04-13T19:15:26Z,2026-04-12T14:37:46Z,2026-04-12,,Bet365,France - Ligue 1,OGC Nice,Le Havre AC,1,13100,Juma Bah,Juma Bah,Nice,Le Havre AC,DC,DC,9.5,0.105263,0.027528,36.3271,0.0279,1.3566,0.0206,0.0279,0.0,0.0,0,0.0,0.0,0.42,recent_long,0.0,1.0,0.0,0.0,0.0,,,0,none,0.0,0.0,0.0,0,,,unknown,unknown,none,none,,T2,1.0,no_lineup_payload,69.9,DC,1,1.0,8,,,,,0,69.9,8,0.0892,0.0,0.0156,-0.0892,1.2658,1.3,1.027,1.0381,1.0,-0.738487,-73.849,model,history,2271.0,medium,monitor,no_action,,0.0,,,no_action,"history_resolver,no_xi_yet,fixture_t2",,odds_api_io,event_id=61526500;market=Anytime Goalscorer
2026-04-13T19:15:26Z,2026-04-12T14:37:46Z,2026-04-12,,Bet365,France - Ligue 1,OGC Nice,Le Havre AC,1,14165,Brad Hamilton Mantsounga,Brad Hamilton Mantsounga,Nice,Le Havre AC,DC,DC,8.0,0.125,0.032623,30.6537,0.0332,1.3566,0.0244,0.0332,0.0,0.0,0,0.0,0.0,0.0,none,0.0,0.0,0.0,0.0,0.0,,,0,none,0.0,0.0,0.0,0,,,unknown,unknown,none,none,,T2,1.0,no_lineup_payload,90.0,DC,1,1.0,1,,,,,0,90.0,1,0.0,0.0,0.0,0.0,1.3034,1.3,0.9974,1.0381,1.0,-0.73902,-73.902,fallback,history,90.0,low,suppress,no_action,,0.0,,,no_action,"fallback_method,fixture_t2",,odds_api_io,event_id=61526500;market=Anytime Goalscorer
2026-04-13T19:15:26Z,2026-04-12T18:27:43Z,2026-04-12,,Bet365,France - Ligue 1,Olympique Lyon,FC Lorient,0,9929,Theo Le Bris,Theo Le Bris,Lorient,Olympique Lyon,DMR,DMR,6.5,0.153846,0.039363,25.4049,0.0402,1.1098,0.0362,0.0402,0.0,0.0,0,0.0,0.0,1.98,recent_long,0.0,5.0,0.0,0.0,0.0,,,0,none,0.0,0.0,0.0,0,,,unknown,unknown,none,none,,T2,1.0,no_lineup_payload,81.2,DMR,2,1.0,9,,,,,0,81.2,8,0.6823,0.0,0.0979,-0.6823,1.3138,1.3,0.9895,0.9906,1.0,-0.744143,-74.414,model,history,3391.0,medium,monitor,no_action,,0.0,,,no_action,"history_resolver,no_xi_yet,fixture_t2",,odds_api_io,event_id=61526496;market=Anytime Goalscorer
2026-04-13T19:15:26Z,2026-04-12T18:27:43Z,2026-04-12,,Bet365,France - Ligue 1,Olympique Lyon,FC Lorient,0,12382,Nathaniel Adjei,Nathaniel Adjei,Lorient,Olympique Lyon,DC,DC,19.0,0.052632,0.013047,76.6435,0.0131,1.1098,0.0118,0.0131,0.0,0.0,0,0.0,0.0,0.0,none,0.0,0.0,0.0,0.0,0.0,,,0,none,0.0,0.0,0.0,0,,,unknown,unknown,none,none,,T2,1.0,no_lineup_payload,52.0,DC,1,1.0,4,,,,,0,52.0,8,0.0,0.0,0.0,0.0,1.2113,1.3,1.0732,0.9906,1.0,-0.752099,-75.21,model,history,1545.0,medium,monitor,no_action,,0.0,,,no_action,"history_resolver,no_xi_yet,fixture_t2",,odds_api_io,event_id=61526496;market=Anytime Goalscorer
2026-04-13T19:15:26Z,2026-04-12T14:37:46Z,2026-04-12,,Bet365,France - Ligue 1,Toulouse FC,Lille OSC,1,13757,Alexis Vossah,Alexis Vossah,Toulouse,Lille OSC,MC,MC,7.0,0.142857,0.032588,30.6857,0.0331,1.308,0.0253,0.0331,0.0,0.0,0,0.0,0.0,2.08,recent_long,0.0,4.0,0.0,0.0,0.0,,,0,none,0.0,0.0,0.0,0,,,unknown,unknown,none,none,,T2,1.0,no_lineup_payload,48.4,MC,3,1.0,8,,,,,0,48.4,8,0.0189,0.0,0.0036,-0.0189,1.7024,1.3,0.7636,1.0009,1.0,-0.771881,-77.188,model,history,759.0,medium,monitor,no_action,,0.0,,,no_action,"history_resolver,no_xi_yet,fixture_t2",,odds_api_io,event_id=61526510;market=Anytime Goalscorer
2026-04-13T19:15:26Z,2026-04-12T14:37:46Z,2026-04-12,,Bet365,France - Ligue 1,Toulouse FC,Lille OSC,1,14049,Abu Francis,Abu Francis,Toulouse,Lille OSC,MC,MC,4.75,0.210526,0.04616,21.664,0.0473,1.308,0.0361,0.0473,0.0,0.0,0,0.0,0.0,4.19,recent_long,0.0,5.0,0.0,0.0,0.0,,,0,none,0.0,0.0,0.0,0,,,unknown,unknown,none,none,,T2,1.0,no_lineup_payload,68.1,MC,3,1.0,7,,,,,0,68.1,8,0.1765,0.0,0.0291,-0.1765,1.6898,1.3,0.7693,1.0009,1.0,-0.780742,-78.074,model,history,546.0,medium,monitor,no_action,,0.0,,,no_action,"history_resolver,no_xi_yet,fixture_t2",,odds_api_io,event_id=61526510;market=Anytime Goalscorer
2026-04-13T19:15:26Z,2026-04-12T18:27:43Z,2026-04-12,,Bet365,France - Ligue 1,Olympique Lyon,FC Lorient,0,12383,Mohamed Bamba,Mohamed Bamba,Lorient,Olympique Lyon,Sub,Sub,5.0,0.2,0.043512,22.982,0.0445,1.1098,0.0285,0.0316,0.0129,0.2898,0,0.308,0.308,2.63,recent_long,2.0,5.0,0.4,0.0,0.0,,,0,none,0.0,0.0,0.0047,0,,,unknown,unknown,none,none,,T2,1.0,no_lineup_payload,31.2,FW,5,1.0,2,,,,,0,31.2,8,0.2897,0.0,0.161,-0.2897,1.6412,1.3,0.7921,0.9906,1.0,-0.782439,-78.244,model,history,1827.0,medium,monitor,no_action,,0.0,,,no_action,"history_resolver,no_xi_yet,fixture_t2",,odds_api_io,event_id=61526496;market=Anytime Goalscorer
2026-04-13T19:15:26Z,2026-04-12T18:27:43Z,2026-04-12,,Bet365,France - Ligue 1,Olympique Lyon,FC Lorient,0,12381,Panos Katseris,Panos Katseris,Lorient,Olympique Lyon,Sub,Sub,7.0,0.142857,0.030997,32.2612,0.0315,1.1098,0.0284,0.0315,0.0,0.0,0,0.0,0.0,1.92,recent_long,0.0,3.0,0.0,0.0,0.0,,,0,none,0.0,0.0,0.0,0,,,unknown,unknown,none,none,,T2,1.0,no_lineup_payload,33.3,DMR,2,0.6667,3,,,,,0,33.3,8,0.0528,0.0,0.0393,-0.0528,1.3138,1.3,0.9895,0.9906,1.0,-0.783021,-78.302,model,history,1290.0,medium,monitor,no_action,,0.0,,,no_action,"history_resolver,no_xi_yet,fixture_t2",,odds_api_io,event_id=61526496;market=Anytime Goalscorer
2026-04-13T19:15:26Z,2026-04-12T14:37:46Z,2026-04-12,,Bet365,France - Ligue 1,OGC Nice,Le Havre AC,1,8050,Hicham Boudaoui,Hicham Boudaoui,Nice,Le Havre AC,DMC,DMC,4.333,0.230787,0.048872,20.4617,0.0501,1.3566,0.0369,0.0501,0.0,0.0,0,0.0,0.0,1.71,recent_long,0.0,13.0,0.0,0.0,0.0,,,0,none,0.0,0.0,0.0,0,,,unknown,unknown,none,none,,T2,1.0,no_lineup_payload,59.6,MC,3,0.6667,6,,,,,0,59.6,8,0.6074,0.0,0.1248,-0.6074,1.2658,1.3,1.027,1.0381,1.0,-0.788239,-78.824,model,history,5354.0,medium,monitor,no_action,,0.0,,,no_action,"history_resolver,no_xi_yet,fixture_t2",,odds_api_io,event_id=61526500;market=Anytime Goalscorer
2026-04-13T19:15:26Z,2026-04-12T18:27:43Z,2026-04-12,,Bet365,France - Ligue 1,Olympique Lyon,FC Lorient,0,12049,Tosin Aiyegun,Tosin Aiyegun,Lorient,Olympique Lyon,Sub,Sub,4.5,0.222222,0.046671,21.4267,0.0478,1.1098,0.0379,0.0421,0.0057,0.1191,0,0.1253,0.1924,2.92,recent_long,1.0,6.0,0.1667,0.0,0.0,,,1,tertiary,0.06,3.0,0.0,0,,,unknown,unknown,none,none,,T2,1.0,no_lineup_payload,33.9,FW,5,0.6667,3,,,,,0,33.9,8,1.1591,1.0,0.6173,-0.1591,1.3138,1.3,0.9895,0.9906,1.0,-0.789982,-78.998,model,history,1806.0,medium,monitor,no_action,,0.0,,,no_action,"history_resolver,no_xi_yet,fixture_t2",,odds_api_io,event_id=61526496;market=Anytime Goalscorer
2026-04-13T19:15:26Z,2026-04-12T14:37:46Z,2026-04-12,,Bet365,France - Ligue 1,OGC Nice,Le Havre AC,1,13751,Isak Jansson,Isak Jansson,Nice,Le Havre AC,AMC,AMC,4.0,0.25,0.051982,19.2376,0.0534,1.3566,0.0394,0.0534,0.0,0.0,0,0.0,0.0,0.54,recent_long,0.0,1.0,0.0,0.0,0.0,,,0,none,0.0,0.0,0.0,0,,,unknown,unknown,none,none,,T2,1.0,no_lineup_payload,29.4,FWL,5,0.5,4,,,,,0,29.4,8,0.4874,0.0,0.1899,-0.4874,1.3141,1.3,0.9893,1.0381,1.0,-0.792073,-79.207,model,history,576.0,medium,monitor,no_action,,0.0,,,no_action,"history_resolver,no_xi_yet,fixture_t2",,odds_api_io,event_id=61526500;market=Anytime Goalscorer
2026-04-13T19:15:26Z,2026-04-12T14:37:46Z,2026-04-12,,Bet365,France - Ligue 1,OGC Nice,Le Havre AC,1,14031,Charles Vanhoutte,Charles Vanhoutte,Nice,Le Havre AC,Sub,Sub,6.5,0.153846,0.029711,33.6574,0.0302,1.3566,0.0222,0.0302,0.0,0.0,0,0.0,0.0,0.72,recent_long,0.0,2.0,0.0,0.0,0.0,,,0,none,0.0,0.0,0.0,0,,,unknown,unknown,none,none,,T2,1.0,no_lineup_payload,72.2,DMC,2,0.875,8,,,,,0,72.2,8,0.0468,0.0,0.0067,-0.0468,1.48,1.3,0.8784,1.0381,1.0,-0.806877,-80.688,model,history,1673.0,medium,monitor,no_action,,0.0,,,no_action,"history_resolver,no_xi_yet,fixture_t2",,odds_api_io,event_id=61526500;market=Anytime Goalscorer
2026-04-13T19:15:26Z,2026-04-12T14:37:46Z,2026-04-12,,Bet365,France - Ligue 1,OGC Nice,Le Havre AC,1,14379,Kail Boudache,Kail Boudache,Nice,Le Havre AC,Sub,Sub,2.875,0.347826,0.066773,14.976,0.0691,1.3566,0.0509,0.0691,0.0,0.0,0,0.0,0.0,0.0,none,0.0,0.0,0.0,0.0,0.0,,,0,none,0.0,0.0,0.0,0,,,unknown,unknown,none,none,,T2,1.0,no_lineup_payload,39.1,AMC,4,1.0,1,,,,,0,39.1,8,2.2887,1.0,0.6358,-1.2887,1.2658,1.3,1.027,1.0381,1.0,-0.808027,-80.803,model,history,364.0,low,suppress,no_action,,0.0,,,no_action,"history_lt_500,fixture_t2",,odds_api_io,event_id=61526500;market=Anytime Goalscorer
2026-04-13T19:15:26Z,2026-04-12T14:37:46Z,2026-04-12,,Bet365,France - Ligue 1,OGC Nice,Le Havre AC,1,9642,Salis Abdul Samed,Salis Abdul Samed,Nice,Le Havre AC,DMC,DMC,8.0,0.125,0.022387,44.6695,0.0226,1.3566,0.0167,0.0226,0.0,0.0,0,0.0,0.0,1.7,recent_long,0.0,5.0,0.0,0.0,0.0,,,0,none,0.0,0.0,0.0,0,,,unknown,unknown,none,none,,T2,1.0,no_lineup_payload,45.9,MC,3,0.6667,6,,,,,0,45.9,8,0.0,0.0,0.0,0.0,1.5454,1.3,0.8412,1.0381,1.0,-0.820907,-82.091,model,history,2194.0,medium,monitor,no_action,,0.0,,,no_action,"history_resolver,no_xi_yet,fixture_t2",,odds_api_io,event_id=61526500;market=Anytime Goalscorer
2026-04-13T19:15:26Z,2026-04-12T14:37:46Z,2026-04-12,,Bet365,France - Ligue 1,OGC Nice,Le Havre AC,1,12969,Moise Bombito,Moise Bombito,Nice,Le Havre AC,DC,DC,9.5,0.105263,0.018021,55.4919,0.0182,1.3566,0.0134,0.0182,0.0,0.0,0,0.0,0.0,3.3,recent_long,0.0,6.0,0.0,0.0,0.0,,,0,none,0.0,0.0,0.0,0,,,unknown,unknown,none,none,,T2,1.0,no_lineup_payload,77.4,DC,1,1.0,10,,,,,0,77.4,8,0.0496,0.0,0.0071,-0.0496,1.696,1.3,0.7665,1.0381,1.0,-0.828804,-82.88,model,history,2351.0,medium,monitor,no_action,,0.0,,,no_action,"history_resolver,no_xi_yet,fixture_t2",,odds_api_io,event_id=61526500;market=Anytime Goalscorer
2026-04-13T19:15:26Z,2026-04-12T14:37:46Z,2026-04-12,,Bet365,France - Ligue 1,OGC Nice,Le Havre AC,1,8768,Omoruyi Kevin Carlos,Omoruyi Kevin Carlos,Nice,Le Havre AC,Sub,Sub,2.75,0.363636,0.06152,16.2548,0.0635,1.3566,0.0468,0.0635,0.0,0.0,0,0.0,0.0,0.48,recent_long,0.0,1.0,0.0,0.0,0.0,,,0,none,0.0,0.0,0.0,0,,,unknown,unknown,none,none,,T2,1.0,no_lineup_payload,39.3,FW,5,1.0,3,,,,,0,39.3,8,0.9265,0.0,0.3088,-0.9265,1.3488,1.3,0.9638,1.0381,1.0,-0.830819,-83.082,model,history,828.0,medium,monitor,no_action,,0.0,,,no_action,"history_resolver,no_xi_yet,fixture_t2",,odds_api_io,event_id=61526500;market=Anytime Goalscorer
2026-04-13T19:15:26Z,2026-04-12T18:27:43Z,2026-04-12,,Bet365,France - Ligue 1,Olympique Lyon,FC Lorient,0,13795,Karim Dermane,Karim Dermane,Lorient,Olympique Lyon,Sub,Sub,6.5,0.153846,0.025218,39.6536,0.0255,1.1098,0.023,0.0255,0.0,0.0,0,0.0,0.0,2.0,recent_long,0.0,5.0,0.0,0.0,0.0,,,0,none,0.0,0.0,0.0,0,,,unknown,unknown,none,none,,T2,1.0,no_lineup_payload,40.6,AMC,4,0.8,5,,,,,0,40.6,8,0.2559,0.0,0.0613,-0.2559,1.3138,1.3,0.9895,0.9906,1.0,-0.83608,-83.608,model,history,1263.0,medium,monitor,no_action,,0.0,,,no_action,"history_resolver,no_xi_yet,fixture_t2",,odds_api_io,event_id=61526496;market=Anytime Goalscorer
2026-04-13T19:15:26Z,2026-04-12T14:37:46Z,2026-04-12,,Bet365,France - Ligue 1,Toulouse FC,Lille OSC,1,13758,Seny Koumbassa,Seny Koumbassa,Toulouse,Lille OSC,DC,DC,12.0,0.083333,0.01328,75.3023,0.0134,1.308,0.0102,0.0134,0.0,0.0,0,0.0,0.0,0.73,recent_long,0.0,1.0,0.0,0.0,0.0,,,0,none,0.0,0.0,0.0,0,,,unknown,unknown,none,none,,T2,1.0,no_lineup_payload,44.7,DC,1,1.0,2,,,,,0,44.7,6,0.0589,0.0,0.0211,-0.0589,1.3479,1.3,0.9644,1.0009,1.0,-0.840642,-84.064,model,history,251.0,low,suppress,no_action,,0.0,,,no_action,"history_lt_500,fixture_t2",,odds_api_io,event_id=61526510;market=Anytime Goalscorer
2026-04-13T19:15:26Z,2026-04-12T14:37:46Z,2026-04-12,,Bet365,France - Ligue 1,OGC Nice,Le Havre AC,1,13042,Mohamed Abdelmonem,Mohamed Abdelmonem,Nice,Le Havre AC,DC,DC,9.5,0.105263,0.015537,64.3637,0.0157,1.3566,0.0115,0.0157,0.0,0.0,0,0.0,0.0,0.83,recent_long,0.0,1.0,0.0,0.0,0.0,,,0,none,0.0,0.0,0.0,0,,,unknown,unknown,none,none,,T2,1.0,no_lineup_payload,72.3,DC,1,1.0,9,,,,,0,72.3,8,0.0,0.0,0.0,0.0,1.7541,1.3,0.7411,1.0381,1.0,-0.852401,-85.24,model,history,857.0,medium,monitor,no_action,,0.0,,,no_action,"history_resolver,no_xi_yet,fixture_t2",,odds_api_io,event_id=61526500;market=Anytime Goalscorer
2026-04-13T19:15:26Z,2026-04-12T18:27:43Z,2026-04-12,,Bet365,France - Ligue 1,Olympique Lyon,FC Lorient,0,10074,Sambou Soumano,Sambou Soumano,Lorient,Olympique Lyon,Sub,Sub,3.75,0.266667,0.036402,27.4709,0.0371,1.1098,0.0323,0.0359,0.0012,0.0323,0,0.0331,0.0331,2.06,recent_long,1.0,5.0,0.2,0.0,0.0,,,0,none,0.0,0.0,0.0005,0,,,unknown,unknown,none,none,,T2,1.0,no_lineup_payload,27.1,,,0.0,0,,,,,0,27.1,8,0.132,0.0,0.1176,-0.132,1.3138,1.3,0.9895,0.9906,1.0,-0.863492,-86.349,model,history,865.0,medium,monitor,no_action,,0.0,,,no_action,"history_resolver,no_xi_yet,fixture_t2",,odds_api_io,event_id=61526496;market=Anytime Goalscorer
2026-04-13T19:15:26Z,2026-04-12T14:37:46Z,2026-04-12,,Bet365,France - Ligue 1,Toulouse FC,Lille OSC,1,5352,Niklas Schmidt,Niklas Schmidt,Toulouse,Lille OSC,Sub,Sub,8.0,0.125,0.016762,59.6582,0.0169,1.308,0.0129,0.0169,0.0,0.0,0,0.0,0.0,3.12,recent_long,0.0,8.0,0.0,0.0,0.0,,,0,none,0.0,0.0,0.0,0,,,unknown,unknown,none,none,,T2,1.0,no_lineup_payload,23.6,MC,3,1.0,3,,,,,0,23.6,8,0.0938,0.0,0.0722,-0.0938,1.668,1.3,0.7794,1.0009,1.0,-0.865903,-86.59,model,history,1445.0,medium,monitor,no_action,,0.0,,,no_action,"history_resolver,no_xi_yet,fixture_t2",,odds_api_io,event_id=61526510;market=Anytime Goalscorer
2026-04-13T19:15:26Z,2026-04-12T14:37:46Z,2026-04-12,,Bet365,France - Ligue 1,OGC Nice,Le Havre AC,1,14032,Tiago Gouveia,Tiago Gouveia,Nice,Le Havre AC,Sub,Sub,3.75,0.266667,0.033955,29.4509,0.0345,1.3566,0.0255,0.0345,0.0,0.0,0,0.0,0.0,0.57,recent_long,0.0,1.0,0.0,0.0,0.0,,,0,none,0.0,0.0,0.0,0,,,unknown,unknown,none,none,,T2,1.0,no_lineup_payload,34.6,MR,3,0.75,4,,,,,0,34.6,8,0.6314,0.0,0.2514,-0.6314,1.7109,1.3,0.7598,1.0381,1.0,-0.872669,-87.267,model,history,506.0,medium,monitor,no_action,,0.0,,,no_action,"history_resolver,no_xi_yet,fixture_t2",,odds_api_io,event_id=61526500;market=Anytime Goalscorer
2026-04-13T19:15:26Z,2026-04-12T14:37:46Z,2026-04-12,,Bet365,France - Ligue 1,Toulouse FC,Lille OSC,1,12330,Noah Edjouma,Noah Edjouma,Toulouse,Lille OSC,AMC,AMC,4.0,0.25,0.031292,31.9571,0.0318,1.308,0.0243,0.0318,0.0,0.0,0,0.0,0.0,0.65,recent_long,0.0,1.0,0.0,0.0,0.0,,,0,none,0.0,0.0,0.0,0,,,unknown,unknown,none,none,,T2,1.0,no_lineup_payload,13.8,AMC,4,1.0,1,,,,,0,13.8,8,1.285,1.0,1.0809,-0.285,1.7753,1.3,0.7323,1.0009,1.0,-0.874832,-87.483,model,history,133.0,low,suppress,no_action,,0.0,,,no_action,"history_lt_500,fixture_t2",,odds_api_io,event_id=61526510;market=Anytime Goalscorer
2026-04-13T19:15:26Z,2026-04-12T14:37:46Z,2026-04-12,,Bet365,France - Ligue 1,Toulouse FC,Lille OSC,1,13755,Mario Sauer,Mario Sauer,Toulouse,Lille OSC,Sub,Sub,6.5,0.153846,0.01736,57.603,0.0175,1.308,0.0134,0.0175,0.0,0.0,0,0.0,0.0,2.46,recent_long,0.0,6.0,0.0,0.0,0.0,,,0,none,0.0,0.0,0.0,0,,,unknown,unknown,none,none,,T2,1.0,no_lineup_payload,14.6,,,0.0,0,,,,,0,14.6,8,1.0373,1.0,1.1669,-0.0373,1.3479,1.3,0.9644,1.0009,1.0,-0.887159,-88.716,model,history,585.0,medium,monitor,no_action,,0.0,,,no_action,"history_resolver,no_xi_yet,fixture_t2",,odds_api_io,event_id=61526510;market=Anytime Goalscorer
2026-04-13T19:15:26Z,2026-04-12T14:37:46Z,2026-04-12,,Bet365,France - Ligue 1,Toulouse FC,Lille OSC,1,14435,Jacen Russell-Rowe,Jacen Russell-Rowe,Toulouse,Lille OSC,Sub,Sub,4.0,0.25,0.026131,38.2688,0.0265,1.308,0.0202,0.0265,0.0,0.0,0,0.0,0.0,0.0,none,0.0,0.0,0.0,0.0,0.0,,,0,none,0.0,0.0,0.0,0,,,unknown,unknown,none,none,,T2,1.0,no_lineup_payload,28.4,FW,5,1.0,2,,,,,0,28.4,8,0.7513,0.0,0.3102,-0.7513,1.3479,1.3,0.9644,1.0009,1.0,-0.895476,-89.548,model,history,218.0,low,suppress,no_action,,0.0,,,no_action,"history_lt_500,fixture_t2",,odds_api_io,event_id=61526510;market=Anytime Goalscorer
2026-04-13T19:15:26Z,2026-04-12T14:37:46Z,2026-04-12,,Bet365,France - Ligue 1,Toulouse FC,Lille OSC,1,12598,Rafik Messali,Rafik Messali,Toulouse,Lille OSC,DMR,DMR,6.5,0.153846,0.014806,67.5381,0.0149,1.308,0.0114,0.0149,0.0,0.0,0,0.0,0.0,1.54,recent_long,0.0,3.0,0.0,0.0,0.0,,,0,none,0.0,0.0,0.0,0,,,unknown,unknown,none,none,,T2,1.0,no_lineup_payload,42.6,DMR,2,0.8,5,,,,,0,42.6,8,0.0,0.0,0.0,0.0,1.5825,1.3,0.8215,1.0009,1.0,-0.903758,-90.376,model,history,942.0,medium,monitor,no_action,,0.0,,,no_action,"history_resolver,no_xi_yet,fixture_t2",,odds_api_io,event_id=61526510;market=Anytime Goalscorer
2026-04-13T19:15:26Z,2026-04-12T14:37:46Z,2026-04-12,,Bet365,France - Ligue 1,Toulouse FC,Lille OSC,1,13918,Julien Vignolo,Julien Vignolo,Toulouse,Lille OSC,Sub,Sub,3.75,0.266667,0.023187,43.1279,0.0235,1.308,0.0179,0.0235,0.0,0.0,0,0.0,0.0,1.12,recent_long,0.0,2.0,0.0,0.0,0.0,,,0,none,0.0,0.0,0.0,0,,,unknown,unknown,none,none,,T2,1.0,no_lineup_payload,14.3,AMC,4,1.0,1,,,,,0,14.3,8,1.6875,2.0,1.1167,0.3125,1.683,1.3,0.7724,1.0009,1.0,-0.913049,-91.305,model,history,153.0,low,suppress,no_action,,0.0,,,no_action,"history_lt_500,fixture_t2",,odds_api_io,event_id=61526510;market=Anytime Goalscorer
2026-04-13T19:15:26Z,2026-04-12T14:37:46Z,2026-04-12,,Bet365,France - Ligue 1,OGC Nice,Le Havre AC,1,13752,Gabin Bernardeau,Gabin Bernardeau,Nice,Le Havre AC,Sub,Sub,5.0,0.2,0.016812,59.483,0.017,1.3566,0.0125,0.017,0.0,0.0,0,0.0,0.0,0.0,none,0.0,0.0,0.0,0.0,0.0,,,0,none,0.0,0.0,0.0,0,,,unknown,unknown,none,none,,T2,1.0,no_lineup_payload,22.5,AMR,4,1.0,1,,,,,0,22.5,4,0.0967,0.0,0.0967,-0.0967,1.5689,1.3,0.8286,1.0381,1.0,-0.915942,-91.594,model,history,90.0,low,suppress,no_action,,0.0,,,no_action,"history_lt_500,fixture_t2",,odds_api_io,event_id=61526500;market=Anytime Goalscorer
2026-04-13T19:15:26Z,2026-04-12T18:27:43Z,2026-04-12,,Bet365,France - Ligue 1,Olympique Lyon,FC Lorient,0,14514,Daniel Semedo,Daniel Semedo,Lorient,Olympique Lyon,S,S,7.0,0.142857,0.010988,91.0084,0.011,1.1098,0.01,0.011,0.0,0.0,0,0.0,0.0,0.0,none,0.0,0.0,0.0,0.0,0.0,,,0,none,0.0,0.0,0.0,0,,,unknown,unknown,none,none,,T2,1.0,no_lineup_payload,7.0,,,0.0,0,,,,,0,7.0,0,0.0,0.0,0.0,0.0,,1.3,,0.9906,1.0,-0.923084,-92.308,fallback,live_roster,0.0,low,suppress,no_action,,0.0,,,no_action,"fallback_method,fixture_t2",,odds_api_io,event_id=61526496;market=Anytime Goalscorer
2026-04-13T19:15:26Z,2026-04-12T14:37:46Z,2026-04-12,,Bet365,France - Ligue 1,OGC Nice,Le Havre AC,1,13753,Djibril Coulibaly,Djibril Coulibaly,Nice,Le Havre AC,S,S,6.5,0.153846,0.009171,99.0,0.0092,1.3566,0.0068,0.0092,0.0,0.0,0,0.0,0.0,0.0,none,0.0,0.0,0.0,0.0,0.0,,,0,none,0.0,0.0,0.0,0,,,unknown,unknown,none,none,,T2,1.0,no_lineup_payload,5.0,,,0.0,0,,,,,0,5.0,0,0.0,0.0,0.0,0.0,,1.3,,1.0381,1.0,-0.940391,-94.039,fallback,live_roster,0.0,low,suppress,no_action,,0.0,,,no_action,"fallback_method,fixture_t2",,odds_api_io,event_id=61526500;market=Anytime Goalscorer
2026-04-13T19:15:26Z,2026-04-12T18:27:43Z,2026-04-12,,Bet365,France - Ligue 1,Olympique Lyon,FC Lorient,0,14011,Martin Bley,Martin Bley,Lorient,Olympique Lyon,S,S,7.0,0.142857,0.007861,99.0,0.0079,1.1098,0.0071,0.0079,0.0,0.0,0,0.0,0.0,0.0,none,0.0,0.0,0.0,0.0,0.0,,,0,none,0.0,0.0,0.0,0,,,unknown,unknown,none,none,,T2,1.0,no_lineup_payload,5.0,,,0.0,0,,,,,0,5.0,0,0.0,0.0,0.0,0.0,,1.3,,0.9906,1.0,-0.944973,-94.497,fallback,live_roster,0.0,low,suppress,no_action,,0.0,,,no_action,"fallback_method,fixture_t2",,odds_api_io,event_id=61526496;market=Anytime Goalscorer
2026-04-13T19:15:26Z,2026-04-12T14:37:46Z,2026-04-12,,Bet365,France - Ligue 1,Toulouse FC,Lille OSC,1,13608,Ilyas Azizi,Ilyas Azizi,Toulouse,Lille OSC,S,S,4.75,0.210526,0.009921,99.0,0.01,1.308,0.0076,0.01,0.0,0.0,0,0.0,0.0,0.0,none,0.0,0.0,0.0,0.0,0.0,,,0,none,0.0,0.0,0.0,0,,,unknown,unknown,none,none,,T2,1.0,no_lineup_payload,6.0,,,0.0,0,,,,,0,6.0,0,0.0,0.0,0.0,0.0,,1.3,,1.0009,1.0,-0.952875,-95.287,fallback,live_roster,0.0,low,suppress,no_action,,0.0,,,no_action,"fallback_method,fixture_t2",,odds_api_io,event_id=61526510;market=Anytime Goalscorer
2026-04-13T19:15:26Z,2026-04-12T14:37:46Z,2026-04-12,,Bet365,France - Ligue 1,OGC Nice,Le Havre AC,1,14242,Zoumana Diallo,Zoumana Diallo,Nice,Le Havre AC,S,S,1.952,0.512295,0.012815,78.032,0.0129,1.3566,0.0095,0.0129,0.0,0.0,0,0.0,0.0,0.0,none,0.0,0.0,0.0,0.0,0.0,,,0,none,0.0,0.0,0.0,0,,,unknown,unknown,none,none,,T2,1.0,no_lineup_payload,7.0,,,0.0,0,,,,,0,7.0,0,0.0,0.0,0.0,0.0,,1.3,,1.0381,1.0,-0.974985,-97.498,fallback,live_roster,0.0,low,suppress,no_action,,0.0,,,no_action,"fallback_method,fixture_t2",,odds_api_io,event_id=61526500;market=Anytime Goalscorer
