date,league,home_team,away_team,team_side,football_data_sot,fotmob_sot,delta,absolute_delta,exact_match,within_one,fotmob_match_id
2026-05-09,bundesliga,Augsburg,M'gladbach,home,10,10,0,0,True,True,4829603
2026-05-09,bundesliga,Augsburg,M'gladbach,away,4,4,0,0,True,True,4829603
2026-05-09,bundesliga,Hoffenheim,Werder Bremen,home,4,4,0,0,True,True,4829607
2026-05-09,bundesliga,Hoffenheim,Werder Bremen,away,2,2,0,0,True,True,4829607
2026-05-09,bundesliga,RB Leipzig,St Pauli,home,5,5,0,0,True,True,4829609
2026-05-09,bundesliga,RB Leipzig,St Pauli,away,3,3,0,0,True,True,4829609
2026-05-09,bundesliga,Wolfsburg,Bayern Munich,home,5,5,0,0,True,True,4829611
2026-05-09,bundesliga,Wolfsburg,Bayern Munich,away,9,9,0,0,True,True,4829611
2026-05-10,bundesliga,Hamburg,Freiburg,home,5,5,0,0,True,True,4829606
2026-05-10,bundesliga,Hamburg,Freiburg,away,3,3,0,0,True,True,4829606
2026-05-10,bundesliga,FC Koln,Heidenheim,home,7,7,0,0,True,True,4829605
2026-05-10,bundesliga,FC Koln,Heidenheim,away,5,5,0,0,True,True,4829605
2026-05-10,bundesliga,Mainz,Union Berlin,home,3,4,1,1,False,True,4829608
2026-05-10,bundesliga,Mainz,Union Berlin,away,9,9,0,0,True,True,4829608
2026-05-10,ligue-1,Angers,Strasbourg,home,4,4,0,0,True,True,4830746
2026-05-10,ligue-1,Angers,Strasbourg,away,6,6,0,0,True,True,4830746
2026-05-10,ligue-1,Le Havre,Marseille,home,2,2,0,0,True,True,4830748
2026-05-10,ligue-1,Le Havre,Marseille,away,3,3,0,0,True,True,4830748
2026-05-10,ligue-1,Metz,Lorient,home,2,2,0,0,True,True,4830750
2026-05-10,ligue-1,Metz,Lorient,away,7,7,0,0,True,True,4830750
2026-05-10,ligue-1,Monaco,Lille,home,3,3,0,0,True,True,4830751
2026-05-10,ligue-1,Monaco,Lille,away,2,2,0,0,True,True,4830751
2026-05-10,ligue-1,Rennes,Paris FC,home,5,4,-1,1,False,True,4830753
2026-05-10,ligue-1,Rennes,Paris FC,away,1,1,0,0,True,True,4830753
2026-05-13,ligue-1,Brest,Strasbourg,home,6,6,0,0,True,True,4830711
2026-05-13,ligue-1,Brest,Strasbourg,away,5,5,0,0,True,True,4830711
2026-05-16,bundesliga,Bayern Munich,FC Koln,home,7,7,0,0,True,True,4829613
2026-05-16,bundesliga,Bayern Munich,FC Koln,away,2,2,0,0,True,True,4829613
2026-05-16,bundesliga,Freiburg,RB Leipzig,home,5,5,0,0,True,True,4829616
2026-05-16,bundesliga,Freiburg,RB Leipzig,away,6,6,0,0,True,True,4829616
2026-05-16,bundesliga,Heidenheim,Mainz,home,5,5,0,0,True,True,4829617
2026-05-16,bundesliga,Heidenheim,Mainz,away,9,9,0,0,True,True,4829617
2026-05-16,bundesliga,M'gladbach,Hoffenheim,home,6,6,0,0,True,True,4829614
2026-05-16,bundesliga,M'gladbach,Hoffenheim,away,3,3,0,0,True,True,4829614
2026-05-16,bundesliga,St Pauli,Wolfsburg,home,2,2,0,0,True,True,4829618
2026-05-16,bundesliga,St Pauli,Wolfsburg,away,10,10,0,0,True,True,4829618
2026-05-16,bundesliga,Union Berlin,Augsburg,home,9,9,0,0,True,True,4829619
2026-05-16,bundesliga,Union Berlin,Augsburg,away,1,1,0,0,True,True,4829619
2026-05-17,la-liga,Ath Madrid,Girona,home,4,4,0,0,True,True,4837471
2026-05-17,la-liga,Ath Madrid,Girona,away,11,11,0,0,True,True,4837471
2026-05-17,la-liga,Elche,Getafe,home,3,3,0,0,True,True,4837473
2026-05-17,la-liga,Levante,Mallorca,home,3,3,0,0,True,True,4837474
2026-05-17,la-liga,Levante,Mallorca,away,3,3,0,0,True,True,4837474
2026-05-17,la-liga,Osasuna,Espanol,home,8,8,0,0,True,True,4837478
2026-05-17,la-liga,Osasuna,Espanol,away,3,3,0,0,True,True,4837478
2026-05-17,la-liga,Sevilla,Real Madrid,home,6,6,0,0,True,True,4837479
2026-05-17,la-liga,Sevilla,Real Madrid,away,1,1,0,0,True,True,4837479
2026-05-17,la-liga,Sociedad,Valencia,home,3,3,0,0,True,True,4837476
2026-05-17,la-liga,Sociedad,Valencia,away,6,6,0,0,True,True,4837476
2026-05-17,la-liga,Vallecano,Villarreal,home,7,7,0,0,True,True,4837475
2026-05-17,la-liga,Vallecano,Villarreal,away,2,2,0,0,True,True,4837475
2026-05-17,la-liga,Barcelona,Betis,home,9,9,0,0,True,True,4837472
2026-05-17,la-liga,Barcelona,Betis,away,2,2,0,0,True,True,4837472
2026-05-17,ligue-1,Brest,Angers,home,5,5,0,0,True,True,4830755
2026-05-17,ligue-1,Brest,Angers,away,2,2,0,0,True,True,4830755
2026-05-17,ligue-1,Lille,Auxerre,home,3,3,0,0,True,True,4830756
2026-05-17,ligue-1,Lille,Auxerre,away,4,4,0,0,True,True,4830756
2026-05-17,ligue-1,Lorient,Le Havre,home,2,2,0,0,True,True,4830757
2026-05-17,ligue-1,Lorient,Le Havre,away,4,4,0,0,True,True,4830757
2026-05-17,ligue-1,Lyon,Lens,home,4,4,0,0,True,True,4830758
2026-05-17,ligue-1,Lyon,Lens,away,4,4,0,0,True,True,4830758
2026-05-17,ligue-1,Marseille,Rennes,home,11,11,0,0,True,True,4830759
2026-05-17,ligue-1,Marseille,Rennes,away,6,6,0,0,True,True,4830759
2026-05-17,ligue-1,Nantes,Toulouse,home,1,1,0,0,True,True,4830760
2026-05-17,ligue-1,Nantes,Toulouse,away,1,1,0,0,True,True,4830760
2026-05-17,ligue-1,Nice,Metz,home,4,4,0,0,True,True,4830761
2026-05-17,ligue-1,Nice,Metz,away,4,4,0,0,True,True,4830761
2026-05-17,ligue-1,Strasbourg,Monaco,home,7,7,0,0,True,True,4830763
2026-05-17,ligue-1,Strasbourg,Monaco,away,8,8,0,0,True,True,4830763
2026-05-18,epl,Arsenal,Burnley,home,3,3,0,0,True,True,4813736
2026-05-22,serie-a,Fiorentina,Atalanta,home,4,4,0,0,True,True,4803410
2026-05-22,serie-a,Fiorentina,Atalanta,away,6,6,0,0,True,True,4803410
2026-05-23,la-liga,Celta,Sevilla,home,3,3,0,0,True,True,4837482
2026-05-23,la-liga,Celta,Sevilla,away,2,2,0,0,True,True,4837482
2026-05-23,la-liga,Girona,Elche,home,7,7,0,0,True,True,4837489
2026-05-23,la-liga,Girona,Elche,away,1,1,0,0,True,True,4837489
2026-05-23,la-liga,Real Madrid,Ath Bilbao,home,8,8,0,0,True,True,4837486
2026-05-23,la-liga,Real Madrid,Ath Bilbao,away,2,2,0,0,True,True,4837486
2026-05-23,la-liga,Valencia,Barcelona,home,6,6,0,0,True,True,4837488
2026-05-23,la-liga,Valencia,Barcelona,away,4,4,0,0,True,True,4837488
2026-05-23,serie-a,Bologna,Inter,home,3,3,0,0,True,True,4803408
2026-05-23,serie-a,Bologna,Inter,away,5,5,0,0,True,True,4803408
2026-05-23,serie-a,Lazio,Pisa,home,9,9,0,0,True,True,4803411
2026-05-23,serie-a,Lazio,Pisa,away,2,2,0,0,True,True,4803411
2026-05-24,epl,Brighton,Man United,home,2,2,0,0,True,True,4813745
2026-05-24,epl,Brighton,Man United,away,7,7,0,0,True,True,4813745
2026-05-24,epl,Crystal Palace,Arsenal,home,3,3,0,0,True,True,4813747
2026-05-24,epl,Crystal Palace,Arsenal,away,7,7,0,0,True,True,4813747
2026-05-24,epl,Fulham,Newcastle,home,6,6,0,0,True,True,4813748
2026-05-24,epl,Fulham,Newcastle,away,2,2,0,0,True,True,4813748
2026-05-24,epl,Liverpool,Brentford,home,8,8,0,0,True,True,4813749
2026-05-24,epl,Liverpool,Brentford,away,2,2,0,0,True,True,4813749
2026-05-24,epl,Man City,Aston Villa,home,3,3,0,0,True,True,4813750
2026-05-24,epl,Man City,Aston Villa,away,5,5,0,0,True,True,4813750
2026-05-24,epl,Nott'm Forest,Bournemouth,home,5,5,0,0,True,True,4813751
2026-05-24,epl,Nott'm Forest,Bournemouth,away,4,4,0,0,True,True,4813751
2026-05-24,epl,Sunderland,Chelsea,home,2,6,4,4,False,False,4813752
2026-05-24,epl,Sunderland,Chelsea,away,1,3,2,2,False,False,4813752
2026-05-24,epl,Tottenham,Everton,home,6,2,-4,4,False,False,4813753
2026-05-24,epl,Tottenham,Everton,away,3,1,-2,2,False,False,4813753
2026-05-24,epl,West Ham,Leeds,home,9,9,0,0,True,True,4813754
2026-05-24,epl,West Ham,Leeds,away,3,3,0,0,True,True,4813754
2026-05-24,serie-a,Napoli,Udinese,home,6,6,0,0,True,True,4803414
2026-05-24,serie-a,Napoli,Udinese,away,3,3,0,0,True,True,4803414
2026-05-24,serie-a,Cremonese,Como,home,1,1,0,0,True,True,4803409
2026-05-24,serie-a,Cremonese,Como,away,6,6,0,0,True,True,4803409
2026-05-24,serie-a,Lecce,Genoa,home,4,4,0,0,True,True,4803412
2026-05-24,serie-a,Lecce,Genoa,away,1,1,0,0,True,True,4803412
2026-05-24,serie-a,Milan,Cagliari,home,3,3,0,0,True,True,4803413
2026-05-24,serie-a,Milan,Cagliari,away,10,10,0,0,True,True,4803413
2026-05-24,serie-a,Torino,Juventus,home,5,5,0,0,True,True,4803416
2026-05-24,serie-a,Torino,Juventus,away,4,4,0,0,True,True,4803416
