lane,source,year,date_iso,tournament,surface,series,confidence,market,side,player1,player2,selection,edge_pct,odds,result,pnl,staked,segment
clay_bo3,historical_ml_backtest,2022,2022-01-31,Cordoba Open,Clay,ATP250,high,ml,favorite_ml,Juan Pablo Varillas,Facundo Bagnis,Facundo Bagnis,9.856,1.99,loss,-1.0,1.0,ATP250|favorite_ml
clay_bo3,historical_ml_backtest,2022,2022-02-01,Cordoba Open,Clay,ATP250,high,ml,favorite_ml,Juan Pablo Ficovich,Federico Coria,Federico Coria,7.379,1.55,loss,-1.0,1.0,ATP250|favorite_ml
clay_bo3,historical_ml_backtest,2022,2022-02-04,Cordoba Open,Clay,ATP250,high,ml,dog_ml,Albert Ramos-Vinolas,Lorenzo Sonego,Albert Ramos-Vinolas,8.063,2.46,win,1.46,1.0,ATP250|dog_ml
clay_bo3,historical_ml_backtest,2022,2022-02-04,Cordoba Open,Clay,ATP250,high,ml,dog_ml,Alejandro Tabilo,Carlos Taberner,Carlos Taberner,7.461,2.33,loss,-1.0,1.0,ATP250|dog_ml
clay_bo3,historical_ml_backtest,2022,2022-02-05,Cordoba Open,Clay,ATP250,high,ml,favorite_ml,Albert Ramos-Vinolas,Juan Ignacio Londero,Albert Ramos-Vinolas,8.813,1.65,win,0.6499999999999999,1.0,ATP250|favorite_ml
clay_bo3,historical_ml_backtest,2022,2022-02-07,Argentina Open,Clay,ATP250,high,ml,dog_ml,Federico Coria,Pablo Cuevas,Pablo Cuevas,12.787,2.78,loss,-1.0,1.0,ATP250|dog_ml
clay_bo3,historical_ml_backtest,2022,2022-02-08,Argentina Open,Clay,ATP250,high,ml,favorite_ml,Pablo Andujar,Juan Ignacio Londero,Pablo Andujar,5.481,1.99,win,0.99,1.0,ATP250|favorite_ml
clay_bo3,historical_ml_backtest,2022,2022-02-09,Argentina Open,Clay,ATP250,high,ml,favorite_ml,Federico Coria,Dusan Lajovic,Federico Coria,9.994,1.93,win,0.9299999999999999,1.0,ATP250|favorite_ml
clay_bo3,historical_ml_backtest,2022,2022-02-10,Argentina Open,Clay,ATP250,high,ml,favorite_ml,Lorenzo Sonego,Sebastian Baez,Lorenzo Sonego,8.74,1.9,win,0.8999999999999999,1.0,ATP250|favorite_ml
clay_bo3,historical_ml_backtest,2022,2022-02-13,Argentina Open,Clay,ATP250,high,ml,dog_ml,Casper Ruud,Diego Sebastian Schwartzman,Diego Sebastian Schwartzman,7.025,2.94,loss,-1.0,1.0,ATP250|dog_ml
clay_bo3,historical_ml_backtest,2022,2022-02-16,Rio Open,Clay,ATP500,high,ml,favorite_ml,Pablo Andujar,Albert Ramos-Vinolas,Albert Ramos-Vinolas,11.961,1.66,loss,-1.0,1.0,ATP500|favorite_ml
clay_bo3,historical_ml_backtest,2022,2022-02-16,Rio Open,Clay,ATP500,high,ml,favorite_ml,Federico Coria,Fernando Verdasco,Federico Coria,7.417,1.5,win,0.5,1.0,ATP500|favorite_ml
clay_bo3,historical_ml_backtest,2022,2022-02-19,Rio Open,Clay,ATP500,high,ml,favorite_ml,Diego Sebastian Schwartzman,Francisco Cerundolo,Diego Sebastian Schwartzman,5.818,1.46,win,0.45999999999999996,1.0,ATP500|favorite_ml
clay_bo3,historical_ml_backtest,2022,2022-02-21,Chile Open,Clay,ATP250,high,ml,favorite_ml,Facundo Bagnis,Bernabe Zapata Miralles,Bernabe Zapata Miralles,12.909,2.17,loss,-1.0,1.0,ATP250|favorite_ml
clay_bo3,historical_ml_backtest,2022,2022-02-22,Chile Open,Clay,ATP250,high,ml,favorite_ml,Hugo Dellien,Gonzalo Lama,Hugo Dellien,10.8,1.43,win,0.42999999999999994,1.0,ATP250|favorite_ml
clay_bo3,historical_ml_backtest,2022,2022-02-22,Chile Open,Clay,ATP250,high,ml,dog_ml,Carlos Taberner,Juan Manuel Cerundolo,Juan Manuel Cerundolo,11.389,2.55,loss,-1.0,1.0,ATP250|dog_ml
clay_bo3,historical_ml_backtest,2022,2022-02-23,Chile Open,Clay,ATP250,high,ml,favorite_ml,Thiago Moura Monteiro,Federico Delbonis,Federico Delbonis,11.989,1.85,loss,-1.0,1.0,ATP250|favorite_ml
clay_bo3,historical_ml_backtest,2022,2022-02-24,Chile Open,Clay,ATP250,high,ml,dog_ml,Yannick Hanfmann,Thiago Seyboth Wild,Thiago Seyboth Wild,6.787,3.1,loss,-1.0,1.0,ATP250|dog_ml
clay_bo3,historical_ml_backtest,2022,2022-02-25,Chile Open,Clay,ATP250,high,ml,favorite_ml,Sebastian Baez,Thiago Moura Monteiro,Sebastian Baez,7.694,1.63,win,0.6299999999999999,1.0,ATP250|favorite_ml
clay_bo3,historical_ml_backtest,2022,2022-04-05,Grand Prix Hassan II,Clay,ATP250,high,ml,favorite_ml,Lorenzo Musetti,Albert Ramos-Vinolas,Albert Ramos-Vinolas,5.306,1.67,loss,-1.0,1.0,ATP250|favorite_ml
clay_bo3,historical_ml_backtest,2022,2022-04-07,Grand Prix Hassan II,Clay,ATP250,high,ml,favorite_ml,Roberto Carballes Baena,Joao Sousa,Roberto Carballes Baena,7.673,1.54,win,0.54,1.0,ATP250|favorite_ml
clay_bo3,historical_ml_backtest,2022,2022-04-07,Grand Prix Hassan II,Clay,ATP250,high,ml,dog_ml,Botic Van De Zandschulp,Vit Kopriva,Vit Kopriva,8.816,3.09,loss,-1.0,1.0,ATP250|dog_ml
clay_bo3,historical_ml_backtest,2022,2022-04-08,Grand Prix Hassan II,Clay,ATP250,high,ml,favorite_ml,Alex Molcan,Botic Van De Zandschulp,Alex Molcan,10.699,2.04,win,1.04,1.0,ATP250|favorite_ml
clay_bo3,historical_ml_backtest,2022,2022-04-09,Grand Prix Hassan II,Clay,ATP250,high,ml,dog_ml,David Goffin,Federico Coria,Federico Coria,5.331,2.21,loss,-1.0,1.0,ATP250|dog_ml
clay_bo3,historical_ml_backtest,2022,2022-04-10,Monte Carlo Masters,Clay,Masters 1000,high,ml,favorite_ml,Dusan Lajovic,Filip Krajinovic,Filip Krajinovic,8.857,1.77,loss,-1.0,1.0,Masters 1000|favorite_ml
clay_bo3,historical_ml_backtest,2022,2022-04-11,Monte Carlo Masters,Clay,Masters 1000,high,ml,dog_ml,Pablo Carreno-Busta,Sebastian Baez,Sebastian Baez,8.989,2.81,loss,-1.0,1.0,Masters 1000|dog_ml
clay_bo3,historical_ml_backtest,2022,2022-04-11,Monte Carlo Masters,Clay,Masters 1000,high,ml,dog_ml,Sebastian Korda,Botic Van De Zandschulp,Botic Van De Zandschulp,10.585,2.45,loss,-1.0,1.0,Masters 1000|dog_ml
clay_bo3,historical_ml_backtest,2022,2022-04-12,Monte Carlo Masters,Clay,Masters 1000,high,ml,favorite_ml,Daniel Evans,Benjamin Bonzi,Daniel Evans,9.171,1.88,win,0.8799999999999999,1.0,Masters 1000|favorite_ml
clay_bo3,historical_ml_backtest,2022,2022-04-12,Monte Carlo Masters,Clay,Masters 1000,high,ml,favorite_ml,David Goffin,Jiri Lehecka,David Goffin,7.248,1.66,win,0.6599999999999999,1.0,Masters 1000|favorite_ml
clay_bo3,historical_ml_backtest,2022,2022-04-13,Monte Carlo Masters,Clay,Masters 1000,high,ml,favorite_ml,Lorenzo Musetti,Felix Auger Aliassime,Felix Auger Aliassime,9.075,1.6,loss,-1.0,1.0,Masters 1000|favorite_ml
clay_bo3,historical_ml_backtest,2022,2022-04-13,Monte Carlo Masters,Clay,Masters 1000,high,ml,favorite_ml,Albert Ramos-Vinolas,Cameron Norrie,Cameron Norrie,7.5,1.68,loss,-1.0,1.0,Masters 1000|favorite_ml
clay_bo3,historical_ml_backtest,2022,2022-04-14,Monte Carlo Masters,Clay,Masters 1000,high,ml,favorite_ml,Alejandro Davidovich Fokina,David Goffin,David Goffin,8.109,1.78,loss,-1.0,1.0,Masters 1000|favorite_ml
clay_bo3,historical_ml_backtest,2022,2022-04-14,Monte Carlo Masters,Clay,Masters 1000,high,ml,favorite_ml,Diego Sebastian Schwartzman,Lorenzo Musetti,Diego Sebastian Schwartzman,8.482,1.61,win,0.6100000000000001,1.0,Masters 1000|favorite_ml
clay_bo3,historical_ml_backtest,2022,2022-04-18,Serbia Open,Clay,ATP250,high,ml,favorite_ml,Holger Rune,Cristian Garin,Cristian Garin,12.1,2.17,loss,-1.0,1.0,ATP250|favorite_ml
clay_bo3,historical_ml_backtest,2022,2022-04-19,Barcelona Open,Clay,ATP500,high,ml,dog_ml,Hugo Dellien,Manuel Guinard,Manuel Guinard,8.759,3.12,loss,-1.0,1.0,ATP500|dog_ml
clay_bo3,historical_ml_backtest,2022,2022-04-19,Serbia Open,Clay,ATP250,high,ml,dog_ml,Jiri Lehecka,Henri Laaksonen,Henri Laaksonen,10.704,2.72,loss,-1.0,1.0,ATP250|dog_ml
clay_bo3,historical_ml_backtest,2022,2022-04-20,Serbia Open,Clay,ATP250,high,ml,dog_ml,Thiago Moura Monteiro,Filip Krajinovic,Thiago Moura Monteiro,10.465,2.38,win,1.38,1.0,ATP250|dog_ml
clay_bo3,historical_ml_backtest,2022,2022-04-21,Serbia Open,Clay,ATP250,high,ml,dog_ml,Oscar Otte,Aslan Karatsev,Oscar Otte,11.017,2.7,win,1.7000000000000002,1.0,ATP250|dog_ml
clay_bo3,historical_ml_backtest,2022,2022-04-22,Barcelona Open,Clay,ATP500,high,ml,dog_ml,Pablo Carreno-Busta,Casper Ruud,Pablo Carreno-Busta,11.62,3.83,win,2.83,1.0,ATP500|dog_ml
clay_bo3,historical_ml_backtest,2022,2022-04-22,Barcelona Open,Clay,ATP500,high,ml,dog_ml,Pablo Carreno-Busta,Lorenzo Sonego,Lorenzo Sonego,8.162,2.63,loss,-1.0,1.0,ATP500|dog_ml
clay_bo3,historical_ml_backtest,2022,2022-04-22,Barcelona Open,Clay,ATP500,high,ml,favorite_ml,Diego Sebastian Schwartzman,Lorenzo Musetti,Diego Sebastian Schwartzman,5.759,1.49,win,0.49,1.0,ATP500|favorite_ml
clay_bo3,historical_ml_backtest,2022,2022-04-25,BMW Open,Clay,ATP250,high,ml,dog_ml,Holger Rune,Jiri Lehecka,Jiri Lehecka,9.094,2.63,loss,-1.0,1.0,ATP250|dog_ml
clay_bo3,historical_ml_backtest,2022,2022-04-25,BMW Open,Clay,ATP250,high,ml,dog_ml,Emil Ruusuvuori,Yoshihito Nishioka,Yoshihito Nishioka,8.346,2.51,loss,-1.0,1.0,ATP250|dog_ml
clay_bo3,historical_ml_backtest,2022,2022-04-26,Millennium Estoril Open,Clay,ATP250,high,ml,favorite_ml,Pablo Cuevas,Roberto Carballes Baena,Roberto Carballes Baena,8.805,1.83,loss,-1.0,1.0,ATP250|favorite_ml
clay_bo3,historical_ml_backtest,2022,2022-04-28,BMW Open,Clay,ATP250,high,ml,favorite_ml,Oscar Otte,Reilly Opelka,Reilly Opelka,7.52,1.6,loss,-1.0,1.0,ATP250|favorite_ml
clay_bo3,historical_ml_backtest,2022,2022-04-29,Millennium Estoril Open,Clay,ATP250,high,ml,dog_ml,Sebastian Baez,Richard Gasquet,Richard Gasquet,12.776,3.15,loss,-1.0,1.0,ATP250|dog_ml
clay_bo3,historical_ml_backtest,2022,2022-04-30,Millennium Estoril Open,Clay,ATP250,high,ml,dog_ml,Sebastian Baez,Albert Ramos-Vinolas,Albert Ramos-Vinolas,12.994,2.37,loss,-1.0,1.0,ATP250|dog_ml
clay_bo3,historical_ml_backtest,2022,2022-05-04,Mutua Madrid Open,Clay,Masters 1000,high,ml,dog_ml,Lorenzo Musetti,Sebastian Korda,Lorenzo Musetti,7.48,2.55,win,1.5499999999999998,1.0,Masters 1000|dog_ml
clay_bo3,historical_ml_backtest,2022,2022-05-09,Internazionali BNL d'Italia,Clay,Masters 1000,high,ml,favorite_ml,Denis Shapovalov,Lorenzo Sonego,Denis Shapovalov,11.782,1.97,win,0.97,1.0,Masters 1000|favorite_ml
clay_bo3,historical_ml_backtest,2022,2022-05-10,Internazionali BNL d'Italia,Clay,Masters 1000,high,ml,favorite_ml,Felix Auger Aliassime,Alejandro Davidovich Fokina,Felix Auger Aliassime,6.709,1.72,win,0.72,1.0,Masters 1000|favorite_ml
clay_bo3,historical_ml_backtest,2022,2022-05-10,Internazionali BNL d'Italia,Clay,Masters 1000,high,ml,dog_ml,Grigor Dimitrov,Brandon Nakashima,Brandon Nakashima,11.624,3.91,loss,-1.0,1.0,Masters 1000|dog_ml
clay_bo3,historical_ml_backtest,2022,2022-05-10,Internazionali BNL d'Italia,Clay,Masters 1000,high,ml,dog_ml,Casper Ruud,Botic Van De Zandschulp,Botic Van De Zandschulp,6.918,3.17,loss,-1.0,1.0,Masters 1000|dog_ml
clay_bo3,historical_ml_backtest,2022,2022-05-13,Internazionali BNL d'Italia,Clay,Masters 1000,high,ml,dog_ml,Casper Ruud,Denis Shapovalov,Denis Shapovalov,9.153,3.02,loss,-1.0,1.0,Masters 1000|dog_ml
clay_bo3,historical_ml_backtest,2022,2022-05-16,Geneva Open,Clay,ATP250,high,ml,dog_ml,Ilya Ivashka,Marcos Giron,Marcos Giron,12.001,2.7,loss,-1.0,1.0,ATP250|dog_ml
clay_bo3,historical_ml_backtest,2022,2022-05-16,Geneva Open,Clay,ATP250,high,ml,dog_ml,Benoit Paire,Emil Ruusuvuori,Benoit Paire,5.299,2.97,win,1.9700000000000002,1.0,ATP250|dog_ml
clay_bo3,historical_ml_backtest,2022,2022-05-17,Geneva Open,Clay,ATP250,high,ml,dog_ml,Joao Sousa,Pablo Andujar,Joao Sousa,9.497,2.54,win,1.54,1.0,ATP250|dog_ml
clay_bo3,historical_ml_backtest,2022,2022-05-17,Lyon Open,Clay,ATP250,high,ml,dog_ml,Sebastian Baez,Oscar Otte,Oscar Otte,6.621,3.17,loss,-1.0,1.0,ATP250|dog_ml
clay_bo3,historical_ml_backtest,2022,2022-05-17,Lyon Open,Clay,ATP250,high,ml,dog_ml,Cameron Norrie,Francisco Cerundolo,Francisco Cerundolo,5.517,3.05,loss,-1.0,1.0,ATP250|dog_ml
clay_bo3,historical_ml_backtest,2022,2022-05-18,Geneva Open,Clay,ATP250,high,ml,favorite_ml,Ilya Ivashka,Denis Shapovalov,Denis Shapovalov,9.581,1.52,loss,-1.0,1.0,ATP250|favorite_ml
clay_bo3,historical_ml_backtest,2022,2022-05-18,Geneva Open,Clay,ATP250,high,ml,favorite_ml,Joao Sousa,Nikoloz Basilashvili,Nikoloz Basilashvili,5.291,1.57,loss,-1.0,1.0,ATP250|favorite_ml
clay_bo3,historical_ml_backtest,2022,2022-05-19,Lyon Open,Clay,ATP250,high,ml,dog_ml,Manuel Guinard,Michael Mmoh,Michael Mmoh,9.671,2.51,loss,-1.0,1.0,ATP250|dog_ml
clay_bo3,historical_ml_backtest,2022,2022-05-21,Lyon Open,Clay,ATP250,high,ml,favorite_ml,Cameron Norrie,Alex Molcan,Cameron Norrie,5.154,1.68,win,0.6799999999999999,1.0,ATP250|favorite_ml
clay_bo3,historical_ml_backtest,2022,2022-07-11,Nordea Open,Clay,ATP250,high,ml,favorite_ml,Laslo Djere,Lorenzo Musetti,Lorenzo Musetti,12.423,2.05,loss,-1.0,1.0,ATP250|favorite_ml
clay_bo3,historical_ml_backtest,2022,2022-07-11,Nordea Open,Clay,ATP250,high,ml,favorite_ml,Elias Ymer,Daniel Altmaier,Daniel Altmaier,7.772,1.79,loss,-1.0,1.0,ATP250|favorite_ml
clay_bo3,historical_ml_backtest,2022,2022-07-12,Nordea Open,Clay,ATP250,high,ml,favorite_ml,Francisco Cerundolo,Pedro Sousa,Francisco Cerundolo,5.559,1.32,win,0.32000000000000006,1.0,ATP250|favorite_ml
clay_bo3,historical_ml_backtest,2022,2022-07-13,Nordea Open,Clay,ATP250,high,ml,dog_ml,Pablo Carreno-Busta,Albert Ramos-Vinolas,Albert Ramos-Vinolas,9.269,3.01,loss,-1.0,1.0,ATP250|dog_ml
clay_bo3,historical_ml_backtest,2022,2022-07-14,Nordea Open,Clay,ATP250,high,ml,dog_ml,Andrey Rublev,Federico Coria,Federico Coria,7.014,3.95,loss,-1.0,1.0,ATP250|dog_ml
clay_bo3,historical_ml_backtest,2022,2022-07-15,Nordea Open,Clay,ATP250,high,ml,favorite_ml,Pablo Carreno-Busta,Diego Sebastian Schwartzman,Diego Sebastian Schwartzman,12.01,1.97,loss,-1.0,1.0,ATP250|favorite_ml
clay_bo3,historical_ml_backtest,2022,2022-07-15,Nordea Open,Clay,ATP250,high,ml,favorite_ml,Andrey Rublev,Laslo Djere,Andrey Rublev,8.628,1.49,win,0.49,1.0,ATP250|favorite_ml
clay_bo3,historical_ml_backtest,2022,2022-07-16,Nordea Open,Clay,ATP250,high,ml,dog_ml,Francisco Cerundolo,Pablo Carreno-Busta,Francisco Cerundolo,11.932,2.7,win,1.7000000000000002,1.0,ATP250|dog_ml
clay_bo3,historical_ml_backtest,2022,2022-07-18,European Open,Clay,ATP250,high,ml,favorite_ml,Alejandro Davidovich Fokina,Botic Van De Zandschulp,Botic Van De Zandschulp,7.031,2.07,loss,-1.0,1.0,ATP250|favorite_ml
clay_bo3,historical_ml_backtest,2022,2022-07-20,European Open,Clay,ATP250,high,ml,dog_ml,Lorenzo Musetti,Emil Ruusuvuori,Emil Ruusuvuori,11.872,2.55,loss,-1.0,1.0,ATP250|dog_ml
clay_bo3,historical_ml_backtest,2022,2022-07-21,European Open,Clay,ATP250,high,ml,dog_ml,Francisco Cerundolo,Andrey Rublev,Francisco Cerundolo,6.351,2.93,win,1.9300000000000002,1.0,ATP250|dog_ml
clay_bo3,historical_ml_backtest,2022,2022-07-22,Suisse Open Gstaad,Clay,ATP250,high,ml,favorite_ml,Albert Ramos-Vinolas,Nicolas Jarry,Albert Ramos-Vinolas,5.578,1.88,win,0.8799999999999999,1.0,ATP250|favorite_ml
clay_bo3,historical_ml_backtest,2022,2022-07-26,Croatia Open,Clay,ATP250,high,ml,favorite_ml,Facundo Bagnis,Tomas Martin Etcheverry,Tomas Martin Etcheverry,5.245,1.93,loss,-1.0,1.0,ATP250|favorite_ml
clay_bo3,historical_ml_backtest,2022,2022-07-26,Croatia Open,Clay,ATP250,high,ml,dog_ml,Corentin Moutet,Daniel Altmaier,Daniel Altmaier,11.134,2.38,loss,-1.0,1.0,ATP250|dog_ml
clay_bo3,historical_ml_backtest,2022,2022-07-27,Croatia Open,Clay,ATP250,high,ml,favorite_ml,Giulio Zeppieri,Daniel Elahi Galan,Daniel Elahi Galan,9.808,1.65,loss,-1.0,1.0,ATP250|favorite_ml
clay_bo3,historical_ml_backtest,2022,2022-07-27,Generali Open,Clay,ATP250,high,ml,favorite_ml,Dusan Lajovic,Aslan Karatsev,Aslan Karatsev,5.736,1.78,loss,-1.0,1.0,ATP250|favorite_ml
clay_bo3,historical_ml_backtest,2022,2022-07-27,Generali Open,Clay,ATP250,high,ml,favorite_ml,Filip Misolic,Pablo Andujar,Pablo Andujar,8.488,1.72,loss,-1.0,1.0,ATP250|favorite_ml
clay_bo3,historical_ml_backtest,2022,2022-07-28,Croatia Open,Clay,ATP250,high,ml,dog_ml,Facundo Bagnis,Corentin Moutet,Facundo Bagnis,11.318,2.56,win,1.56,1.0,ATP250|dog_ml
clay_bo3,historical_ml_backtest,2022,2022-07-29,Croatia Open,Clay,ATP250,high,ml,dog_ml,Franco Agamenone,Marco Cecchinato,Franco Agamenone,11.22,2.32,win,1.3199999999999998,1.0,ATP250|dog_ml
clay_bo3,historical_ml_backtest,2022,2022-07-29,Generali Open,Clay,ATP250,high,ml,dog_ml,Filip Misolic,Dusan Lajovic,Filip Misolic,11.489,3.11,win,2.11,1.0,ATP250|dog_ml
clay_bo3,historical_ml_backtest,2023,2023-02-07,Cordoba Open,Clay,ATP250,high,ml,favorite_ml,Federico Delbonis,Alejandro Tabilo,Alejandro Tabilo,11.991,1.89,loss,-1.0,1.0,ATP250|favorite_ml
clay_bo3,historical_ml_backtest,2023,2023-02-08,Cordoba Open,Clay,ATP250,high,ml,dog_ml,Hugo Dellien,Pedro Cachin,Pedro Cachin,12.477,2.42,loss,-1.0,1.0,ATP250|dog_ml
clay_bo3,historical_ml_backtest,2023,2023-02-09,Cordoba Open,Clay,ATP250,high,ml,favorite_ml,Francisco Cerundolo,Federico Delbonis,Francisco Cerundolo,8.874,1.6,win,0.6000000000000001,1.0,ATP250|favorite_ml
clay_bo3,historical_ml_backtest,2023,2023-02-10,Cordoba Open,Clay,ATP250,high,ml,dog_ml,Hugo Dellien,Juan Manuel Cerundolo,Hugo Dellien,7.042,2.3,win,1.2999999999999998,1.0,ATP250|dog_ml
clay_bo3,historical_ml_backtest,2023,2023-02-10,Cordoba Open,Clay,ATP250,high,ml,dog_ml,Albert Ramos-Vinolas,Joao Sousa,Joao Sousa,8.114,3.2,loss,-1.0,1.0,ATP250|dog_ml
clay_bo3,historical_ml_backtest,2023,2023-02-14,Argentina Open,Clay,ATP250,high,ml,favorite_ml,Tomas Martin Etcheverry,Hugo Dellien,Hugo Dellien,11.8,1.81,loss,-1.0,1.0,ATP250|favorite_ml
clay_bo3,historical_ml_backtest,2023,2023-02-14,Argentina Open,Clay,ATP250,high,ml,dog_ml,Camilo Ugo Carabelli,Daniel Elahi Galan,Daniel Elahi Galan,6.818,2.25,loss,-1.0,1.0,ATP250|dog_ml
clay_bo3,historical_ml_backtest,2023,2023-02-15,Argentina Open,Clay,ATP250,high,ml,dog_ml,Dominic Thiem,Alex Molcan,Alex Molcan,5.086,2.29,loss,-1.0,1.0,ATP250|dog_ml
clay_bo3,historical_ml_backtest,2023,2023-02-21,Rio Open,Clay,ATP500,high,ml,dog_ml,Francisco Cerundolo,Roberto Carballes Baena,Roberto Carballes Baena,8.075,2.83,loss,-1.0,1.0,ATP500|dog_ml
clay_bo3,historical_ml_backtest,2023,2023-02-22,Rio Open,Clay,ATP500,high,ml,dog_ml,Dusan Lajovic,Diego Sebastian Schwartzman,Diego Sebastian Schwartzman,7.932,2.37,loss,-1.0,1.0,ATP500|dog_ml
clay_bo3,historical_ml_backtest,2023,2023-02-22,Rio Open,Clay,ATP500,high,ml,favorite_ml,Albert Ramos-Vinolas,Tomas Martin Etcheverry,Tomas Martin Etcheverry,7.245,1.95,loss,-1.0,1.0,ATP500|favorite_ml
clay_bo3,historical_ml_backtest,2023,2023-02-23,Rio Open,Clay,ATP500,high,ml,favorite_ml,Cameron Norrie,Thiago Moura Monteiro,Cameron Norrie,8.479,1.36,win,0.3600000000000001,1.0,ATP500|favorite_ml
clay_bo3,historical_ml_backtest,2023,2023-02-24,Rio Open,Clay,ATP500,high,ml,favorite_ml,Bernabe Zapata Miralles,Albert Ramos-Vinolas,Bernabe Zapata Miralles,9.032,1.79,win,0.79,1.0,ATP500|favorite_ml
clay_bo3,historical_ml_backtest,2023,2023-02-27,Chile Open,Clay,ATP250,high,ml,dog_ml,Juan Manuel Cerundolo,Pedro Cachin,Pedro Cachin,6.833,2.39,loss,-1.0,1.0,ATP250|dog_ml
clay_bo3,historical_ml_backtest,2023,2023-02-28,Chile Open,Clay,ATP250,high,ml,dog_ml,Thiago Moura Monteiro,Albert Ramos-Vinolas,Thiago Moura Monteiro,8.555,2.25,win,1.25,1.0,ATP250|dog_ml
clay_bo3,historical_ml_backtest,2023,2023-03-03,Chile Open,Clay,ATP250,high,ml,favorite_ml,Tomas Martin Etcheverry,Dusan Lajovic,Dusan Lajovic,7.417,1.93,loss,-1.0,1.0,ATP250|favorite_ml
clay_bo3,historical_ml_backtest,2023,2023-04-03,Grand Prix Hassan II,Clay,ATP250,high,ml,dog_ml,Francesco Passaro,Aslan Karatsev,Francesco Passaro,6.489,2.21,win,1.21,1.0,ATP250|dog_ml
clay_bo3,historical_ml_backtest,2023,2023-04-04,Estoril Open,Clay,ATP250,high,ml,favorite_ml,Joao Sousa,Giulio Zeppieri,Giulio Zeppieri,7.062,1.63,loss,-1.0,1.0,ATP250|favorite_ml
clay_bo3,historical_ml_backtest,2023,2023-04-04,Grand Prix Hassan II,Clay,ATP250,high,ml,favorite_ml,Alexandre Muller,Richard Gasquet,Richard Gasquet,8.964,1.76,loss,-1.0,1.0,ATP250|favorite_ml
clay_bo3,historical_ml_backtest,2023,2023-04-04,Grand Prix Hassan II,Clay,ATP250,high,ml,dog_ml,Andrea Vavassori,Nicolas Jarry,Andrea Vavassori,9.185,3.37,win,2.37,1.0,ATP250|dog_ml
clay_bo3,historical_ml_backtest,2023,2023-04-06,Estoril Open,Clay,ATP250,high,ml,dog_ml,Miomir Kecmanovic,Jurij Rodionov,Jurij Rodionov,11.604,3.46,loss,-1.0,1.0,ATP250|dog_ml
clay_bo3,historical_ml_backtest,2023,2023-04-06,Grand Prix Hassan II,Clay,ATP250,high,ml,dog_ml,Tallon Griekspoor,Elias Ymer,Elias Ymer,8.633,4.1,loss,-1.0,1.0,ATP250|dog_ml
clay_bo3,historical_ml_backtest,2023,2023-04-06,Grand Prix Hassan II,Clay,ATP250,high,ml,dog_ml,Christopher O'Connell,Botic Van De Zandschulp,Christopher O'Connell,9.152,2.65,win,1.65,1.0,ATP250|dog_ml
clay_bo3,historical_ml_backtest,2023,2023-04-07,Grand Prix Hassan II,Clay,ATP250,high,ml,favorite_ml,Pavel Kotov,Christopher O'Connell,Christopher O'Connell,8.908,1.83,loss,-1.0,1.0,ATP250|favorite_ml
clay_bo3,historical_ml_backtest,2023,2023-04-07,Grand Prix Hassan II,Clay,ATP250,high,ml,dog_ml,Alexandre Muller,Lorenzo Musetti,Alexandre Muller,5.87,3.13,win,2.13,1.0,ATP250|dog_ml
clay_bo3,historical_ml_backtest,2023,2023-04-08,U.S. Men's Clay Court Championships,Clay,ATP250,high,ml,dog_ml,Gijs Brouwer,Jeff Wolf,Gijs Brouwer,12.251,2.67,win,1.67,1.0,ATP250|dog_ml
clay_bo3,historical_ml_backtest,2023,2023-04-09,Monte Carlo Masters,Clay,Masters 1000,high,ml,favorite_ml,Nicolas Jarry,Borna Coric,Borna Coric,5.669,1.88,loss,-1.0,1.0,Masters 1000|favorite_ml
clay_bo3,historical_ml_backtest,2023,2023-04-09,U.S. Men's Clay Court Championships,Clay,ATP250,high,ml,favorite_ml,Tomas Martin Etcheverry,Yannick Hanfmann,Yannick Hanfmann,5.799,2.04,loss,-1.0,1.0,ATP250|favorite_ml
clay_bo3,historical_ml_backtest,2023,2023-04-09,U.S. Men's Clay Court Championships,Clay,ATP250,high,ml,favorite_ml,Yannick Hanfmann,Tomas Machac,Yannick Hanfmann,11.693,1.91,win,0.9099999999999999,1.0,ATP250|favorite_ml
clay_bo3,historical_ml_backtest,2023,2023-04-11,Monte Carlo Masters,Clay,Masters 1000,high,ml,dog_ml,Jiri Lehecka,Emil Ruusuvuori,Emil Ruusuvuori,11.38,2.54,loss,-1.0,1.0,Masters 1000|dog_ml
clay_bo3,historical_ml_backtest,2023,2023-04-12,Monte Carlo Masters,Clay,Masters 1000,high,ml,favorite_ml,Jan-Lennard Struff,Alex De Minaur,Alex De Minaur,5.283,1.58,loss,-1.0,1.0,Masters 1000|favorite_ml
clay_bo3,historical_ml_backtest,2023,2023-04-13,Monte Carlo Masters,Clay,Masters 1000,high,ml,favorite_ml,Andrey Rublev,Karen Khachanov,Andrey Rublev,12.021,1.86,win,0.8600000000000001,1.0,Masters 1000|favorite_ml
clay_bo3,historical_ml_backtest,2023,2023-04-13,Monte Carlo Masters,Clay,Masters 1000,high,ml,dog_ml,Stefanos Tsitsipas,Nicolas Jarry,Nicolas Jarry,10.858,4.0,loss,-1.0,1.0,Masters 1000|dog_ml
clay_bo3,historical_ml_backtest,2023,2023-04-17,BMW Open,Clay,ATP250,high,ml,favorite_ml,Marcos Giron,Roberto Carballes Baena,Roberto Carballes Baena,11.404,1.49,loss,-1.0,1.0,ATP250|favorite_ml
clay_bo3,historical_ml_backtest,2023,2023-04-17,Srpska Open,Clay,ATP250,high,ml,favorite_ml,Alex Molcan,Taro Daniel,Alex Molcan,9.913,2.11,win,1.1099999999999999,1.0,ATP250|favorite_ml
clay_bo3,historical_ml_backtest,2023,2023-04-19,Srpska Open,Clay,ATP250,high,ml,favorite_ml,Juan Pablo Varillas,Hugo Gaston,Juan Pablo Varillas,6.953,1.68,win,0.6799999999999999,1.0,ATP250|favorite_ml
clay_bo3,historical_ml_backtest,2023,2023-04-20,BMW Open,Clay,ATP250,high,ml,dog_ml,Marcos Giron,Alexander Ritschard,Alexander Ritschard,9.845,2.68,loss,-1.0,1.0,ATP250|dog_ml
clay_bo3,historical_ml_backtest,2023,2023-04-20,BMW Open,Clay,ATP250,high,ml,favorite_ml,Aslan Karatsev,Daniel Altmaier,Daniel Altmaier,11.026,1.76,loss,-1.0,1.0,ATP250|favorite_ml
clay_bo3,historical_ml_backtest,2023,2023-04-21,BMW Open,Clay,ATP250,high,ml,favorite_ml,Christopher O'Connell,Flavio Cobolli,Christopher O'Connell,6.587,1.52,win,0.52,1.0,ATP250|favorite_ml
clay_bo3,historical_ml_backtest,2023,2023-04-26,Mutua Madrid Open,Clay,Masters 1000,high,ml,dog_ml,Emil Ruusuvuori,Ugo Humbert,Ugo Humbert,6.558,2.66,loss,-1.0,1.0,Masters 1000|dog_ml
clay_bo3,historical_ml_backtest,2023,2023-04-27,Mutua Madrid Open,Clay,Masters 1000,high,ml,favorite_ml,Pedro Cachin,Abedallah Shelbayh,Pedro Cachin,9.941,1.52,win,0.52,1.0,Masters 1000|favorite_ml
clay_bo3,historical_ml_backtest,2023,2023-04-27,Mutua Madrid Open,Clay,Masters 1000,high,ml,favorite_ml,Christopher O'Connell,Filip Krajinovic,Christopher O'Connell,8.718,1.81,win,0.81,1.0,Masters 1000|favorite_ml
clay_bo3,historical_ml_backtest,2023,2023-04-28,Mutua Madrid Open,Clay,Masters 1000,high,ml,favorite_ml,Roberto Bautista Agut,Quentin Halys,Roberto Bautista Agut,12.837,1.84,win,0.8400000000000001,1.0,Masters 1000|favorite_ml
clay_bo3,historical_ml_backtest,2023,2023-04-28,Mutua Madrid Open,Clay,Masters 1000,high,ml,dog_ml,Borna Coric,Hugo Gaston,Hugo Gaston,7.948,2.86,loss,-1.0,1.0,Masters 1000|dog_ml
clay_bo3,historical_ml_backtest,2023,2023-04-28,Mutua Madrid Open,Clay,Masters 1000,high,ml,dog_ml,Yannick Hanfmann,Lorenzo Musetti,Yannick Hanfmann,5.723,2.98,win,1.98,1.0,Masters 1000|dog_ml
clay_bo3,historical_ml_backtest,2023,2023-04-29,Mutua Madrid Open,Clay,Masters 1000,high,ml,dog_ml,Alex De Minaur,Marco Cecchinato,Marco Cecchinato,6.85,2.89,loss,-1.0,1.0,Masters 1000|dog_ml
clay_bo3,historical_ml_backtest,2023,2023-04-30,Mutua Madrid Open,Clay,Masters 1000,high,ml,dog_ml,Karen Khachanov,Roberto Bautista Agut,Roberto Bautista Agut,7.607,2.48,loss,-1.0,1.0,Masters 1000|dog_ml
clay_bo3,historical_ml_backtest,2023,2023-05-03,Mutua Madrid Open,Clay,Masters 1000,high,ml,dog_ml,Borna Coric,Daniel Altmaier,Daniel Altmaier,12.755,2.73,loss,-1.0,1.0,Masters 1000|dog_ml
clay_bo3,historical_ml_backtest,2023,2023-05-11,Internazionali BNL d'Italia,Clay,Masters 1000,high,ml,dog_ml,Nuno Borges,Dusan Lajovic,Nuno Borges,6.267,3.26,win,2.26,1.0,Masters 1000|dog_ml
clay_bo3,historical_ml_backtest,2023,2023-05-11,Internazionali BNL d'Italia,Clay,Masters 1000,high,ml,favorite_ml,Yannick Hanfmann,Nicolas Jarry,Yannick Hanfmann,9.669,1.94,win,0.94,1.0,Masters 1000|favorite_ml
clay_bo3,historical_ml_backtest,2023,2023-05-11,Internazionali BNL d'Italia,Clay,Masters 1000,high,ml,favorite_ml,Jason Murray Kubler,Marc-Andrea Huesler,Jason Murray Kubler,9.239,1.94,win,0.94,1.0,Masters 1000|favorite_ml
clay_bo3,historical_ml_backtest,2023,2023-05-12,Internazionali BNL d'Italia,Clay,Masters 1000,high,ml,favorite_ml,Fabio Fognini,Miomir Kecmanovic,Miomir Kecmanovic,7.14,1.56,loss,-1.0,1.0,Masters 1000|favorite_ml
clay_bo3,historical_ml_backtest,2023,2023-05-12,Internazionali BNL d'Italia,Clay,Masters 1000,high,ml,dog_ml,Cameron Norrie,Alexandre Muller,Alexandre Muller,6.76,3.49,loss,-1.0,1.0,Masters 1000|dog_ml
clay_bo3,historical_ml_backtest,2023,2023-05-13,Internazionali BNL d'Italia,Clay,Masters 1000,high,ml,favorite_ml,Bernabe Zapata Miralles,Jason Murray Kubler,Bernabe Zapata Miralles,6.93,1.65,win,0.6499999999999999,1.0,Masters 1000|favorite_ml
clay_bo3,historical_ml_backtest,2023,2023-05-15,Internazionali BNL d'Italia,Clay,Masters 1000,high,ml,dog_ml,Borna Coric,Roberto Carballes Baena,Roberto Carballes Baena,10.742,2.83,loss,-1.0,1.0,Masters 1000|dog_ml
clay_bo3,historical_ml_backtest,2023,2023-05-17,Internazionali BNL d'Italia,Clay,Masters 1000,high,ml,favorite_ml,Casper Ruud,Francisco Cerundolo,Casper Ruud,11.426,1.6,win,0.6000000000000001,1.0,Masters 1000|favorite_ml
clay_bo3,historical_ml_backtest,2023,2023-05-21,Lyon Open,Clay,ATP250,high,ml,favorite_ml,Juan Pablo Varillas,Albert Ramos-Vinolas,Juan Pablo Varillas,10.568,1.82,win,0.8200000000000001,1.0,ATP250|favorite_ml
clay_bo3,historical_ml_backtest,2023,2023-05-23,Geneva Open,Clay,ATP250,high,ml,favorite_ml,Tallon Griekspoor,Stefano Travaglia,Tallon Griekspoor,5.998,1.54,win,0.54,1.0,ATP250|favorite_ml
clay_bo3,historical_ml_backtest,2023,2023-05-23,Geneva Open,Clay,ATP250,high,ml,favorite_ml,Christopher O'Connell,Nino Serdarusic,Christopher O'Connell,6.104,1.4,win,0.3999999999999999,1.0,ATP250|favorite_ml
clay_bo3,historical_ml_backtest,2023,2023-05-25,Lyon Open,Clay,ATP250,high,ml,dog_ml,Cameron Norrie,Sebastian Baez,Sebastian Baez,6.946,2.8,loss,-1.0,1.0,ATP250|dog_ml
clay_bo3,historical_ml_backtest,2023,2023-07-17,Nordea Open,Clay,ATP250,high,ml,favorite_ml,Thiago Moura Monteiro,Daniel Elahi Galan,Daniel Elahi Galan,5.264,1.77,loss,-1.0,1.0,ATP250|favorite_ml
clay_bo3,historical_ml_backtest,2023,2023-07-17,Nordea Open,Clay,ATP250,high,ml,favorite_ml,Luca Van Assche,Dragos Nicolae Madaras,Luca Van Assche,7.157,1.35,win,0.3500000000000001,1.0,ATP250|favorite_ml
clay_bo3,historical_ml_backtest,2023,2023-07-17,Suisse Open Gstaad,Clay,ATP250,high,ml,dog_ml,Jurij Rodionov,Marc-Andrea Huesler,Jurij Rodionov,9.418,2.38,win,1.38,1.0,ATP250|dog_ml
clay_bo3,historical_ml_backtest,2023,2023-07-18,Nordea Open,Clay,ATP250,high,ml,favorite_ml,Matteo Arnaldi,Emil Ruusuvuori,Matteo Arnaldi,8.903,1.93,win,0.9299999999999999,1.0,ATP250|favorite_ml
clay_bo3,historical_ml_backtest,2023,2023-07-18,Nordea Open,Clay,ATP250,high,ml,favorite_ml,Alexander Shevchenko,Juan Manuel Cerundolo,Juan Manuel Cerundolo,5.498,1.82,loss,-1.0,1.0,ATP250|favorite_ml
clay_bo3,historical_ml_backtest,2023,2023-07-18,Nordea Open,Clay,ATP250,high,ml,favorite_ml,Bernabe Zapata Miralles,Hugo Dellien,Bernabe Zapata Miralles,12.955,1.67,win,0.6699999999999999,1.0,ATP250|favorite_ml
clay_bo3,historical_ml_backtest,2023,2023-07-19,Nordea Open,Clay,ATP250,high,ml,favorite_ml,Filip Misolic,Jozef Kovalik,Filip Misolic,5.197,1.93,win,0.9299999999999999,1.0,ATP250|favorite_ml
clay_bo3,historical_ml_backtest,2023,2023-07-20,Suisse Open Gstaad,Clay,ATP250,high,ml,favorite_ml,Pedro Cachin,Roberto Bautista Agut,Roberto Bautista Agut,5.935,1.77,loss,-1.0,1.0,ATP250|favorite_ml
clay_bo3,historical_ml_backtest,2023,2023-07-21,Suisse Open Gstaad,Clay,ATP250,high,ml,dog_ml,Miomir Kecmanovic,Zizou Bergs,Zizou Bergs,8.22,2.84,loss,-1.0,1.0,ATP250|dog_ml
clay_bo3,historical_ml_backtest,2023,2023-07-21,Suisse Open Gstaad,Clay,ATP250,high,ml,favorite_ml,Hamad Medjedovic,Yannick Hanfmann,Yannick Hanfmann,12.794,1.56,loss,-1.0,1.0,ATP250|favorite_ml
clay_bo3,historical_ml_backtest,2023,2023-07-22,Nordea Open,Clay,ATP250,high,ml,favorite_ml,Casper Ruud,Lorenzo Musetti,Casper Ruud,5.548,1.54,win,0.54,1.0,ATP250|favorite_ml
clay_bo3,historical_ml_backtest,2023,2023-07-22,Suisse Open Gstaad,Clay,ATP250,high,ml,favorite_ml,Pedro Cachin,Hamad Medjedovic,Pedro Cachin,8.417,1.81,win,0.81,1.0,ATP250|favorite_ml
clay_bo3,historical_ml_backtest,2023,2023-07-25,Croatia Open,Clay,ATP250,high,ml,dog_ml,Matteo Arnaldi,Jesper De Jong,Jesper De Jong,5.281,2.57,loss,-1.0,1.0,ATP250|dog_ml
clay_bo3,historical_ml_backtest,2023,2023-07-25,European Open,Clay,ATP250,high,ml,dog_ml,Dusan Lajovic,Miomir Kecmanovic,Dusan Lajovic,12.57,2.46,win,1.46,1.0,ATP250|dog_ml
clay_bo3,historical_ml_backtest,2023,2023-07-26,Croatia Open,Clay,ATP250,high,ml,dog_ml,Matteo Arnaldi,Flavio Cobolli,Flavio Cobolli,9.089,2.67,loss,-1.0,1.0,ATP250|dog_ml
clay_bo3,historical_ml_backtest,2023,2023-07-26,Croatia Open,Clay,ATP250,high,ml,favorite_ml,Alexei Popyrin,Sebastian Ofner,Sebastian Ofner,12.121,1.72,loss,-1.0,1.0,ATP250|favorite_ml
clay_bo3,historical_ml_backtest,2023,2023-07-28,Croatia Open,Clay,ATP250,high,ml,dog_ml,Matteo Arnaldi,Jiri Lehecka,Matteo Arnaldi,9.058,2.31,win,1.31,1.0,ATP250|dog_ml
clay_bo3,historical_ml_backtest,2023,2023-07-29,Croatia Open,Clay,ATP250,high,ml,favorite_ml,Stan Wawrinka,Lorenzo Sonego,Stan Wawrinka,7.532,1.85,win,0.8500000000000001,1.0,ATP250|favorite_ml
clay_bo3,historical_ml_backtest,2023,2023-08-01,Generali Open,Clay,ATP250,high,ml,dog_ml,Arthur Rinderknech,Juan Manuel Cerundolo,Juan Manuel Cerundolo,12.234,2.74,loss,-1.0,1.0,ATP250|dog_ml
clay_bo3,historical_ml_backtest,2023,2023-08-02,Generali Open,Clay,ATP250,high,ml,favorite_ml,Pedro Cachin,Albert Ramos-Vinolas,Pedro Cachin,9.183,1.69,win,0.69,1.0,ATP250|favorite_ml
clay_bo3,historical_ml_backtest,2023,2023-08-02,Generali Open,Clay,ATP250,high,ml,favorite_ml,Alex Molcan,Sebastian Ofner,Sebastian Ofner,12.203,1.79,loss,-1.0,1.0,ATP250|favorite_ml
clay_bo3,historical_ml_backtest,2023,2023-08-02,Generali Open,Clay,ATP250,high,ml,dog_ml,Arthur Rinderknech,Yannick Hanfmann,Arthur Rinderknech,5.675,2.51,win,1.5099999999999998,1.0,ATP250|dog_ml
clay_bo3,historical_ml_backtest,2023,2023-08-03,Generali Open,Clay,ATP250,high,ml,dog_ml,Tomas Martin Etcheverry,Daniel Elahi Galan,Daniel Elahi Galan,11.703,3.13,loss,-1.0,1.0,ATP250|dog_ml
clay_bo3,historical_ml_backtest,2023,2023-08-04,Generali Open,Clay,ATP250,high,ml,favorite_ml,Dominic Thiem,Laslo Djere,Laslo Djere,11.76,1.61,loss,-1.0,1.0,ATP250|favorite_ml
clay_bo3,historical_ml_backtest,2024,2024-02-06,Cordoba Open,Clay,ATP250,high,ml,favorite_ml,Roberto Carballes Baena,Mariano Navone,Mariano Navone,6.337,1.98,loss,-1.0,1.0,ATP250|favorite_ml
clay_bo3,historical_ml_backtest,2024,2024-02-09,Cordoba Open,Clay,ATP250,high,ml,dog_ml,Yannick Hanfmann,Roman Andres Burruchaga,Roman Andres Burruchaga,8.97,2.74,loss,-1.0,1.0,ATP250|dog_ml
clay_bo3,historical_ml_backtest,2024,2024-02-10,Cordoba Open,Clay,ATP250,high,ml,dog_ml,Facundo Bagnis,Federico Coria,Facundo Bagnis,10.766,2.33,win,1.33,1.0,ATP250|dog_ml
clay_bo3,historical_ml_backtest,2024,2024-02-11,Cordoba Open,Clay,ATP250,high,ml,dog_ml,Luciano Darderi,Facundo Bagnis,Facundo Bagnis,11.833,2.52,loss,-1.0,1.0,ATP250|dog_ml
clay_bo3,historical_ml_backtest,2024,2024-02-13,Argentina Open,Clay,ATP250,high,ml,favorite_ml,Daniel Elahi Galan,Diego Sebastian Schwartzman,Daniel Elahi Galan,10.664,1.91,win,0.9099999999999999,1.0,ATP250|favorite_ml
clay_bo3,historical_ml_backtest,2024,2024-02-13,Argentina Open,Clay,ATP250,high,ml,favorite_ml,Andrea Vavassori,Thiago Seyboth Wild,Thiago Seyboth Wild,9.868,2.02,loss,-1.0,1.0,ATP250|favorite_ml
clay_bo3,historical_ml_backtest,2024,2024-02-14,Argentina Open,Clay,ATP250,high,ml,favorite_ml,Nicolas Jarry,Stan Wawrinka,Nicolas Jarry,7.721,1.6,win,0.6000000000000001,1.0,ATP250|favorite_ml
clay_bo3,historical_ml_backtest,2024,2024-02-15,Argentina Open,Clay,ATP250,high,ml,favorite_ml,Federico Coria,Cameron Norrie,Cameron Norrie,9.674,1.56,loss,-1.0,1.0,ATP250|favorite_ml
clay_bo3,historical_ml_backtest,2024,2024-02-21,Rio Open,Clay,ATP500,high,ml,dog_ml,Yannick Hanfmann,Nicolas Jarry,Yannick Hanfmann,10.036,2.69,win,1.69,1.0,ATP500|dog_ml
clay_bo3,historical_ml_backtest,2024,2024-02-24,Rio Open,Clay,ATP500,high,ml,dog_ml,Sebastian Baez,Francisco Cerundolo,Francisco Cerundolo,9.905,2.46,loss,-1.0,1.0,ATP500|dog_ml
clay_bo3,historical_ml_backtest,2024,2024-02-25,Rio Open,Clay,ATP500,high,ml,dog_ml,Sebastian Baez,Mariano Navone,Mariano Navone,10.778,3.14,loss,-1.0,1.0,ATP500|dog_ml
clay_bo3,historical_ml_backtest,2024,2024-03-01,Chile Open,Clay,ATP250,high,ml,dog_ml,Alejandro Tabilo,Luciano Darderi,Luciano Darderi,7.753,2.22,loss,-1.0,1.0,ATP250|dog_ml
clay_bo3,historical_ml_backtest,2024,2024-03-03,Chile Open,Clay,ATP250,high,ml,favorite_ml,Sebastian Baez,Alejandro Tabilo,Sebastian Baez,8.222,1.57,win,0.5700000000000001,1.0,ATP250|favorite_ml
clay_bo3,historical_ml_backtest,2024,2024-04-01,U.S. Men's Clay Court Championships,Clay,ATP250,high,ml,favorite_ml,Zizou Bergs,Patrick Kypson,Patrick Kypson,6.107,1.93,loss,-1.0,1.0,ATP250|favorite_ml
clay_bo3,historical_ml_backtest,2024,2024-04-03,Estoril Open,Clay,ATP250,high,ml,dog_ml,Cristian Garin,Jurij Rodionov,Jurij Rodionov,12.676,3.05,loss,-1.0,1.0,ATP250|dog_ml
clay_bo3,historical_ml_backtest,2024,2024-04-03,Estoril Open,Clay,ATP250,high,ml,favorite_ml,Pablo Llamas Ruiz,Dominik Koepfer,Dominik Koepfer,8.428,1.55,loss,-1.0,1.0,ATP250|favorite_ml
clay_bo3,historical_ml_backtest,2024,2024-04-03,Grand Prix Hassan II,Clay,ATP250,high,ml,dog_ml,Lorenzo Sonego,Sumit Nagal,Sumit Nagal,11.14,2.5,loss,-1.0,1.0,ATP250|dog_ml
clay_bo3,historical_ml_backtest,2024,2024-04-04,Estoril Open,Clay,ATP250,high,ml,favorite_ml,Cristian Garin,Arthur Fils,Arthur Fils,5.48,1.65,loss,-1.0,1.0,ATP250|favorite_ml
clay_bo3,historical_ml_backtest,2024,2024-04-04,Estoril Open,Clay,ATP250,high,ml,dog_ml,Richard Gasquet,Dominic Thiem,Richard Gasquet,8.1,2.46,win,1.46,1.0,ATP250|dog_ml
clay_bo3,historical_ml_backtest,2024,2024-04-05,Grand Prix Hassan II,Clay,ATP250,high,ml,dog_ml,Pavel Kotov,Fabio Fognini,Fabio Fognini,5.522,2.18,loss,-1.0,1.0,ATP250|dog_ml
clay_bo3,historical_ml_backtest,2024,2024-04-06,Grand Prix Hassan II,Clay,ATP250,high,ml,favorite_ml,Roberto Carballes Baena,Pavel Kotov,Pavel Kotov,8.933,2.09,loss,-1.0,1.0,ATP250|favorite_ml
clay_bo3,historical_ml_backtest,2024,2024-04-06,U.S. Men's Clay Court Championships,Clay,ATP250,high,ml,favorite_ml,Ben Shelton,Tomas Martin Etcheverry,Tomas Martin Etcheverry,5.93,1.68,loss,-1.0,1.0,ATP250|favorite_ml
clay_bo3,historical_ml_backtest,2024,2024-04-07,Monte Carlo Masters,Clay,Masters 1000,high,ml,dog_ml,Borna Coric,Alexander Bublik,Alexander Bublik,6.799,2.5,loss,-1.0,1.0,Masters 1000|dog_ml
clay_bo3,historical_ml_backtest,2024,2024-04-07,Monte Carlo Masters,Clay,Masters 1000,high,ml,dog_ml,Jan-Lennard Struff,Sebastian Baez,Jan-Lennard Struff,9.116,2.9,win,1.9,1.0,Masters 1000|dog_ml
clay_bo3,historical_ml_backtest,2024,2024-04-08,Monte Carlo Masters,Clay,Masters 1000,high,ml,dog_ml,Alejandro Tabilo,Christopher O'Connell,Christopher O'Connell,8.408,2.52,loss,-1.0,1.0,Masters 1000|dog_ml
clay_bo3,historical_ml_backtest,2024,2024-04-09,Monte Carlo Masters,Clay,Masters 1000,high,ml,favorite_ml,Jan-Lennard Struff,Borna Coric,Jan-Lennard Struff,7.735,1.95,win,0.95,1.0,Masters 1000|favorite_ml
clay_bo3,historical_ml_backtest,2024,2024-04-10,Monte Carlo Masters,Clay,Masters 1000,high,ml,dog_ml,Stefanos Tsitsipas,Tomas Martin Etcheverry,Tomas Martin Etcheverry,7.762,3.2,loss,-1.0,1.0,Masters 1000|dog_ml
clay_bo3,historical_ml_backtest,2024,2024-04-15,BMW Open,Clay,ATP250,high,ml,favorite_ml,Rudolf Molleker,Francesco Passaro,Rudolf Molleker,7.59,2.1,win,1.1,1.0,ATP250|favorite_ml
clay_bo3,historical_ml_backtest,2024,2024-04-15,Barcelona Open,Clay,ATP500,high,ml,dog_ml,Roberto Bautista Agut,Roman Safiullin,Roman Safiullin,5.861,2.17,loss,-1.0,1.0,ATP500|dog_ml
clay_bo3,historical_ml_backtest,2024,2024-04-15,Barcelona Open,Clay,ATP500,high,ml,dog_ml,Alexandre Muller,Albert Ramos-Vinolas,Albert Ramos-Vinolas,5.969,2.37,loss,-1.0,1.0,ATP500|dog_ml
clay_bo3,historical_ml_backtest,2024,2024-04-16,BMW Open,Clay,ATP250,high,ml,favorite_ml,Cristian Garin,Dominik Koepfer,Dominik Koepfer,5.188,1.85,loss,-1.0,1.0,ATP250|favorite_ml
clay_bo3,historical_ml_backtest,2024,2024-04-16,BMW Open,Clay,ATP250,high,ml,dog_ml,Marc-Andrea Huesler,Marko Topo,Marko Topo,7.999,3.37,loss,-1.0,1.0,ATP250|dog_ml
clay_bo3,historical_ml_backtest,2024,2024-04-16,Barcelona Open,Clay,ATP500,high,ml,favorite_ml,Matteo Arnaldi,Sebastian Baez,Sebastian Baez,6.299,1.69,loss,-1.0,1.0,ATP500|favorite_ml
clay_bo3,historical_ml_backtest,2024,2024-04-16,Tiriac Open,Clay,ATP250,high,ml,favorite_ml,Joao Fonseca,Lorenzo Sonego,Lorenzo Sonego,9.514,1.42,loss,-1.0,1.0,ATP250|favorite_ml
clay_bo3,historical_ml_backtest,2024,2024-04-17,Barcelona Open,Clay,ATP500,high,ml,dog_ml,Roberto Bautista Agut,Andrea Vavassori,Andrea Vavassori,12.517,3.13,loss,-1.0,1.0,ATP500|dog_ml
clay_bo3,historical_ml_backtest,2024,2024-04-17,Barcelona Open,Clay,ATP500,high,ml,favorite_ml,Dusan Lajovic,Ugo Humbert,Ugo Humbert,12.077,1.53,loss,-1.0,1.0,ATP500|favorite_ml
clay_bo3,historical_ml_backtest,2024,2024-04-18,BMW Open,Clay,ATP250,high,ml,favorite_ml,Marc-Andrea Huesler,Yannick Hanfmann,Yannick Hanfmann,10.369,1.72,loss,-1.0,1.0,ATP250|favorite_ml
clay_bo3,historical_ml_backtest,2024,2024-04-18,Barcelona Open,Clay,ATP500,high,ml,favorite_ml,Tomas Martin Etcheverry,Brandon Nakashima,Tomas Martin Etcheverry,9.47,1.71,win,0.71,1.0,ATP500|favorite_ml
clay_bo3,historical_ml_backtest,2024,2024-04-18,Barcelona Open,Clay,ATP500,high,ml,dog_ml,Dusan Lajovic,Alejandro Davidovich Fokina,Dusan Lajovic,6.909,2.38,win,1.38,1.0,ATP500|dog_ml
clay_bo3,historical_ml_backtest,2024,2024-04-18,Tiriac Open,Clay,ATP250,high,ml,favorite_ml,Corentin Moutet,Nuno Borges,Nuno Borges,5.499,1.99,loss,-1.0,1.0,ATP250|favorite_ml
clay_bo3,historical_ml_backtest,2024,2024-04-19,Barcelona Open,Clay,ATP500,high,ml,dog_ml,Dusan Lajovic,Arthur Fils,Dusan Lajovic,5.186,2.35,win,1.35,1.0,ATP500|dog_ml
clay_bo3,historical_ml_backtest,2024,2024-04-19,Tiriac Open,Clay,ATP250,high,ml,favorite_ml,Mariano Navone,Thiago Seyboth Wild,Mariano Navone,8.736,1.79,win,0.79,1.0,ATP250|favorite_ml
clay_bo3,historical_ml_backtest,2024,2024-04-20,BMW Open,Clay,ATP250,high,ml,favorite_ml,Taylor Harry Fritz,Cristian Garin,Taylor Harry Fritz,8.613,1.56,win,0.56,1.0,ATP250|favorite_ml
clay_bo3,historical_ml_backtest,2024,2024-04-20,Tiriac Open,Clay,ATP250,high,ml,dog_ml,Mariano Navone,Francisco Cerundolo,Mariano Navone,12.442,2.4,win,1.4,1.0,ATP250|dog_ml
clay_bo3,historical_ml_backtest,2024,2024-04-24,Mutua Madrid Open,Clay,Masters 1000,high,ml,favorite_ml,Daniel Altmaier,Martin Landaluce,Daniel Altmaier,5.99,1.36,win,0.3600000000000001,1.0,Masters 1000|favorite_ml
clay_bo3,historical_ml_backtest,2024,2024-04-24,Mutua Madrid Open,Clay,Masters 1000,high,ml,favorite_ml,Taro Daniel,Aleksandar Vukic,Taro Daniel,7.988,1.97,win,0.97,1.0,Masters 1000|favorite_ml
clay_bo3,historical_ml_backtest,2024,2024-04-24,Mutua Madrid Open,Clay,Masters 1000,high,ml,favorite_ml,Lukas Klein,Pablo Llamas Ruiz,Lukas Klein,6.843,1.93,win,0.9299999999999999,1.0,Masters 1000|favorite_ml
clay_bo3,historical_ml_backtest,2024,2024-04-24,Mutua Madrid Open,Clay,Masters 1000,high,ml,favorite_ml,Alexander Shevchenko,Arthur Rinderknech,Arthur Rinderknech,5.476,1.85,loss,-1.0,1.0,Masters 1000|favorite_ml
clay_bo3,historical_ml_backtest,2024,2024-04-25,Mutua Madrid Open,Clay,Masters 1000,high,ml,dog_ml,Roberto Carballes Baena,Dominik Koepfer,Dominik Koepfer,6.059,2.4,loss,-1.0,1.0,Masters 1000|dog_ml
clay_bo3,historical_ml_backtest,2024,2024-04-28,Mutua Madrid Open,Clay,Masters 1000,high,ml,dog_ml,Taylor Harry Fritz,Sebastian Baez,Sebastian Baez,10.223,2.67,loss,-1.0,1.0,Masters 1000|dog_ml
clay_bo3,historical_ml_backtest,2024,2024-04-28,Mutua Madrid Open,Clay,Masters 1000,high,ml,dog_ml,Hubert Hurkacz,Daniel Altmaier,Daniel Altmaier,11.591,3.74,loss,-1.0,1.0,Masters 1000|dog_ml
clay_bo3,historical_ml_backtest,2024,2024-04-28,Mutua Madrid Open,Clay,Masters 1000,high,ml,dog_ml,Jan-Lennard Struff,Ugo Humbert,Ugo Humbert,5.828,2.42,loss,-1.0,1.0,Masters 1000|dog_ml
clay_bo3,historical_ml_backtest,2024,2024-04-30,Mutua Madrid Open,Clay,Masters 1000,high,ml,dog_ml,Felix Auger Aliassime,Casper Ruud,Felix Auger Aliassime,11.503,4.1,win,3.0999999999999996,1.0,Masters 1000|dog_ml
clay_bo3,historical_ml_backtest,2024,2024-04-30,Mutua Madrid Open,Clay,Masters 1000,high,ml,favorite_ml,Taylor Harry Fritz,Hubert Hurkacz,Hubert Hurkacz,6.468,1.95,loss,-1.0,1.0,Masters 1000|favorite_ml
clay_bo3,historical_ml_backtest,2024,2024-05-08,Internazionali BNL d'Italia,Clay,Masters 1000,high,ml,dog_ml,Yannick Hanfmann,Jakub Mensik,Yannick Hanfmann,9.083,2.45,win,1.4500000000000002,1.0,Masters 1000|dog_ml
clay_bo3,historical_ml_backtest,2024,2024-05-08,Internazionali BNL d'Italia,Clay,Masters 1000,high,ml,dog_ml,Aleksandar Vukic,Diego Sebastian Schwartzman,Aleksandar Vukic,11.061,2.52,win,1.52,1.0,Masters 1000|dog_ml
clay_bo3,historical_ml_backtest,2024,2024-05-09,Internazionali BNL d'Italia,Clay,Masters 1000,high,ml,favorite_ml,Dominik Koepfer,Andrea Vavassori,Dominik Koepfer,5.328,1.75,win,0.75,1.0,Masters 1000|favorite_ml
clay_bo3,historical_ml_backtest,2024,2024-05-09,Internazionali BNL d'Italia,Clay,Masters 1000,high,ml,favorite_ml,Alexandre Muller,Marton Fucsovics,Marton Fucsovics,7.167,1.6,loss,-1.0,1.0,Masters 1000|favorite_ml
clay_bo3,historical_ml_backtest,2024,2024-05-09,Internazionali BNL d'Italia,Clay,Masters 1000,high,ml,favorite_ml,Francesco Passaro,Arthur Rinderknech,Arthur Rinderknech,8.311,1.67,loss,-1.0,1.0,Masters 1000|favorite_ml
clay_bo3,historical_ml_backtest,2024,2024-05-10,Internazionali BNL d'Italia,Clay,Masters 1000,high,ml,dog_ml,Francisco Cerundolo,Matteo Gigante,Matteo Gigante,8.457,3.99,loss,-1.0,1.0,Masters 1000|dog_ml
clay_bo3,historical_ml_backtest,2024,2024-05-11,Internazionali BNL d'Italia,Clay,Masters 1000,high,ml,favorite_ml,Sebastian Baez,Dusan Lajovic,Sebastian Baez,10.07,1.69,win,0.69,1.0,Masters 1000|favorite_ml
clay_bo3,historical_ml_backtest,2024,2024-05-12,Internazionali BNL d'Italia,Clay,Masters 1000,high,ml,favorite_ml,Nuno Borges,Francesco Passaro,Nuno Borges,6.884,1.54,win,0.54,1.0,Masters 1000|favorite_ml
clay_bo3,historical_ml_backtest,2024,2024-05-13,Internazionali BNL d'Italia,Clay,Masters 1000,high,ml,dog_ml,Sebastian Baez,Holger Rune,Sebastian Baez,12.78,2.59,win,1.5899999999999999,1.0,Masters 1000|dog_ml
clay_bo3,historical_ml_backtest,2024,2024-05-13,Internazionali BNL d'Italia,Clay,Masters 1000,high,ml,favorite_ml,Daniil Medvedev,Hamad Medjedovic,Daniil Medvedev,8.296,1.45,win,0.44999999999999996,1.0,Masters 1000|favorite_ml
clay_bo3,historical_ml_backtest,2024,2024-05-14,Internazionali BNL d'Italia,Clay,Masters 1000,high,ml,dog_ml,Hubert Hurkacz,Sebastian Baez,Sebastian Baez,11.057,2.73,loss,-1.0,1.0,Masters 1000|dog_ml
clay_bo3,historical_ml_backtest,2024,2024-05-14,Internazionali BNL d'Italia,Clay,Masters 1000,high,ml,dog_ml,Nicolas Jarry,Alexandre Muller,Alexandre Muller,5.875,2.73,loss,-1.0,1.0,Masters 1000|dog_ml
clay_bo3,historical_ml_backtest,2024,2024-05-15,Internazionali BNL d'Italia,Clay,Masters 1000,high,ml,dog_ml,Alexander Zverev,Taylor Harry Fritz,Taylor Harry Fritz,7.884,2.73,loss,-1.0,1.0,Masters 1000|dog_ml
clay_bo3,historical_ml_backtest,2024,2024-05-19,Geneva Open,Clay,ATP250,high,ml,favorite_ml,Roberto Carballes Baena,Daniel Altmaier,Roberto Carballes Baena,7.418,1.98,win,0.98,1.0,ATP250|favorite_ml
clay_bo3,historical_ml_backtest,2024,2024-05-19,Internazionali BNL d'Italia,Clay,Masters 1000,high,ml,dog_ml,Alexander Zverev,Nicolas Jarry,Nicolas Jarry,7.022,3.5,loss,-1.0,1.0,Masters 1000|dog_ml
clay_bo3,historical_ml_backtest,2024,2024-05-20,Geneva Open,Clay,ATP250,high,ml,favorite_ml,Alexander Shevchenko,Fabian Marozsan,Fabian Marozsan,8.87,1.67,loss,-1.0,1.0,ATP250|favorite_ml
clay_bo3,historical_ml_backtest,2024,2024-05-21,Geneva Open,Clay,ATP250,high,ml,dog_ml,Alex Michelsen,Aleksandar Kovacevic,Alex Michelsen,5.463,2.26,win,1.2599999999999998,1.0,ATP250|dog_ml
clay_bo3,historical_ml_backtest,2024,2024-05-21,Geneva Open,Clay,ATP250,high,ml,dog_ml,Nicolas Moreno De Alboran,David Goffin,Nicolas Moreno De Alboran,6.828,2.5,win,1.5,1.0,ATP250|dog_ml
clay_bo3,historical_ml_backtest,2024,2024-07-15,Nordea Open,Clay,ATP250,high,ml,dog_ml,Cameron Norrie,Jozef Kovalik,Jozef Kovalik,11.946,2.51,loss,-1.0,1.0,ATP250|dog_ml
clay_bo3,historical_ml_backtest,2024,2024-07-16,Nordea Open,Clay,ATP250,high,ml,dog_ml,Nuno Borges,Andrea Pellegrino,Andrea Pellegrino,10.208,3.82,loss,-1.0,1.0,ATP250|dog_ml
clay_bo3,historical_ml_backtest,2024,2024-07-16,Suisse Open Gstaad,Clay,ATP250,high,ml,dog_ml,Hamad Medjedovic,Marc-Andrea Huesler,Marc-Andrea Huesler,7.321,2.84,loss,-1.0,1.0,ATP250|dog_ml
clay_bo3,historical_ml_backtest,2024,2024-07-17,Suisse Open Gstaad,Clay,ATP250,high,ml,dog_ml,Tomas Martin Etcheverry,Botic Van De Zandschulp,Botic Van De Zandschulp,12.695,2.61,loss,-1.0,1.0,ATP250|dog_ml
clay_bo3,historical_ml_backtest,2024,2024-07-18,Nordea Open,Clay,ATP250,high,ml,favorite_ml,Nuno Borges,Henrique Rocha,Nuno Borges,11.788,1.51,win,0.51,1.0,ATP250|favorite_ml
clay_bo3,historical_ml_backtest,2024,2024-07-18,Suisse Open Gstaad,Clay,ATP250,high,ml,favorite_ml,Quentin Halys,Lukas Klein,Lukas Klein,6.139,1.96,loss,-1.0,1.0,ATP250|favorite_ml
clay_bo3,historical_ml_backtest,2024,2024-07-20,Nordea Open,Clay,ATP250,high,ml,favorite_ml,Nuno Borges,Thiago Agustin Tirante,Nuno Borges,9.632,1.56,win,0.56,1.0,ATP250|favorite_ml
clay_bo3,historical_ml_backtest,2024,2024-07-20,Suisse Open Gstaad,Clay,ATP250,high,ml,favorite_ml,Quentin Halys,Jan-Lennard Struff,Jan-Lennard Struff,5.821,1.42,loss,-1.0,1.0,ATP250|favorite_ml
clay_bo3,historical_ml_backtest,2024,2024-07-21,Croatia Open,Clay,ATP250,high,ml,dog_ml,Alexandre Muller,Matteo Arnaldi,Alexandre Muller,6.552,2.9,win,1.9,1.0,ATP250|dog_ml
clay_bo3,historical_ml_backtest,2024,2024-07-21,Croatia Open,Clay,ATP250,high,ml,favorite_ml,Camilo Ugo Carabelli,Luka Mikrut,Camilo Ugo Carabelli,8.558,1.4,win,0.3999999999999999,1.0,ATP250|favorite_ml
clay_bo3,historical_ml_backtest,2024,2024-07-22,Croatia Open,Clay,ATP250,high,ml,favorite_ml,Dusan Lajovic,Filip Misolic,Dusan Lajovic,11.165,1.55,win,0.55,1.0,ATP250|favorite_ml
clay_bo3,historical_ml_backtest,2024,2024-07-22,Croatia Open,Clay,ATP250,high,ml,dog_ml,Marco Trungelliti,Guido Andreozzi,Guido Andreozzi,5.868,3.81,loss,-1.0,1.0,ATP250|dog_ml
clay_bo3,historical_ml_backtest,2024,2024-07-22,Generali Open,Clay,ATP250,high,ml,favorite_ml,Thiago Seyboth Wild,Joel Schwaerzler,Thiago Seyboth Wild,11.111,1.42,win,0.41999999999999993,1.0,ATP250|favorite_ml
clay_bo3,historical_ml_backtest,2024,2024-07-23,Croatia Open,Clay,ATP250,high,ml,favorite_ml,Fabio Fognini,Luca Van Assche,Fabio Fognini,6.979,1.79,win,0.79,1.0,ATP250|favorite_ml
clay_bo3,historical_ml_backtest,2024,2024-07-23,Croatia Open,Clay,ATP250,high,ml,favorite_ml,Fabian Marozsan,Thiago Moura Monteiro,Thiago Moura Monteiro,8.392,1.83,loss,-1.0,1.0,ATP250|favorite_ml
clay_bo3,historical_ml_backtest,2024,2024-07-23,Generali Open,Clay,ATP250,high,ml,dog_ml,Hugo Gaston,Daniel Altmaier,Hugo Gaston,8.946,2.23,win,1.23,1.0,ATP250|dog_ml
clay_bo3,historical_ml_backtest,2024,2024-07-23,Generali Open,Clay,ATP250,high,ml,favorite_ml,Lukas Neumayer,Sebastian Ofner,Sebastian Ofner,9.114,1.46,loss,-1.0,1.0,ATP250|favorite_ml
clay_bo3,historical_ml_backtest,2024,2024-07-24,Generali Open,Clay,ATP250,high,ml,favorite_ml,Hugo Gaston,Roberto Carballes Baena,Roberto Carballes Baena,8.15,1.69,loss,-1.0,1.0,ATP250|favorite_ml
clay_bo3,historical_ml_backtest,2024,2024-07-24,Generali Open,Clay,ATP250,high,ml,favorite_ml,Nicolas Moreno De Alboran,Lukas Neumayer,Nicolas Moreno De Alboran,12.014,1.67,win,0.6699999999999999,1.0,ATP250|favorite_ml
clay_bo3,historical_ml_backtest,2024,2024-07-25,Croatia Open,Clay,ATP250,high,ml,dog_ml,Lorenzo Musetti,Dusan Lajovic,Dusan Lajovic,8.705,3.44,loss,-1.0,1.0,ATP250|dog_ml
clay_bo3,historical_ml_backtest,2024,2024-07-25,Croatia Open,Clay,ATP250,high,ml,favorite_ml,Andrey Rublev,Fabian Marozsan,Andrey Rublev,12.141,1.49,win,0.49,1.0,ATP250|favorite_ml
clay_bo3,historical_ml_backtest,2024,2024-07-25,Generali Open,Clay,ATP250,high,ml,favorite_ml,Hugo Gaston,Sebastian Baez,Sebastian Baez,11.463,1.43,loss,-1.0,1.0,ATP250|favorite_ml
clay_bo3,historical_ml_backtest,2024,2024-07-25,Generali Open,Clay,ATP250,high,ml,favorite_ml,Yannick Hanfmann,Thiago Seyboth Wild,Thiago Seyboth Wild,11.685,1.98,loss,-1.0,1.0,ATP250|favorite_ml
clay_bo3,historical_ml_backtest,2024,2024-07-26,Croatia Open,Clay,ATP250,high,ml,favorite_ml,Francisco Cerundolo,Andrey Rublev,Andrey Rublev,9.123,1.59,loss,-1.0,1.0,ATP250|favorite_ml
clay_bo3,historical_ml_backtest,2024,2024-07-26,Croatia Open,Clay,ATP250,high,ml,favorite_ml,Lorenzo Musetti,Jakub Mensik,Lorenzo Musetti,8.553,1.52,win,0.52,1.0,ATP250|favorite_ml
clay_bo3,historical_ml_backtest,2024,2024-07-27,Croatia Open,Clay,ATP250,high,ml,dog_ml,Francisco Cerundolo,Lorenzo Musetti,Francisco Cerundolo,5.68,2.62,win,1.62,1.0,ATP250|dog_ml
clay_bo3,historical_ml_backtest,2025,2025-02-12,Argentina Open,Clay,ATP250,high,ml,dog_ml,Federico Coria,Hugo Gaston,Hugo Gaston,5.4,2.3,loss,-1.0,1.0,ATP250|dog_ml
clay_bo3,historical_ml_backtest,2025,2025-02-12,Argentina Open,Clay,ATP250,high,ml,favorite_ml,Thiago Seyboth Wild,Sebastian Baez,Sebastian Baez,7.321,1.52,loss,-1.0,1.0,ATP250|favorite_ml
clay_bo3,historical_ml_backtest,2025,2025-02-13,Argentina Open,Clay,ATP250,high,ml,dog_ml,Lorenzo Musetti,Corentin Moutet,Corentin Moutet,11.237,3.49,loss,-1.0,1.0,ATP250|dog_ml
clay_bo3,historical_ml_backtest,2025,2025-02-14,Argentina Open,Clay,ATP250,high,ml,favorite_ml,Francisco Cerundolo,Alexander Zverev,Alexander Zverev,9.233,1.41,loss,-1.0,1.0,ATP250|favorite_ml
clay_bo3,historical_ml_backtest,2025,2025-02-14,Argentina Open,Clay,ATP250,high,ml,favorite_ml,Laslo Djere,Thiago Seyboth Wild,Laslo Djere,6.556,1.76,win,0.76,1.0,ATP250|favorite_ml
clay_bo3,historical_ml_backtest,2025,2025-02-17,Rio Open,Clay,ATP500,high,ml,dog_ml,Nicolas Jarry,Juan Manuel Cerundolo,Juan Manuel Cerundolo,11.767,2.72,loss,-1.0,1.0,ATP500|dog_ml
clay_bo3,historical_ml_backtest,2025,2025-02-21,Rio Open,Clay,ATP500,high,ml,favorite_ml,Camilo Ugo Carabelli,Jaime Faria,Camilo Ugo Carabelli,11.717,1.64,win,0.6399999999999999,1.0,ATP500|favorite_ml
clay_bo3,historical_ml_backtest,2025,2025-02-22,Rio Open,Clay,ATP500,high,ml,dog_ml,Sebastian Baez,Camilo Ugo Carabelli,Camilo Ugo Carabelli,6.939,3.18,loss,-1.0,1.0,ATP500|dog_ml
clay_bo3,historical_ml_backtest,2025,2025-02-23,Rio Open,Clay,ATP500,high,ml,favorite_ml,Sebastian Baez,Alexandre Muller,Sebastian Baez,12.874,1.77,win,0.77,1.0,ATP500|favorite_ml
clay_bo3,historical_ml_backtest,2025,2025-02-25,Chile Open,Clay,ATP250,high,ml,favorite_ml,Thiago Moura Monteiro,Juan Manuel Cerundolo,Juan Manuel Cerundolo,10.956,1.99,loss,-1.0,1.0,ATP250|favorite_ml
clay_bo3,historical_ml_backtest,2025,2025-02-26,Chile Open,Clay,ATP250,high,ml,favorite_ml,Francisco Cerundolo,Yannick Hanfmann,Francisco Cerundolo,5.667,1.38,win,0.3799999999999999,1.0,ATP250|favorite_ml
clay_bo3,historical_ml_backtest,2025,2025-02-28,Chile Open,Clay,ATP250,high,ml,dog_ml,Laslo Djere,Jaime Faria,Jaime Faria,5.184,3.74,loss,-1.0,1.0,ATP250|dog_ml
clay_bo3,historical_ml_backtest,2025,2025-03-01,Chile Open,Clay,ATP250,high,ml,dog_ml,Sebastian Baez,Damir Dzumhur,Damir Dzumhur,9.139,4.04,loss,-1.0,1.0,ATP250|dog_ml
clay_bo3,historical_ml_backtest,2025,2025-03-01,Chile Open,Clay,ATP250,high,ml,favorite_ml,Laslo Djere,Francisco Cerundolo,Francisco Cerundolo,6.597,1.67,loss,-1.0,1.0,ATP250|favorite_ml
clay_bo3,historical_ml_backtest,2025,2025-03-31,Grand Prix Hassan II,Clay,ATP250,high,ml,favorite_ml,Hugo Dellien,Aleksandar Vukic,Hugo Dellien,10.071,1.61,win,0.6100000000000001,1.0,ATP250|favorite_ml
clay_bo3,historical_ml_backtest,2025,2025-04-01,Grand Prix Hassan II,Clay,ATP250,high,ml,favorite_ml,Hugo Gaston,Juan Manuel Cerundolo,Hugo Gaston,6.74,2.05,win,1.0499999999999998,1.0,ATP250|favorite_ml
clay_bo3,historical_ml_backtest,2025,2025-04-02,Grand Prix Hassan II,Clay,ATP250,high,ml,favorite_ml,Kamil Majchrzak,Jesper De Jong,Jesper De Jong,5.885,2.07,loss,-1.0,1.0,ATP250|favorite_ml
clay_bo3,historical_ml_backtest,2025,2025-04-02,Grand Prix Hassan II,Clay,ATP250,high,ml,dog_ml,Alexandre Muller,Hugo Dellien,Hugo Dellien,11.769,2.69,loss,-1.0,1.0,ATP250|dog_ml
clay_bo3,historical_ml_backtest,2025,2025-04-02,Tiriac Open,Clay,ATP250,high,ml,dog_ml,Flavio Cobolli,Richard Gasquet,Richard Gasquet,8.904,2.84,loss,-1.0,1.0,ATP250|dog_ml
clay_bo3,historical_ml_backtest,2025,2025-04-02,Tiriac Open,Clay,ATP250,high,ml,favorite_ml,Filip Misolic,Camilo Ugo Carabelli,Camilo Ugo Carabelli,8.509,1.51,loss,-1.0,1.0,ATP250|favorite_ml
clay_bo3,historical_ml_backtest,2025,2025-04-03,Grand Prix Hassan II,Clay,ATP250,high,ml,favorite_ml,Tallon Griekspoor,Pablo Carreno-Busta,Tallon Griekspoor,9.279,1.76,win,0.76,1.0,ATP250|favorite_ml
clay_bo3,historical_ml_backtest,2025,2025-04-03,Grand Prix Hassan II,Clay,ATP250,high,ml,dog_ml,Vit Kopriva,Lorenzo Sonego,Vit Kopriva,11.028,2.34,win,1.3399999999999999,1.0,ATP250|dog_ml
clay_bo3,historical_ml_backtest,2025,2025-04-04,Grand Prix Hassan II,Clay,ATP250,high,ml,dog_ml,Kamil Majchrzak,Alexandre Muller,Kamil Majchrzak,12.557,2.31,win,1.31,1.0,ATP250|dog_ml
clay_bo3,historical_ml_backtest,2025,2025-04-04,Tiriac Open,Clay,ATP250,high,ml,favorite_ml,Flavio Cobolli,Filip Misolic,Flavio Cobolli,7.039,1.72,win,0.72,1.0,ATP250|favorite_ml
clay_bo3,historical_ml_backtest,2025,2025-04-05,Grand Prix Hassan II,Clay,ATP250,high,ml,favorite_ml,Luciano Darderi,Roberto Carballes Baena,Luciano Darderi,9.159,2.04,win,1.04,1.0,ATP250|favorite_ml
clay_bo3,historical_ml_backtest,2025,2025-04-05,Grand Prix Hassan II,Clay,ATP250,high,ml,dog_ml,Tallon Griekspoor,Kamil Majchrzak,Kamil Majchrzak,8.664,2.31,loss,-1.0,1.0,ATP250|dog_ml
clay_bo3,historical_ml_backtest,2025,2025-04-05,Tiriac Open,Clay,ATP250,high,ml,favorite_ml,Sebastian Baez,Marton Fucsovics,Marton Fucsovics,10.122,2.1,loss,-1.0,1.0,ATP250|favorite_ml
clay_bo3,historical_ml_backtest,2025,2025-04-07,Monte Carlo Masters,Clay,Masters 1000,high,ml,favorite_ml,Alexandre Muller,Camilo Ugo Carabelli,Camilo Ugo Carabelli,6.623,1.89,loss,-1.0,1.0,Masters 1000|favorite_ml
clay_bo3,historical_ml_backtest,2025,2025-04-07,Monte Carlo Masters,Clay,Masters 1000,high,ml,favorite_ml,Alejandro Tabilo,Stan Wawrinka,Alejandro Tabilo,11.597,1.69,win,0.69,1.0,Masters 1000|favorite_ml
clay_bo3,historical_ml_backtest,2025,2025-04-08,Monte Carlo Masters,Clay,Masters 1000,high,ml,favorite_ml,Matteo Berrettini,Alexander Zverev,Alexander Zverev,12.971,1.63,loss,-1.0,1.0,Masters 1000|favorite_ml
clay_bo3,historical_ml_backtest,2025,2025-04-14,BMW Open,Clay,ATP500,high,ml,dog_ml,Daniel Altmaier,Chun Hsin Tseng,Chun Hsin Tseng,5.91,2.74,loss,-1.0,1.0,ATP500|dog_ml
clay_bo3,historical_ml_backtest,2025,2025-04-15,BMW Open,Clay,ATP500,high,ml,favorite_ml,Mariano Navone,Felix Auger Aliassime,Felix Auger Aliassime,9.842,1.75,loss,-1.0,1.0,ATP500|favorite_ml
clay_bo3,historical_ml_backtest,2025,2025-04-15,Barcelona Open,Clay,ATP500,high,ml,favorite_ml,Alex De Minaur,Tomas Martin Etcheverry,Alex De Minaur,9.7,1.38,win,0.3799999999999999,1.0,ATP500|favorite_ml
clay_bo3,historical_ml_backtest,2025,2025-04-15,Barcelona Open,Clay,ATP500,high,ml,dog_ml,Arthur Fils,Pablo Carreno-Busta,Pablo Carreno-Busta,12.907,4.32,loss,-1.0,1.0,ATP500|dog_ml
clay_bo3,historical_ml_backtest,2025,2025-04-19,Barcelona Open,Clay,ATP500,high,ml,favorite_ml,Carlos Alcaraz,Arthur Fils,Carlos Alcaraz,6.117,1.34,win,0.3400000000000001,1.0,ATP500|favorite_ml
clay_bo3,historical_ml_backtest,2025,2025-04-19,Barcelona Open,Clay,ATP500,high,ml,dog_ml,Holger Rune,Karen Khachanov,Karen Khachanov,8.02,2.51,loss,-1.0,1.0,ATP500|dog_ml
clay_bo3,historical_ml_backtest,2025,2025-04-23,Mutua Madrid Open,Clay,Masters 1000,high,ml,favorite_ml,Alexander Bublik,Alex Michelsen,Alex Michelsen,6.813,1.89,loss,-1.0,1.0,Masters 1000|favorite_ml
clay_bo3,historical_ml_backtest,2025,2025-04-23,Mutua Madrid Open,Clay,Masters 1000,high,ml,dog_ml,Sebastian Ofner,Hugo Gaston,Sebastian Ofner,5.329,2.38,win,1.38,1.0,Masters 1000|dog_ml
clay_bo3,historical_ml_backtest,2025,2025-04-23,Mutua Madrid Open,Clay,Masters 1000,high,ml,dog_ml,Arthur Rinderknech,Roman Safiullin,Arthur Rinderknech,5.261,2.51,win,1.5099999999999998,1.0,Masters 1000|dog_ml
clay_bo3,historical_ml_backtest,2025,2025-04-25,Mutua Madrid Open,Clay,Masters 1000,high,ml,favorite_ml,Brandon Nakashima,Sebastian Ofner,Brandon Nakashima,5.179,1.67,win,0.6699999999999999,1.0,Masters 1000|favorite_ml
clay_bo3,historical_ml_backtest,2025,2025-04-26,Mutua Madrid Open,Clay,Masters 1000,high,ml,favorite_ml,Lorenzo Musetti,Tomas Martin Etcheverry,Lorenzo Musetti,7.308,1.46,win,0.45999999999999996,1.0,Masters 1000|favorite_ml
clay_bo3,historical_ml_backtest,2025,2025-04-26,Mutua Madrid Open,Clay,Masters 1000,high,ml,dog_ml,Stefanos Tsitsipas,Jan-Lennard Struff,Jan-Lennard Struff,12.324,4.05,loss,-1.0,1.0,Masters 1000|dog_ml
clay_bo3,historical_ml_backtest,2025,2025-04-27,Mutua Madrid Open,Clay,Masters 1000,high,ml,dog_ml,Daniil Medvedev,Juan Manuel Cerundolo,Juan Manuel Cerundolo,7.213,3.63,loss,-1.0,1.0,Masters 1000|dog_ml
clay_bo3,historical_ml_backtest,2025,2025-04-29,Mutua Madrid Open,Clay,Masters 1000,high,ml,favorite_ml,Francisco Cerundolo,Alexander Zverev,Alexander Zverev,8.6,1.54,loss,-1.0,1.0,Masters 1000|favorite_ml
clay_bo3,historical_ml_backtest,2025,2025-04-29,Mutua Madrid Open,Clay,Masters 1000,high,ml,favorite_ml,Gabriel Diallo,Cameron Norrie,Cameron Norrie,8.561,1.85,loss,-1.0,1.0,Masters 1000|favorite_ml
clay_bo3,historical_ml_backtest,2025,2025-05-01,Mutua Madrid Open,Clay,Masters 1000,high,ml,dog_ml,Jack Draper,Matteo Arnaldi,Matteo Arnaldi,11.347,3.81,loss,-1.0,1.0,Masters 1000|dog_ml
clay_bo3,historical_ml_backtest,2025,2025-05-02,Mutua Madrid Open,Clay,Masters 1000,high,ml,favorite_ml,Casper Ruud,Francisco Cerundolo,Casper Ruud,7.527,1.93,win,0.9299999999999999,1.0,Masters 1000|favorite_ml
clay_bo3,historical_ml_backtest,2025,2025-05-07,Internazionali BNL d'Italia,Clay,Masters 1000,high,ml,dog_ml,Roman Andres Burruchaga,Lorenzo Sonego,Roman Andres Burruchaga,5.337,2.45,win,1.4500000000000002,1.0,Masters 1000|dog_ml
clay_bo3,historical_ml_backtest,2025,2025-05-07,Internazionali BNL d'Italia,Clay,Masters 1000,high,ml,dog_ml,Vit Kopriva,Quentin Halys,Quentin Halys,11.029,2.63,loss,-1.0,1.0,Masters 1000|dog_ml
clay_bo3,historical_ml_backtest,2025,2025-05-07,Internazionali BNL d'Italia,Clay,Masters 1000,high,ml,favorite_ml,Camilo Ugo Carabelli,Pablo Carreno-Busta,Camilo Ugo Carabelli,12.712,1.93,win,0.9299999999999999,1.0,Masters 1000|favorite_ml
clay_bo3,historical_ml_backtest,2025,2025-05-08,Internazionali BNL d'Italia,Clay,Masters 1000,high,ml,favorite_ml,Alexander Bublik,Roman Safiullin,Roman Safiullin,11.257,1.91,loss,-1.0,1.0,Masters 1000|favorite_ml
clay_bo3,historical_ml_backtest,2025,2025-05-08,Internazionali BNL d'Italia,Clay,Masters 1000,high,ml,dog_ml,Nicolas Jarry,Hugo Gaston,Hugo Gaston,8.318,2.62,loss,-1.0,1.0,Masters 1000|dog_ml
clay_bo3,historical_ml_backtest,2025,2025-05-08,Internazionali BNL d'Italia,Clay,Masters 1000,high,ml,dog_ml,Luca Nardi,Flavio Cobolli,Luca Nardi,11.152,3.27,win,2.27,1.0,Masters 1000|dog_ml
clay_bo3,historical_ml_backtest,2025,2025-05-09,Internazionali BNL d'Italia,Clay,Masters 1000,high,ml,dog_ml,Holger Rune,Francisco Comesana,Francisco Comesana,7.26,3.53,loss,-1.0,1.0,Masters 1000|dog_ml
clay_bo3,historical_ml_backtest,2025,2025-05-13,Internazionali BNL d'Italia,Clay,Masters 1000,high,ml,favorite_ml,Alexander Zverev,Arthur Fils,Alexander Zverev,9.683,1.57,win,0.5700000000000001,1.0,Masters 1000|favorite_ml
clay_bo3,historical_ml_backtest,2025,2025-05-14,Internazionali BNL d'Italia,Clay,Masters 1000,high,ml,favorite_ml,Lorenzo Musetti,Alexander Zverev,Alexander Zverev,10.291,1.66,loss,-1.0,1.0,Masters 1000|favorite_ml
clay_bo3,historical_ml_backtest,2025,2025-05-18,Geneva Open,Clay,ATP250,high,ml,dog_ml,Nuno Borges,Alex Michelsen,Alex Michelsen,8.008,2.27,loss,-1.0,1.0,ATP250|dog_ml
clay_bo3,historical_ml_backtest,2025,2025-05-19,Hamburg Open,Clay,ATP500,high,ml,favorite_ml,Alexandre Muller,Elias Ymer,Alexandre Muller,8.018,1.4,win,0.3999999999999999,1.0,ATP500|favorite_ml
clay_bo3,historical_ml_backtest,2025,2025-05-22,Geneva Open,Clay,ATP250,high,ml,favorite_ml,Cameron Norrie,Alexei Popyrin,Alexei Popyrin,6.214,1.78,loss,-1.0,1.0,ATP250|favorite_ml
clay_bo3,historical_ml_backtest,2025,2025-05-24,Hamburg Open,Clay,ATP500,high,ml,dog_ml,Flavio Cobolli,Andrey Rublev,Flavio Cobolli,12.793,3.19,win,2.19,1.0,ATP500|dog_ml
clay_bo3,historical_ml_backtest,2025,2025-07-14,Suisse Open Gstaad,Clay,ATP250,high,ml,favorite_ml,Roman Andres Burruchaga,Dalibor Svrcina,Dalibor Svrcina,9.508,2.08,loss,-1.0,1.0,ATP250|favorite_ml
clay_bo3,historical_ml_backtest,2025,2025-07-15,Nordea Open,Clay,ATP250,high,ml,favorite_ml,Andrea Pellegrino,Jaime Faria,Andrea Pellegrino,7.969,1.72,win,0.72,1.0,ATP250|favorite_ml
clay_bo3,historical_ml_backtest,2025,2025-07-16,Suisse Open Gstaad,Clay,ATP250,high,ml,dog_ml,Ignacio Buse,Kamil Majchrzak,Ignacio Buse,5.997,2.52,win,1.52,1.0,ATP250|dog_ml
clay_bo3,historical_ml_backtest,2025,2025-07-17,Nordea Open,Clay,ATP250,high,ml,favorite_ml,Damir Dzumhur,Hugo Gaston,Damir Dzumhur,7.312,1.85,win,0.8500000000000001,1.0,ATP250|favorite_ml
clay_bo3,historical_ml_backtest,2025,2025-07-17,Nordea Open,Clay,ATP250,high,ml,favorite_ml,Camilo Ugo Carabelli,Botic Van De Zandschulp,Camilo Ugo Carabelli,10.81,2.03,win,1.0299999999999998,1.0,ATP250|favorite_ml
clay_bo3,historical_ml_backtest,2025,2025-07-18,Nordea Open,Clay,ATP250,high,ml,favorite_ml,Camilo Ugo Carabelli,Filip Misolic,Filip Misolic,6.961,1.93,loss,-1.0,1.0,ATP250|favorite_ml
clay_bo3,historical_ml_backtest,2025,2025-07-20,Croatia Open,Clay,ATP250,high,ml,favorite_ml,Vit Kopriva,Raphael Collignon,Raphael Collignon,5.755,2.03,loss,-1.0,1.0,ATP250|favorite_ml
clay_bo3,historical_ml_backtest,2025,2025-07-22,Croatia Open,Clay,ATP250,high,ml,favorite_ml,Camilo Ugo Carabelli,Francesco Passaro,Camilo Ugo Carabelli,8.704,1.88,win,0.8799999999999999,1.0,ATP250|favorite_ml
clay_bo3,historical_ml_backtest,2025,2025-07-23,Croatia Open,Clay,ATP250,high,ml,dog_ml,Luciano Darderi,Chun Hsin Tseng,Chun Hsin Tseng,5.995,3.29,loss,-1.0,1.0,ATP250|dog_ml
clay_bo3,historical_ml_backtest,2025,2025-07-23,Croatia Open,Clay,ATP250,high,ml,favorite_ml,Dino Prizmic,Nikoloz Basilashvili,Dino Prizmic,5.291,1.52,win,0.52,1.0,ATP250|favorite_ml
clay_bo3,historical_ml_backtest,2025,2025-07-23,Generali Open,Clay,ATP250,high,ml,favorite_ml,Alexander Bublik,Thiago Agustin Tirante,Alexander Bublik,8.322,1.52,win,0.52,1.0,ATP250|favorite_ml
clay_bo3,historical_ml_backtest,2025,2025-07-23,Generali Open,Clay,ATP250,high,ml,favorite_ml,Alexander Shevchenko,Marton Fucsovics,Marton Fucsovics,5.384,1.63,loss,-1.0,1.0,ATP250|favorite_ml
clay_bo3,spread_archive_live_proxy,2026,2026-04-14,,Clay,ATP500,high,dog_hc,P1+,Botic Van De Zandschulp,Francisco Cerundolo,P1+,20.51,2.01,loss,-1.0,1.0,ATP500|dog_hc
clay_bo3,spread_archive_live_proxy,2026,2026-04-14,,Clay,ATP500,high,dog_hc,P1+,Cameron Norrie,Ethan Quinn,P1+,9.67,1.971,win,0.9710000000000001,1.0,ATP500|dog_hc
clay_bo3,spread_archive_live_proxy,2026,2026-04-16,,Clay,ATP500,high,dog_hc,P1+,Alexander Zverev,Francisco Cerundolo,P1+,12.46,1.971,win,0.9710000000000001,1.0,ATP500|dog_hc
clay_bo3,spread_archive_live_proxy,2026,2026-04-16,,Clay,ATP500,high,dog_hc,P1+,Flavio Cobolli,Vit Kopriva,P1+,9.77,2.0,win,1.0,1.0,ATP500|dog_hc
clay_bo3,spread_archive_live_proxy,2026,2026-04-17,,Clay,ATP500,high,dog_hc,P1+,Alexander Zverev,Francisco Cerundolo,P1+,12.73,1.971,win,0.9710000000000001,1.0,ATP500|dog_hc
clay_bo3,spread_archive_live_proxy,2026,2026-04-17,,Clay,ATP500,high,dog_hc,P1+,Flavio Cobolli,Vit Kopriva,P1+,8.32,1.926,win,0.9259999999999999,1.0,ATP500|dog_hc
clay_bo3,spread_archive_live_proxy,2026,2026-04-19,,Clay,Masters 1000,high,dog_hc,P1+,Elmer Moller,Hugo Gaston,P1+,6.68,1.926,win,0.9259999999999999,1.0,Masters 1000|dog_hc
clay_bo3,spread_archive_live_proxy,2026,2026-04-20,,Clay,Masters 1000,high,dog_hc,P1+,Elmer Moller,Hugo Gaston,P1+,8.22,1.98,win,0.98,1.0,Masters 1000|dog_hc
clay_bo3,spread_archive_live_proxy,2026,2026-04-21,,Clay,Masters 1000,high,dog_hc,P1+,Adolfo Daniel Vallejo,Henrique Rocha,P1+,14.02,1.935,win,0.935,1.0,Masters 1000|dog_hc
clay_bo3,spread_archive_live_proxy,2026,2026-04-22,,Clay,Masters 1000,high,dog_hc,P1+,Jaime Faria,Hubert Hurkacz,P1+,6.41,1.952,loss,-1.0,1.0,Masters 1000|dog_hc
clay_bo3,spread_training_dataset_proxy,2026,2026-03-29,,Clay,unknown,unknown,dog_hc,P1+,Younes Lalami Laaroussi,Moez Echargui,Younes Lalami Laaroussi,23.285301700000005,1.877,win,0.877,1.0,spread_training_dataset|dog_hc
clay_bo3,spread_training_dataset_proxy,2026,2026-03-29,,Clay,unknown,unknown,dog_hc,P2+,Liam Draxl,Alexis Galarneau,Alexis Galarneau,10.950971600000003,1.877,loss,-1.0,1.0,spread_training_dataset|dog_hc
clay_bo3,spread_training_dataset_proxy,2026,2026-03-29,,Clay,unknown,unknown,dog_hc,P1+,Alex Bolt,Andres Andrade,Alex Bolt,12.221824000000003,2.08,win,1.08,1.0,spread_training_dataset|dog_hc
clay_bo3,spread_training_dataset_proxy,2026,2026-03-29,,Clay,unknown,unknown,dog_hc,P2+,Henrique Rocha,David Jorda Sanchis,David Jorda Sanchis,16.50125600000001,1.84,loss,-1.0,1.0,spread_training_dataset|dog_hc
clay_bo3,spread_training_dataset_proxy,2026,2026-03-30,,Clay,unknown,unknown,dog_hc,P2+,Marco Trungelliti,Rei Sakamoto,Rei Sakamoto,12.898869200000007,1.901,win,0.901,1.0,spread_training_dataset|dog_hc
clay_bo3,spread_training_dataset_proxy,2026,2026-03-30,,Clay,unknown,unknown,dog_hc,P2+,Timofey Skatov,Moez Echargui,Moez Echargui,15.884600300000006,1.943,loss,-1.0,1.0,spread_training_dataset|dog_hc
clay_bo3,spread_training_dataset_proxy,2026,2026-03-30,,Clay,unknown,unknown,dog_hc,P2+,Dusan Lajovic,Lloyd Harris,Lloyd Harris,11.0136185,1.971,loss,-1.0,1.0,spread_training_dataset|dog_hc
clay_bo3,spread_training_dataset_proxy,2026,2026-03-30,,Clay,unknown,unknown,dog_hc,P2+,Aleksandar Vukic,Taha Baadi,Taha Baadi,24.22233199999999,2.04,win,1.04,1.0,spread_training_dataset|dog_hc
clay_bo3,spread_training_dataset_proxy,2026,2026-03-30,,Clay,unknown,unknown,dog_hc,P1+,Stefan Horia Haita,Joel Schwaerzler,Stefan Horia Haita,22.599716000000015,2.04,win,1.04,1.0,spread_training_dataset|dog_hc
clay_bo3,spread_training_dataset_proxy,2026,2026-03-30,,Clay,unknown,unknown,dog_hc,P1+,Dimitar Kuzmanov,Stefano Travaglia,Dimitar Kuzmanov,6.097237300000002,1.877,win,0.877,1.0,spread_training_dataset|dog_hc
clay_bo3,spread_training_dataset_proxy,2026,2026-03-30,,Clay,unknown,unknown,dog_hc,P2+,Adolfo Daniel Vallejo,Zachary Svajda,Zachary Svajda,11.7476189,1.971,loss,-1.0,1.0,spread_training_dataset|dog_hc
clay_bo3,spread_training_dataset_proxy,2026,2026-03-31,,Clay,unknown,unknown,dog_hc,P2+,Daniel Merida Aguilar,Joel Schwaerzler,Joel Schwaerzler,16.3693788,1.943,loss,-1.0,1.0,spread_training_dataset|dog_hc
clay_bo3,spread_training_dataset_proxy,2026,2026-03-31,,Clay,unknown,unknown,dog_hc,P1+,Christopher O'Connell,Mariano Navone,Christopher O'Connell,12.18572,2.04,win,1.04,1.0,spread_training_dataset|dog_hc
clay_bo3,spread_training_dataset_proxy,2026,2026-03-31,,Clay,unknown,unknown,dog_hc,P2+,Alexei Popyrin,Patrick Kypson,Patrick Kypson,17.467733499999994,1.885,loss,-1.0,1.0,spread_training_dataset|dog_hc
clay_bo3,spread_training_dataset_proxy,2026,2026-03-31,,Clay,unknown,unknown,dog_hc,P2+,Mattia Bellucci,Reda Bennani,Reda Bennani,21.45192920000001,1.862,win,0.8620000000000001,1.0,spread_training_dataset|dog_hc
clay_bo3,spread_training_dataset_proxy,2026,2026-03-31,,Clay,unknown,unknown,dog_hc,P2+,Alex Michelsen,Chak Lam Coleman Wong,Chak Lam Coleman Wong,13.3953596,1.962,loss,-1.0,1.0,spread_training_dataset|dog_hc
clay_bo3,spread_training_dataset_proxy,2026,2026-03-31,,Clay,unknown,unknown,dog_hc,P2+,Rafael Jodar,Dusan Lajovic,Dusan Lajovic,15.846867499999995,1.893,loss,-1.0,1.0,spread_training_dataset|dog_hc
clay_bo3,spread_training_dataset_proxy,2026,2026-04-01,,Clay,unknown,unknown,dog_hc,P1+,Elmer Moller,Mariano Navone,Elmer Moller,16.302450099999998,1.847,loss,-1.0,1.0,spread_training_dataset|dog_hc
clay_bo3,spread_training_dataset_proxy,2026,2026-04-01,,Clay,unknown,unknown,dog_hc,P2+,Thiago Agustin Tirante,Mackenzie Mcdonald,Mackenzie Mcdonald,19.351634500000014,1.909,loss,-1.0,1.0,spread_training_dataset|dog_hc
clay_bo3,spread_training_dataset_proxy,2026,2026-04-01,,Clay,unknown,unknown,dog_hc,P2+,Nuno Borges,Damir Dzumhur,Damir Dzumhur,23.344640000000005,1.935,win,0.935,1.0,spread_training_dataset|dog_hc
clay_bo3,spread_training_dataset_proxy,2026,2026-04-01,,Clay,unknown,unknown,dog_hc,P2+,Tomas Martin Etcheverry,Alex Bolt,Alex Bolt,10.246752000000004,2.02,loss,-1.0,1.0,spread_training_dataset|dog_hc
clay_bo3,spread_training_dataset_proxy,2026,2026-04-01,,Clay,unknown,unknown,dog_hc,P1+,Karim Bennani,Yannick Hanfmann,Karim Bennani,8.8662059,1.769,win,0.7689999999999999,1.0,spread_training_dataset|dog_hc
clay_bo3,spread_training_dataset_proxy,2026,2026-04-02,,Clay,unknown,unknown,dog_hc,P2+,Learner Tien,Nishesh Basavareddy,Nishesh Basavareddy,9.873944000000012,1.935,loss,-1.0,1.0,spread_training_dataset|dog_hc
clay_bo3,spread_training_dataset_proxy,2026,2026-04-02,,Clay,unknown,unknown,dog_hc,P2+,Alex Michelsen,Alexei Popyrin,Alexei Popyrin,11.841791999999995,1.952,win,0.952,1.0,spread_training_dataset|dog_hc
clay_bo3,spread_training_dataset_proxy,2026,2026-04-03,,Clay,unknown,unknown,dog_hc,P2+,Corentin Moutet,Marco Trungelliti,Marco Trungelliti,19.254806000000023,1.98,win,0.98,1.0,spread_training_dataset|dog_hc
clay_bo3,spread_training_dataset_proxy,2026,2026-04-03,,Clay,unknown,unknown,dog_hc,P1+,Alex Molcan,Mariano Navone,Alex Molcan,9.407023999999996,1.917,loss,-1.0,1.0,spread_training_dataset|dog_hc
clay_bo3,spread_training_dataset_proxy,2026,2026-04-03,,Clay,unknown,unknown,dog_hc,P2+,Camilo Ugo Carabelli,Luca Van Assche,Luca Van Assche,13.375022299999983,1.917,win,0.917,1.0,spread_training_dataset|dog_hc
clay_bo3,spread_training_dataset_proxy,2026,2026-04-04,,Clay,unknown,unknown,dog_hc,P2+,Mariano Navone,Botic Van De Zandschulp,Botic Van De Zandschulp,8.0186651,1.909,win,0.909,1.0,spread_training_dataset|dog_hc
clay_bo3,spread_training_dataset_proxy,2026,2026-04-04,,Clay,unknown,unknown,dog_hc,P2+,Jan-Lennard Struff,Nikoloz Basilashvili,Nikoloz Basilashvili,7.211401000000017,1.87,win,0.8700000000000001,1.0,spread_training_dataset|dog_hc
clay_bo3,spread_training_dataset_proxy,2026,2026-04-04,,Clay,unknown,unknown,dog_hc,P2+,Damir Dzumhur,Nicolai Budkov Kjaer,Nicolai Budkov Kjaer,8.997169399999994,1.917,loss,-1.0,1.0,spread_training_dataset|dog_hc
clay_bo3,spread_training_dataset_proxy,2026,2026-04-05,,Clay,unknown,unknown,dog_hc,P2+,Mariano Navone,Daniel Merida Aguilar,Daniel Merida Aguilar,20.47438159999999,1.926,win,0.9259999999999999,1.0,spread_training_dataset|dog_hc
clay_bo3,spread_training_dataset_proxy,2026,2026-04-05,,Clay,unknown,unknown,dog_hc,P1+,Marco Trungelliti,Rafael Jodar,Marco Trungelliti,15.558587000000013,1.935,loss,-1.0,1.0,spread_training_dataset|dog_hc
clay_bo3,spread_training_dataset_proxy,2026,2026-04-05,,Clay,unknown,unknown,dog_hc,P1+,Moise Kouame,Ugo Humbert,Moise Kouame,8.429034400000003,1.877,loss,-1.0,1.0,spread_training_dataset|dog_hc
clay_bo3,spread_training_dataset_proxy,2026,2026-04-06,,Clay,unknown,unknown,dog_hc,P2+,Andrey Rublev,Nuno Borges,Nuno Borges,10.039544,2.07,win,1.0699999999999998,1.0,spread_training_dataset|dog_hc
clay_bo3,spread_training_dataset_proxy,2026,2026-04-06,,Clay,unknown,unknown,dog_hc,P2+,Sebastian Baez,Stan Wawrinka,Stan Wawrinka,17.676835999999984,1.962,loss,-1.0,1.0,spread_training_dataset|dog_hc
clay_bo3,spread_training_dataset_proxy,2026,2026-04-06,,Clay,unknown,unknown,dog_hc,P2+,Valentin Vacherot,Juan Manuel Cerundolo,Juan Manuel Cerundolo,6.2637214,1.909,loss,-1.0,1.0,spread_training_dataset|dog_hc
clay_bo3,spread_training_dataset_proxy,2026,2026-04-06,,Clay,unknown,unknown,dog_hc,P2+,Jiri Lehecka,Emilio Nava,Emilio Nava,7.32727070000001,1.917,win,0.917,1.0,spread_training_dataset|dog_hc
clay_bo3,spread_training_dataset_proxy,2026,2026-04-07,,Clay,unknown,unknown,dog_hc,P1+,Ugo Humbert,Jannik Sinner,Ugo Humbert,16.716152000000008,2.04,loss,-1.0,1.0,spread_training_dataset|dog_hc
clay_bo3,spread_training_dataset_proxy,2026,2026-04-07,,Clay,unknown,unknown,dog_hc,P2+,Corentin Moutet,Alexandre Muller,Alexandre Muller,8.59250600000001,1.98,loss,-1.0,1.0,spread_training_dataset|dog_hc
clay_bo3,spread_training_dataset_proxy,2026,2026-04-08,,Clay,unknown,unknown,dog_hc,P2+,Francisco Cerundolo,Tomas Machac,Tomas Machac,21.170595199999998,1.952,win,0.952,1.0,spread_training_dataset|dog_hc
clay_bo3,spread_training_dataset_proxy,2026,2026-04-08,,Clay,unknown,unknown,dog_hc,P2+,Tomas Martin Etcheverry,Terence Atmane,Terence Atmane,11.503020500000005,1.935,loss,-1.0,1.0,spread_training_dataset|dog_hc
clay_bo3,spread_training_dataset_proxy,2026,2026-04-08,,Clay,unknown,unknown,dog_hc,P2+,Andrey Rublev,Zizou Bergs,Zizou Bergs,8.951625800000018,1.962,win,0.962,1.0,spread_training_dataset|dog_hc
clay_bo3,spread_training_dataset_proxy,2026,2026-04-09,,Clay,unknown,unknown,dog_hc,P2+,Carlos Alcaraz,Tomas Martin Etcheverry,Tomas Martin Etcheverry,7.91599999999999,2.0,win,1.0,1.0,spread_training_dataset|dog_hc
clay_bo3,spread_training_dataset_proxy,2026,2026-04-09,,Clay,unknown,unknown,dog_hc,P1+,Tomas Machac,Jannik Sinner,Tomas Machac,6.9898060000000095,1.87,loss,-1.0,1.0,spread_training_dataset|dog_hc
clay_bo3,spread_training_dataset_proxy,2026,2026-04-11,,Clay,unknown,unknown,dog_hc,P2+,Damir Dzumhur,Vitaliy Sachko,Vitaliy Sachko,15.228652399999998,1.962,win,0.962,1.0,spread_training_dataset|dog_hc
clay_bo3,spread_training_dataset_proxy,2026,2026-04-11,,Clay,unknown,unknown,dog_hc,P2+,Marco Trungelliti,Nicolai Budkov Kjaer,Nicolai Budkov Kjaer,7.092187999999999,1.935,win,0.935,1.0,spread_training_dataset|dog_hc
clay_bo3,spread_training_dataset_proxy,2026,2026-04-11,,Clay,unknown,unknown,dog_hc,P2+,Emilio Nava,David Goffin,David Goffin,17.546511999999993,1.952,loss,-1.0,1.0,spread_training_dataset|dog_hc
clay_bo3,spread_training_dataset_proxy,2026,2026-04-11,,Clay,unknown,unknown,dog_hc,P2+,Sebastian Ofner,Alejo Sanchez Quilez,Alejo Sanchez Quilez,17.015392099999982,1.847,win,0.847,1.0,spread_training_dataset|dog_hc
clay_bo3,spread_training_dataset_proxy,2026,2026-04-11,,Clay,unknown,unknown,dog_hc,P2+,Alexander Shevchenko,Diego Dedura,Diego Dedura,21.219825999999987,1.885,win,0.885,1.0,spread_training_dataset|dog_hc
clay_bo3,spread_training_dataset_proxy,2026,2026-04-11,,Clay,unknown,unknown,dog_hc,P2+,Juan Manuel Cerundolo,Giulio Zeppieri,Giulio Zeppieri,15.235704999999978,1.885,loss,-1.0,1.0,spread_training_dataset|dog_hc
clay_bo3,spread_training_dataset_proxy,2026,2026-04-12,,Clay,unknown,unknown,dog_hc,P2+,Juan Manuel Cerundolo,Jesper De Jong,Jesper De Jong,14.129092000000032,1.87,loss,-1.0,1.0,spread_training_dataset|dog_hc
clay_bo3,spread_training_dataset_proxy,2026,2026-04-12,,Clay,unknown,unknown,dog_hc,P2+,Diego Dedura,Sumit Nagal,Sumit Nagal,15.327206599999998,1.901,loss,-1.0,1.0,spread_training_dataset|dog_hc
clay_bo3,spread_training_dataset_proxy,2026,2026-04-12,,Clay,unknown,unknown,dog_hc,P2+,Sebastian Ofner,Patrick Kypson,Patrick Kypson,12.248237200000013,1.826,loss,-1.0,1.0,spread_training_dataset|dog_hc
clay_bo3,spread_training_dataset_proxy,2026,2026-04-25,,Clay,unknown,unknown,dog_hc,P1+,Jaume Antoni Munar Clar,Casper Ruud,Jaume Antoni Munar Clar,6.128602999999977,2.03,loss,-1.0,1.0,spread_training_dataset|dog_hc
clay_bo3,spread_training_dataset_proxy,2026,2026-04-25,,Clay,unknown,unknown,dog_hc,P2+,Francisco Cerundolo,Yannick Hanfmann,Yannick Hanfmann,12.32587409999999,1.877,loss,-1.0,1.0,spread_training_dataset|dog_hc
clay_bo3,spread_training_dataset_proxy,2026,2026-04-25,,Clay,unknown,unknown,dog_hc,P1+,Mariano Navone,Alexander Zverev,Mariano Navone,6.2938599999999845,1.99,loss,-1.0,1.0,spread_training_dataset|dog_hc
