threshold,segment,value,pairs,cpi_rows,base_bets,base_wins,base_pnl,base_roi_pct,overlay_bets,overlay_wins,overlay_pnl,overlay_roi_pct,delta_bets,delta_pnl,delta_roi_pct,same_side,added,dropped,flipped,avg_abs_prob_move_pp,avg_abs_cpi_delta_pp
5.0,all,all,4857,3187,1779,771,-4.85,-0.273,1774,800,62.32,3.513,-5,67.17,3.786,1163,512,517,99,4.3689,0.0
5.0,cpi_bucket,fast,781,781,319,137,-9.76,-3.06,322,142,-3.34,-1.037,3,6.42,2.022,147,149,146,26,6.8038,0.0
5.0,cpi_bucket,missing,1670,0,627,275,27.16,4.332,627,275,27.16,4.332,0,0.0,0.0,627,0,0,0,0.0,0.0
5.0,cpi_bucket,neutral,1548,1548,539,237,-3.36,-0.623,517,239,19.16,3.706,-22,22.52,4.329,255,215,237,47,6.6508,0.0
5.0,cpi_bucket,slow,858,858,294,122,-18.89,-6.425,308,144,19.34,6.279,14,38.23,12.704,134,148,134,26,6.5389,0.0
5.0,model_surface,Clay,612,0,218,81,-30.88,-14.165,218,81,-30.88,-14.165,0,0.0,0.0,218,0,0,0,0.0,0.0
5.0,model_surface,Grass,109,0,46,15,-8.41,-18.283,46,15,-8.41,-18.283,0,0.0,0.0,46,0,0,0,0.0,0.0
5.0,model_surface,Hard,949,0,363,179,66.45,18.306,363,179,66.45,18.306,0,0.0,0.0,363,0,0,0,0.0,0.0
5.0,model_surface,SpeedFast,781,781,319,137,-9.76,-3.06,322,142,-3.34,-1.037,3,6.42,2.022,147,149,146,26,6.8038,0.0
5.0,model_surface,SpeedNeutral,1548,1548,539,237,-3.36,-0.623,517,239,19.16,3.706,-22,22.52,4.329,255,215,237,47,6.6508,0.0
5.0,model_surface,SpeedSlow,858,858,294,122,-18.89,-6.425,308,144,19.34,6.279,14,38.23,12.704,134,148,134,26,6.5389,0.0
5.0,surface,Clay,1511,899,570,214,-82.42,-14.46,575,238,-30.38,-5.283,5,52.04,9.176,398,158,153,19,3.6783,0.0
5.0,surface,Grass,583,474,222,92,-17.79,-8.014,209,83,-20.12,-9.627,-13,-2.33,-1.613,137,54,67,18,5.0689,0.0
5.0,surface,Hard,2763,1814,987,465,95.36,9.662,990,479,112.82,11.396,3,17.46,1.734,628,300,297,62,4.5988,0.0
5.0,surface_cpi_bucket,Clay:fast,286,286,123,53,-3.21,-2.61,120,55,3.14,2.617,-3,6.35,5.226,57,56,59,7,6.8297,0.0
5.0,surface_cpi_bucket,Clay:missing,612,0,218,81,-30.88,-14.165,218,81,-30.88,-14.165,0,0.0,0.0,218,0,0,0,0.0,0.0
5.0,surface_cpi_bucket,Clay:neutral,256,256,91,28,-31.88,-35.033,99,39,-11.32,-11.434,8,20.56,23.599,56,39,31,4,5.8962,0.0
5.0,surface_cpi_bucket,Clay:slow,357,357,138,52,-16.45,-11.92,138,63,8.68,6.29,0,25.13,18.21,67,63,63,8,5.8686,0.0
5.0,surface_cpi_bucket,Grass:fast,163,163,73,32,-1.42,-1.945,70,28,-8.16,-11.657,-3,-6.74,-9.712,39,24,27,7,5.6847,0.0
5.0,surface_cpi_bucket,Grass:missing,109,0,46,15,-8.41,-18.283,46,15,-8.41,-18.283,0,0.0,0.0,46,0,0,0,0.0,0.0
5.0,surface_cpi_bucket,Grass:neutral,284,284,93,41,-6.81,-7.323,80,35,-3.26,-4.075,-13,3.55,3.248,43,27,40,10,6.6903,0.0
5.0,surface_cpi_bucket,Grass:slow,27,27,10,4,-1.15,-11.5,13,5,-0.29,-2.231,3,0.86,9.269,9,3,0,1,4.7597,0.0
5.0,surface_cpi_bucket,Hard:fast,332,332,123,52,-5.13,-4.171,132,59,1.68,1.273,9,6.81,5.443,51,69,60,12,7.3308,0.0
5.0,surface_cpi_bucket,Hard:missing,949,0,363,179,66.45,18.306,363,179,66.45,18.306,0,0.0,0.0,363,0,0,0,0.0,0.0
5.0,surface_cpi_bucket,Hard:neutral,1008,1008,355,168,35.33,9.952,338,165,33.74,9.982,-17,-1.59,0.03,156,149,166,33,6.8314,0.0
5.0,surface_cpi_bucket,Hard:slow,474,474,146,66,-1.29,-0.884,157,76,10.95,6.975,11,12.24,7.858,58,82,71,17,7.145,0.0
10.0,all,all,4857,3187,1195,475,-3.39,-0.284,1259,529,51.26,4.071,64,54.65,4.355,776,462,398,21,4.3689,0.0
10.0,cpi_bucket,fast,781,781,224,97,8.85,3.951,240,104,9.87,4.112,16,1.02,0.162,103,132,116,5,6.8038,0.0
10.0,cpi_bucket,missing,1670,0,428,172,16.43,3.839,428,172,16.43,3.839,0,0.0,0.0,428,0,0,0,0.0,0.0
10.0,cpi_bucket,neutral,1548,1548,360,137,-20.24,-5.622,371,154,5.62,1.515,11,25.86,7.137,160,200,189,11,6.6508,0.0
10.0,cpi_bucket,slow,858,858,183,69,-8.43,-4.607,220,99,19.34,8.791,37,27.77,13.397,85,130,93,5,6.5389,0.0
10.0,model_surface,Clay,612,0,150,54,-11.91,-7.94,150,54,-11.91,-7.94,0,0.0,0.0,150,0,0,0,0.0,0.0
10.0,model_surface,Grass,109,0,34,10,-9.88,-29.059,34,10,-9.88,-29.059,0,0.0,0.0,34,0,0,0,0.0,0.0
10.0,model_surface,Hard,949,0,244,108,38.22,15.664,244,108,38.22,15.664,0,0.0,0.0,244,0,0,0,0.0,0.0
10.0,model_surface,SpeedFast,781,781,224,97,8.85,3.951,240,104,9.87,4.112,16,1.02,0.162,103,132,116,5,6.8038,0.0
10.0,model_surface,SpeedNeutral,1548,1548,360,137,-20.24,-5.622,371,154,5.62,1.515,11,25.86,7.137,160,200,189,11,6.6508,0.0
10.0,model_surface,SpeedSlow,858,858,183,69,-8.43,-4.607,220,99,19.34,8.791,37,27.77,13.397,85,130,93,5,6.5389,0.0
10.0,surface,Clay,1511,899,384,138,-39.18,-10.203,411,163,-9.2,-2.238,27,29.98,7.965,267,143,116,1,3.6783,0.0
10.0,surface,Grass,583,474,160,61,-14.45,-9.031,154,58,-13.56,-8.805,-6,0.89,0.226,97,55,61,2,5.0689,0.0
10.0,surface,Hard,2763,1814,651,276,50.24,7.717,694,308,74.02,10.666,43,23.78,2.948,412,264,221,18,4.5988,0.0
10.0,surface_cpi_bucket,Clay:fast,286,286,87,37,1.2,1.379,91,39,0.41,0.451,4,-0.79,-0.929,41,49,45,1,6.8297,0.0
10.0,surface_cpi_bucket,Clay:missing,612,0,150,54,-11.91,-7.94,150,54,-11.91,-7.94,0,0.0,0.0,150,0,0,0,0.0,0.0
10.0,surface_cpi_bucket,Clay:neutral,256,256,59,17,-20.18,-34.203,75,28,-6.9,-9.2,16,13.28,25.003,34,41,25,0,5.8962,0.0
10.0,surface_cpi_bucket,Clay:slow,357,357,88,30,-8.29,-9.42,95,42,9.2,9.684,7,17.49,19.105,42,53,46,0,5.8686,0.0
10.0,surface_cpi_bucket,Grass:fast,163,163,54,23,1.8,3.333,51,21,0.29,0.569,-3,-1.51,-2.765,27,22,25,2,5.6847,0.0
10.0,surface_cpi_bucket,Grass:missing,109,0,34,10,-9.88,-29.059,34,10,-9.88,-29.059,0,0.0,0.0,34,0,0,0,0.0,0.0
10.0,surface_cpi_bucket,Grass:neutral,284,284,65,25,-5.71,-8.785,59,23,-4.17,-7.068,-6,1.54,1.717,31,28,34,0,6.6903,0.0
10.0,surface_cpi_bucket,Grass:slow,27,27,7,3,-0.66,-9.429,10,4,0.2,2.0,3,0.86,11.429,5,5,2,0,4.7597,0.0
10.0,surface_cpi_bucket,Hard:fast,332,332,83,37,5.85,7.048,98,44,9.17,9.357,15,3.32,2.309,35,61,46,2,7.3308,0.0
10.0,surface_cpi_bucket,Hard:missing,949,0,244,108,38.22,15.664,244,108,38.22,15.664,0,0.0,0.0,244,0,0,0,0.0,0.0
10.0,surface_cpi_bucket,Hard:neutral,1008,1008,236,95,5.65,2.394,237,103,16.69,7.042,1,11.04,4.648,95,131,130,11,6.8314,0.0
10.0,surface_cpi_bucket,Hard:slow,474,474,88,36,0.52,0.591,115,53,9.94,8.643,27,9.42,8.053,38,72,45,5,7.145,0.0
