league,season,Date,HomeTeam,AwayTeam,FTHG,FTAG,HS,AS,HST,AST,HC,AC,HF,AF,HY,AY,HR,AR,FTR,HTHG,HTAG,HTR,Referee,B365H,B365D,B365A,BWH,BWD,BWA,B365>2.5,B365<2.5,B365AHH,B365AHA,B365CH,B365CD,B365CA,BWCH,BWCD,BWCA,B365C>2.5,B365C<2.5,B365CAHH,B365CAHA
epl,2025-2026,15/08/2025,Liverpool,Bournemouth,4,2,19,10,10,3,6,7,7,10,1,2,0,0,H,1,0,H,A Taylor,1.3,6,8.5,1.32,5.5,7.5,1.36,3.2,1.83,2.03,1.29,6.25,9,1.31,5.75,8,1.36,3.2,2.03,1.78
epl,2025-2026,16/08/2025,Aston Villa,Newcastle,0,0,3,16,3,3,3,6,13,11,1,1,1,0,D,0,0,D,C Pawson,2.25,3.5,2.9,2.3,3.6,2.87,1.62,2.3,2,1.85,2.45,3.4,2.8,2.4,3.4,2.85,1.83,2.03,2.05,1.8
epl,2025-2026,16/08/2025,Brighton,Fulham,1,1,10,7,4,2,4,3,16,15,3,3,0,0,D,0,0,D,S Barrott,1.91,3.6,4,1.9,3.6,3.9,1.73,2.1,1.93,1.93,1.8,3.7,4.33,1.85,3.6,4.1,1.88,1.98,1.83,2.03
epl,2025-2026,16/08/2025,Sunderland,West Ham,3,0,10,12,5,4,5,7,8,10,0,1,0,0,H,0,0,D,R Jones,3.25,3.4,2.25,3.1,3.4,2.25,1.93,1.93,1.9,1.95,3.4,3.2,2.25,3.3,3.25,2.25,2.1,1.73,1.95,1.9
epl,2025-2026,16/08/2025,Tottenham,Burnley,3,0,16,14,6,4,6,5,14,8,0,0,0,0,H,1,0,H,M Oliver,1.38,4.75,8.5,1.39,4.8,8,1.73,2.1,1.88,1.98,1.55,3.9,6.25,1.55,4.1,6,1.93,1.93,1.98,1.88
epl,2025-2026,16/08/2025,Wolves,Man City,0,4,9,15,3,4,4,6,13,7,1,2,0,0,A,0,2,A,J Gillett,6.25,4.75,1.45,6.75,4.6,1.46,1.62,2.3,1.85,2,6.25,4.2,1.53,6,4.33,1.52,1.8,2,1.98,1.88
epl,2025-2026,17/08/2025,Chelsea,Crystal Palace,0,0,19,12,3,4,11,2,10,12,2,3,0,0,D,0,0,D,D England,1.62,4.33,4.5,1.6,4.2,5.25,1.67,2.2,1.8,2.05,1.8,3.75,4.33,1.85,3.6,4.1,1.73,2.1,1.85,2
epl,2025-2026,17/08/2025,Nott'm Forest,Brentford,3,1,11,10,5,3,5,5,7,15,1,2,0,0,H,3,0,H,P Bankes,2.2,3.3,3.5,2.15,3.4,3.4,2,1.85,1.88,1.98,1.9,3.5,4.2,1.9,3.5,4.1,1.98,1.88,1.88,1.98
epl,2025-2026,17/08/2025,Man United,Arsenal,0,1,22,9,7,3,3,4,10,19,1,4,0,0,A,0,1,A,S Hooper,3.6,3.6,1.95,3.4,3.5,2.1,1.83,2.03,1.85,2,3.8,3.7,1.91,3.7,3.7,1.95,1.73,2.1,1.88,1.98
epl,2025-2026,18/08/2025,Leeds,Everton,1,0,21,7,3,1,7,2,6,8,0,2,0,0,H,0,0,D,C Kavanagh,2.38,3.3,3,2.4,3.25,2.95,2.1,1.73,2.05,1.8,2.35,3.25,3.1,2.35,3.2,3.1,2.2,1.67,2.05,1.8
epl,2025-2026,22/08/2025,West Ham,Chelsea,1,5,12,12,4,7,7,5,7,10,0,1,0,0,A,1,3,A,M Oliver,4.75,3.8,1.73,4.6,3.9,1.72,1.73,2.1,1.93,1.93,4.5,3.8,1.75,4.6,3.8,1.73,1.8,2,1.83,2.03
epl,2025-2026,23/08/2025,Man City,Tottenham,0,2,10,12,4,5,7,2,7,12,1,4,0,0,A,0,2,A,P Bankes,1.48,4.5,6.25,1.47,4.6,6.25,1.44,2.75,1.97,1.77,1.55,4.33,5.25,1.57,4.5,5.25,1.5,2.63,1.87,1.87
epl,2025-2026,23/08/2025,Bournemouth,Wolves,1,0,14,6,4,1,8,3,13,16,2,4,0,1,H,1,0,H,T Bramall,1.8,3.8,4.2,1.78,3.9,4.2,1.73,2.1,2.03,1.83,1.8,3.7,4.33,1.8,3.7,4.33,1.88,1.98,2.05,1.8
epl,2025-2026,23/08/2025,Brentford,Aston Villa,1,0,9,17,2,2,2,9,11,9,1,2,0,0,H,1,0,H,T Harrington,3.1,3.6,2.2,3.1,3.5,2.2,1.8,2,1.9,1.95,3.4,3.5,2.1,3.2,3.4,2.2,1.88,1.98,2.03,1.83
epl,2025-2026,23/08/2025,Burnley,Sunderland,2,0,7,9,2,1,4,3,9,5,0,1,0,0,H,0,0,D,M Salisbury,2.2,3.2,3.5,2.3,3.2,3.25,2.3,1.62,1.9,1.95,2.35,3.2,3.2,2.37,3.1,3.2,2.3,1.62,2,1.85
epl,2025-2026,23/08/2025,Arsenal,Leeds,5,0,18,3,5,1,2,2,8,11,0,2,0,0,H,2,0,H,J Gillett,1.27,6.25,9.5,1.27,6,10.5,1.53,2.5,2,1.85,1.33,5.5,8.5,1.32,5.5,9,1.62,2.3,2,1.85
epl,2025-2026,24/08/2025,Crystal Palace,Nott'm Forest,1,1,8,9,4,1,1,3,11,11,3,3,0,0,D,1,0,H,A Taylor,2.35,3.3,3.1,2.35,3.3,3,2.1,1.73,2.03,1.83,2.35,3.25,3.1,2.4,3.2,3,2.1,1.73,1.99,1.74
epl,2025-2026,24/08/2025,Everton,Brighton,2,0,11,13,3,4,2,2,7,15,4,3,0,0,H,1,0,H,S Attwell,3.1,3.3,2.3,2.95,3.3,2.4,2,1.8,1.85,2,2.88,3.3,2.45,2.9,3.3,2.4,1.93,1.93,2.04,1.72
epl,2025-2026,24/08/2025,Fulham,Man United,1,1,13,10,4,3,9,6,12,10,1,1,0,0,D,0,0,D,C Kavanagh,3.25,3.5,2.15,3.3,3.6,2.1,1.8,2,1.98,1.88,3.4,3.6,2.05,3.4,3.5,2.1,1.73,2.1,2.03,1.83
epl,2025-2026,25/08/2025,Newcastle,Liverpool,2,3,10,5,3,4,7,1,17,15,2,3,1,0,A,0,1,A,S Hooper,3.25,3.8,2.05,3.4,3.9,1.98,1.57,2.38,2.03,1.83,2.9,3.6,2.3,2.9,3.6,2.25,1.57,2.38,1.83,2.03
epl,2025-2026,30/08/2025,Chelsea,Fulham,2,0,13,11,6,3,6,4,11,17,2,2,0,0,H,1,0,H,R Jones,1.55,4.33,5.25,1.55,4.5,5.25,1.67,2.2,1.95,1.9,1.67,3.9,4.75,1.68,3.9,4.8,1.85,2,2.2,1.65
epl,2025-2026,30/08/2025,Man United,Burnley,3,2,26,6,6,3,7,1,9,9,1,5,0,0,H,1,0,H,S Barrott,1.33,5.25,8,1.36,5.25,8.25,1.67,2.2,2.03,1.83,1.4,5.25,7,1.4,5,7.25,1.57,2.38,1.88,1.98
epl,2025-2026,30/08/2025,Sunderland,Brentford,2,1,12,7,3,4,3,4,11,12,3,2,0,0,H,0,0,D,A Taylor,3,3.3,2.4,2.9,3.3,2.45,2.1,1.73,2.08,1.73,3.1,3.3,2.3,3,3.25,2.37,2.1,1.73,1.85,2
epl,2025-2026,30/08/2025,Tottenham,Bournemouth,0,1,5,20,1,6,0,8,17,13,2,4,0,0,A,0,1,A,S Hooper,1.73,4.2,4.2,1.72,4,4.5,1.57,2.38,1.95,1.9,1.91,3.75,3.75,1.88,3.7,3.8,1.67,2.2,1.93,1.93
epl,2025-2026,30/08/2025,Wolves,Everton,2,3,12,10,4,4,2,2,15,10,0,1,0,0,A,1,2,A,M Oliver,2.7,3.2,2.75,2.65,3.2,2.75,2.2,1.67,1.93,1.93,3.4,3.2,2.25,3.25,3.1,2.3,2.5,1.53,1.88,1.98
epl,2025-2026,30/08/2025,Leeds,Newcastle,0,0,10,8,1,2,5,5,10,15,1,1,0,0,D,0,0,D,P Bankes,3.5,3.4,2.1,3.25,3.5,2.15,1.8,2,2.03,1.83,3.9,3.4,2,3.75,3.3,2,2.1,1.73,1.8,2.05
epl,2025-2026,31/08/2025,Brighton,Man City,2,1,12,12,7,3,3,2,16,14,2,2,0,0,H,0,1,A,D England,3.8,3.9,1.9,3.9,3.9,1.83,1.62,2.3,1.98,1.88,3.6,3.6,2,3.5,3.7,1.98,1.53,2.32,1.8,2.05
epl,2025-2026,31/08/2025,Nott'm Forest,West Ham,0,3,11,12,3,8,9,7,14,6,0,0,0,0,A,0,0,D,C Pawson,1.67,3.75,5.25,1.72,3.7,4.8,1.98,1.88,1.88,1.98,1.62,4,5,1.66,4,5,1.68,2.05,1.83,2.03
epl,2025-2026,31/08/2025,Liverpool,Arsenal,1,0,9,11,3,1,3,8,7,10,2,2,0,0,H,0,0,D,C Kavanagh,2.2,3.5,3.2,2.15,3.6,3.2,1.73,2.1,1.9,1.95,2.38,3.4,3,2.35,3.3,3,1.73,2.1,2.05,1.8
epl,2025-2026,31/08/2025,Aston Villa,Crystal Palace,0,3,13,6,4,4,10,1,7,14,2,3,0,0,A,0,1,A,S Attwell,1.85,3.7,4,1.93,3.5,4,1.98,1.88,1.88,1.98,2.15,3.6,3.2,2.1,3.4,3.4,1.8,2,1.82,1.92
epl,2025-2026,13/09/2025,Arsenal,Nott'm Forest,3,0,16,5,5,1,8,4,8,11,1,1,0,0,H,1,0,H,D England,1.38,5,8,1.39,4.8,8,1.73,2.1,1.83,2.03,1.4,4.75,7.5,1.43,4.8,6.75,1.67,2.2,1.98,1.88
epl,2025-2026,13/09/2025,Bournemouth,Brighton,2,1,13,6,5,2,4,4,16,10,4,4,0,0,H,1,0,H,P Bankes,2.35,3.5,2.9,2.4,3.5,2.8,1.67,2.2,2.05,1.8,2.35,3.5,2.9,2.37,3.5,2.8,1.62,2.3,1.73,2.08
epl,2025-2026,13/09/2025,Crystal Palace,Sunderland,0,0,14,6,6,0,5,3,10,8,1,1,0,0,D,0,0,D,T Bramall,1.65,3.75,5.75,1.68,3.7,5.25,2.1,1.73,1.83,2.03,1.67,3.6,5.5,1.7,3.6,5.25,2.2,1.67,1.9,1.95
epl,2025-2026,13/09/2025,Everton,Aston Villa,0,0,20,7,2,1,10,3,17,15,3,3,0,0,D,0,0,D,S Hooper,2.45,3.3,2.9,2.45,3.25,2.87,2.05,1.8,2.1,1.78,2.7,3.1,2.8,2.55,3.2,2.85,2.2,1.67,1.85,2
epl,2025-2026,13/09/2025,Fulham,Leeds,1,0,5,10,3,3,3,3,20,15,1,2,0,0,H,0,0,D,C Pawson,1.91,3.5,4,1.93,3.5,3.9,2.03,1.83,1.95,1.9,2,3.4,3.75,2,3.3,3.8,2.2,1.67,1.73,2.08
epl,2025-2026,13/09/2025,Newcastle,Wolves,1,0,16,8,4,3,10,4,10,17,1,4,0,0,H,1,0,H,C Kavanagh,1.42,4.75,7,1.43,4.6,7.25,1.8,2,1.98,1.88,1.36,5,8.5,1.37,5,8.25,1.67,2.2,1.75,2.05
epl,2025-2026,13/09/2025,West Ham,Tottenham,0,3,7,14,4,5,2,13,8,7,0,1,1,0,A,0,0,D,J Gillett,3.4,3.6,2.1,3.3,3.5,2.1,1.8,2,2.03,1.83,3.1,3.5,2.2,3.2,3.5,2.2,1.73,2.1,1.93,1.93
epl,2025-2026,13/09/2025,Brentford,Chelsea,2,2,7,16,4,6,5,6,13,9,3,2,0,0,D,1,0,H,S Attwell,4.5,3.9,1.73,4.4,3.9,1.75,1.73,2.1,1.9,1.95,4.2,3.75,1.83,4.2,3.7,1.83,1.83,2.03,2,1.85
epl,2025-2026,14/09/2025,Burnley,Liverpool,0,1,3,27,0,4,1,13,9,9,0,2,0,0,A,0,0,D,M Oliver,8,5.5,1.33,8.25,5.5,1.33,1.53,2.5,1.9,1.95,9,5.75,1.3,8.5,5.5,1.33,1.53,2.5,1.9,1.95
epl,2025-2026,14/09/2025,Man City,Man United,3,0,13,12,6,2,2,4,8,8,0,0,0,0,H,1,0,H,A Taylor,1.75,4,4.2,1.77,4,4.1,1.57,2.38,2,1.85,1.62,4.2,4.75,1.65,4.1,4.8,1.53,2.5,2.03,1.83
epl,2025-2026,20/09/2025,Liverpool,Everton,2,1,11,9,3,2,5,4,11,10,2,3,0,0,H,2,0,H,D England,1.45,4.75,6.5,1.47,4.6,6.25,1.62,2.3,1.98,1.88,1.5,4.33,6.25,1.52,4.4,6,1.73,2.1,1.85,2
epl,2025-2026,20/09/2025,Brighton,Tottenham,2,2,12,11,4,3,2,10,10,13,1,2,0,0,D,2,1,H,C Kavanagh,2.25,3.7,3,2.25,3.6,2.95,1.67,2.2,1.98,1.88,2.1,3.6,3.3,2.2,3.6,3,1.67,2.2,1.85,2
epl,2025-2026,20/09/2025,Burnley,Nott'm Forest,1,1,12,17,5,8,4,5,12,11,1,1,0,0,D,1,1,D,T Bramall,3.4,3.3,2.2,3.25,3.4,2.2,2,1.85,1.98,1.88,3.5,3.3,2.15,3.4,3.3,2.15,2.1,1.73,2.03,1.83
epl,2025-2026,20/09/2025,West Ham,Crystal Palace,1,2,8,18,3,3,8,8,15,5,3,3,0,0,A,0,1,A,T Harrington,2.88,3.5,2.38,2.9,3.4,2.4,2.05,1.8,1.8,2.05,3.1,3.5,2.25,3,3.5,2.3,1.8,2,1.9,1.95
epl,2025-2026,20/09/2025,Wolves,Leeds,1,3,16,6,6,4,4,0,11,9,1,1,0,0,A,1,3,A,A Taylor,2.7,3.2,2.75,2.65,3.2,2.75,2.3,1.62,1.93,1.93,3.1,3.1,2.45,2.87,3.1,2.55,2.3,1.62,2.1,1.78
epl,2025-2026,20/09/2025,Man United,Chelsea,2,1,11,5,4,1,5,5,13,14,0,5,1,1,H,2,0,H,P Bankes,2.6,3.8,2.45,2.65,3.7,2.4,1.57,2.38,2,1.85,2.55,3.75,2.5,2.65,3.6,2.5,1.57,2.38,1.98,1.88
epl,2025-2026,20/09/2025,Fulham,Brentford,3,1,14,8,3,3,2,10,11,13,4,1,0,0,H,2,1,H,M Oliver,2,3.4,3.8,2.05,3.5,3.6,2,1.85,2.03,1.83,2.1,3.25,3.6,2.1,3.3,3.5,2.1,1.73,1.85,2
epl,2025-2026,21/09/2025,Bournemouth,Newcastle,0,0,11,4,2,1,5,2,7,10,2,1,0,0,D,0,0,D,R Jones,2.5,3.5,2.7,2.5,3.4,2.75,1.83,2.03,1.8,2.05,2.5,3.2,2.9,2.35,3.3,3,1.88,1.98,2.1,1.7
epl,2025-2026,21/09/2025,Sunderland,Aston Villa,1,1,14,12,4,2,6,5,14,8,2,1,1,0,D,0,0,D,S Barrott,3.4,3.5,2.1,3.5,3.4,2.1,2.2,1.67,2.03,1.83,3.8,3.3,2,3.7,3.3,2.1,2,1.8,1.83,2.03
epl,2025-2026,21/09/2025,Arsenal,Man City,1,1,12,5,3,3,11,2,11,10,1,2,0,0,D,0,1,A,S Attwell,1.85,3.9,3.8,1.88,3.7,3.9,1.8,2,1.88,1.98,2,3.6,3.6,2.05,3.6,3.5,1.8,2,2.03,1.83
epl,2025-2026,27/09/2025,Brentford,Man United,3,1,10,14,8,6,4,2,14,10,2,2,0,0,H,2,1,H,C Pawson,3.4,3.8,2,3.4,3.75,2,1.67,2.2,1.85,2,3.2,3.75,2.1,3.2,3.7,2.1,1.57,2.38,1.75,2.05
epl,2025-2026,27/09/2025,Chelsea,Brighton,1,3,13,12,3,3,5,7,9,16,3,5,1,0,A,1,0,H,S Hooper,1.85,3.8,3.8,1.85,3.9,3.8,1.62,2.3,1.88,1.98,2,3.75,3.5,1.98,3.6,3.5,1.67,2.2,2,1.85
epl,2025-2026,27/09/2025,Crystal Palace,Liverpool,2,1,16,20,7,4,2,6,10,8,1,3,0,0,H,1,0,H,C Kavanagh,3.8,3.8,1.9,3.75,3.75,1.9,1.73,2.1,1.93,1.93,4.2,3.6,1.85,3.9,3.75,1.88,1.73,2.1,1.98,1.88
epl,2025-2026,27/09/2025,Leeds,Bournemouth,2,2,19,12,8,5,7,4,12,13,2,2,0,0,D,1,1,D,M Oliver,3.1,3.25,2.38,2.9,3.3,2.4,2.03,1.83,1.8,2.05,3,3.2,2.45,2.95,3.25,2.45,2.05,1.8,1.78,2.1
epl,2025-2026,27/09/2025,Man City,Burnley,5,1,21,9,8,2,10,2,5,7,1,3,0,0,H,1,1,D,R Jones,1.17,7.5,15,1.18,7.5,15.5,1.44,2.75,1.83,2.03,1.17,7.5,15,1.21,7.25,12.5,1.5,2.63,1.95,1.9
epl,2025-2026,27/09/2025,Nott'm Forest,Sunderland,0,1,22,11,6,3,7,4,11,6,4,2,0,0,A,0,1,A,T Harrington,1.75,3.75,4.5,1.78,3.7,4.5,2,1.85,2,1.85,1.75,3.8,4.75,1.75,3.7,4.6,1.93,1.93,1.98,1.88
epl,2025-2026,27/09/2025,Tottenham,Wolves,1,1,10,9,3,3,10,9,9,11,3,2,0,0,D,0,0,D,M Salisbury,1.5,4.5,6,1.49,4.5,6.25,1.73,2.1,2.05,1.75,1.5,4.2,6.5,1.53,4.2,6,1.73,2.1,1.9,1.95
epl,2025-2026,28/09/2025,Aston Villa,Fulham,3,1,9,11,4,4,2,8,10,13,1,4,0,0,H,1,1,D,A Madley,2.3,3.1,3.4,2.25,3.2,3.3,2.1,1.73,1.95,1.9,2.2,3.3,3.4,2.25,3.2,3.4,2.05,1.8,1.9,1.95
epl,2025-2026,28/09/2025,Newcastle,Arsenal,1,2,8,20,3,7,7,12,8,9,2,1,0,0,A,1,0,H,J Gillett,3.6,3.4,2.1,3.5,3.3,2.1,2.1,1.73,2.03,1.83,3.4,3.3,2.15,3.4,3.2,2.2,2.1,1.73,1.98,1.88
epl,2025-2026,29/09/2025,Everton,West Ham,1,1,12,14,6,3,3,5,7,16,3,4,0,0,D,1,0,H,S Barrott,1.7,3.75,5,1.73,3.7,4.8,1.93,1.93,1.9,1.95,1.62,3.9,5.5,1.68,3.8,5,1.88,1.98,1.8,2.05
epl,2025-2026,03/10/2025,Bournemouth,Fulham,3,1,11,12,6,4,4,3,8,10,0,1,0,0,H,0,0,D,S Hooper,1.95,3.5,3.9,1.95,3.5,3.9,2,1.85,2,1.85,1.95,3.4,4.1,1.93,3.4,4.1,2.1,1.73,1.98,1.88
epl,2025-2026,04/10/2025,Leeds,Tottenham,1,2,16,9,4,3,4,1,10,12,2,3,0,0,A,1,1,D,T Bramall,2.7,3.5,2.5,2.75,3.5,2.45,1.95,1.9,2.03,1.83,2.8,3.4,2.5,2.7,3.4,2.55,1.95,1.9,2.05,1.8
epl,2025-2026,04/10/2025,Arsenal,West Ham,2,0,21,4,5,0,8,3,14,14,0,2,0,0,H,1,0,H,J Brooks,1.18,6.5,17,1.2,6.75,14.5,1.53,2.5,1.98,1.88,1.17,8,15,1.2,7.25,13,1.44,2.75,1.95,1.9
epl,2025-2026,04/10/2025,Man United,Sunderland,2,0,15,8,6,3,2,3,10,12,1,4,0,0,H,2,0,H,S Attwell,1.5,4.75,5.75,1.51,4.5,5.75,1.62,2.3,1.8,2.05,1.62,4.33,5,1.61,4.2,5,1.62,2.3,1.75,2.05
epl,2025-2026,04/10/2025,Chelsea,Liverpool,2,1,12,12,6,2,7,2,9,8,0,2,0,0,H,1,0,H,A Taylor,2.8,3.75,2.3,2.9,3.6,2.25,1.53,2.5,1.8,2.05,2.9,3.6,2.3,2.8,3.6,2.3,1.57,2.38,1.83,2.03
epl,2025-2026,05/10/2025,Aston Villa,Burnley,2,1,15,5,7,2,6,4,9,15,3,1,0,0,H,1,0,H,A Kitchen,1.6,4,5.75,1.58,4,5.5,1.98,1.88,2.05,1.8,1.55,4.1,6,1.58,3.9,6,1.93,1.93,1.95,1.9
epl,2025-2026,05/10/2025,Everton,Crystal Palace,2,1,14,15,7,8,2,4,13,16,2,3,0,0,H,0,1,A,M Salisbury,2.45,3.25,3,2.5,3.2,2.9,2.2,1.67,1.7,2.1,2.6,3.2,2.8,2.65,3.1,2.8,2.3,1.62,1.88,1.98
epl,2025-2026,05/10/2025,Newcastle,Nott'm Forest,2,0,18,5,9,4,8,1,16,15,0,4,0,0,H,0,0,D,P Bankes,1.57,4.2,5.5,1.6,4.1,5.5,1.73,2.1,2,1.85,1.5,4.5,6,1.53,4.33,5.75,1.62,2.3,1.83,2.03
epl,2025-2026,05/10/2025,Wolves,Brighton,1,1,6,17,3,6,2,8,13,9,2,4,0,0,D,1,0,H,J Gillett,3.6,3.7,2,3.7,3.6,1.98,1.85,2,1.85,2,3.4,3.6,2.1,3.4,3.5,2.1,1.73,2.1,2.05,1.8
epl,2025-2026,05/10/2025,Brentford,Man City,0,1,6,10,1,4,3,2,10,6,3,2,0,0,A,0,1,A,D England,4.75,4.5,1.62,4.6,4.33,1.65,1.57,2.38,2.05,1.8,4.75,4.2,1.62,4.8,4.2,1.63,1.62,2.3,1.75,2.05
epl,2025-2026,18/10/2025,Nott'm Forest,Chelsea,0,3,12,17,2,6,5,2,13,16,2,2,0,1,A,0,0,D,C Kavanagh,3.7,3.8,1.95,3.75,3.7,1.93,1.73,2.1,1.9,1.95,3.1,3.5,2.25,3,3.4,2.3,1.88,1.98,1.8,2.05
epl,2025-2026,18/10/2025,Brighton,Newcastle,2,1,13,16,5,3,8,4,9,9,0,1,0,0,H,1,0,H,C Pawson,2.63,3.4,2.6,2.6,3.4,2.65,1.88,1.98,1.98,1.88,2.88,3.5,2.35,2.8,3.4,2.45,1.73,2.1,1.8,2.05
epl,2025-2026,18/10/2025,Burnley,Leeds,2,0,4,19,3,4,1,5,10,7,2,1,0,0,H,1,0,H,T Robinson,3.25,3.25,2.25,3.2,3.25,2.3,2.2,1.67,1.93,1.93,3.4,3.25,2.15,3.4,3.2,2.2,2.3,1.62,1.95,1.9
epl,2025-2026,18/10/2025,Crystal Palace,Bournemouth,3,3,20,8,7,5,6,5,8,16,1,4,0,0,D,0,2,A,J Gillett,2.2,3.4,3.25,2.25,3.4,3.1,1.95,1.9,1.95,1.9,2.15,3.3,3.5,2.15,3.4,3.4,1.8,2,1.85,2
epl,2025-2026,18/10/2025,Man City,Everton,2,0,19,5,7,1,11,3,8,14,0,2,0,0,H,0,0,D,T Harrington,1.4,5,7,1.41,4.8,7.25,1.73,2.1,1.88,1.98,1.42,4.33,8.5,1.46,4.6,6.5,1.67,2.2,2.05,1.8
epl,2025-2026,18/10/2025,Sunderland,Wolves,2,0,8,16,2,3,3,2,5,12,0,0,0,0,H,1,0,H,R Jones,2.5,3,3.1,2.45,3.1,3.1,2.5,1.53,2.1,1.78,2.5,3,3.1,2.5,3,3,2.38,1.57,2.13,1.75
epl,2025-2026,18/10/2025,Fulham,Arsenal,0,1,9,16,0,5,6,10,11,4,0,0,0,0,A,0,0,D,A Taylor,5.75,4.1,1.55,6,4.1,1.55,1.98,1.88,1.88,1.98,6.25,4.2,1.5,6.25,4.2,1.52,1.95,1.9,1.98,1.88
epl,2025-2026,19/10/2025,Tottenham,Aston Villa,1,2,9,8,3,2,6,6,11,7,2,0,0,0,A,1,1,D,S Hooper,2.05,3.5,3.5,2.05,3.6,3.4,1.83,2.03,2.03,1.83,2.2,3.4,3.1,2.25,3.4,3.2,1.88,1.98,1.98,1.88
epl,2025-2026,19/10/2025,Liverpool,Man United,1,2,19,12,6,4,9,4,8,14,0,2,0,0,A,0,1,A,M Oliver,1.6,4.5,5,1.61,4.4,4.8,1.44,2.75,2,1.85,1.7,4.2,4.2,1.66,4.33,4.5,1.44,2.75,1.9,1.95
epl,2025-2026,20/10/2025,West Ham,Brentford,0,2,7,22,1,7,6,10,10,10,1,1,0,0,A,0,1,A,A Madley,2.5,3.25,2.88,2.5,3.3,2.8,1.9,1.95,1.8,2.05,2.8,3.25,2.55,2.75,3.3,2.55,1.93,1.93,2.03,1.83
epl,2025-2026,24/10/2025,Leeds,West Ham,2,1,13,9,5,3,3,4,12,11,3,3,0,0,H,2,0,H,S Attwell,1.8,3.5,4.75,1.8,3.6,4.5,2.1,1.73,1.78,2.03,1.8,3.6,4.5,1.78,3.6,4.5,2.03,1.83,2.03,1.78
epl,2025-2026,25/10/2025,Chelsea,Sunderland,1,2,16,10,7,4,9,1,15,13,1,1,0,0,A,1,1,D,A Madley,1.36,4.75,9,1.38,5,8,1.73,2.1,2.05,1.8,1.45,4.5,7,1.46,4.5,6.75,1.73,2.1,2.03,1.83
epl,2025-2026,25/10/2025,Newcastle,Fulham,2,1,18,12,7,5,4,3,11,18,0,2,0,0,H,1,0,H,P Bankes,1.62,3.9,5.5,1.63,4,5.25,1.93,1.93,1.8,2.05,1.6,4.1,5.75,1.61,4,5.25,1.83,2.03,2.03,1.83
epl,2025-2026,25/10/2025,Man United,Brighton,4,2,13,17,9,5,1,6,4,13,2,2,0,0,H,2,0,H,A Taylor,1.95,3.8,3.5,2,3.75,3.4,1.53,2.5,1.98,1.88,1.95,3.8,3.4,2,3.75,3.3,1.5,2.63,1.98,1.88
epl,2025-2026,25/10/2025,Brentford,Liverpool,3,2,17,18,8,5,5,4,7,10,3,2,0,0,H,2,1,H,S Hooper,4.1,4.2,1.75,4.33,4.2,1.71,1.53,2.5,1.88,1.98,3.9,4,1.83,3.9,4,1.82,1.57,2.38,2.03,1.83
epl,2025-2026,26/10/2025,Arsenal,Crystal Palace,1,0,10,7,3,1,4,3,6,11,0,0,0,0,H,1,0,H,T Bramall,1.4,4.75,7.5,1.41,4.75,7.5,1.73,2.1,1.95,1.9,1.38,5,8,1.4,4.8,7.5,1.67,2.2,1.88,1.98
epl,2025-2026,26/10/2025,Aston Villa,Man City,1,0,9,18,3,4,5,6,8,16,1,4,0,0,H,1,0,H,M Oliver,4.33,3.8,1.8,4,3.75,1.85,1.73,2.1,2.03,1.78,4.2,3.75,1.83,4.1,3.8,1.82,1.67,2.2,2,1.85
epl,2025-2026,26/10/2025,Bournemouth,Nott'm Forest,2,0,13,8,5,4,6,4,17,7,3,1,0,0,H,2,0,H,S Barrott,1.8,3.8,4.33,1.8,3.75,4.2,1.88,1.98,2.03,1.83,2,3.75,3.6,1.98,3.6,3.7,1.8,2,2,1.85
epl,2025-2026,26/10/2025,Wolves,Burnley,2,3,15,11,7,7,5,3,12,7,1,0,0,0,A,2,2,D,T Harrington,1.95,3.3,4.2,1.98,3.3,4,2.3,1.62,1.95,1.9,1.91,3.3,4.33,1.93,3.3,4.2,2.2,1.67,1.93,1.93
epl,2025-2026,26/10/2025,Everton,Tottenham,0,3,12,7,2,4,9,8,9,8,2,0,0,0,A,0,2,A,C Pawson,2.35,3.4,3,2.35,3.4,2.95,1.98,1.88,2.03,1.83,2.2,3.5,3.25,2.15,3.25,3.2,1.93,1.93,1.85,2
epl,2025-2026,01/11/2025,Brighton,Leeds,3,0,14,5,7,2,4,7,10,7,0,1,0,0,H,1,0,H,M Oliver,1.85,3.75,4,1.83,3.8,4,1.85,2,1.88,1.98,1.91,3.6,3.9,1.93,3.6,3.9,1.83,2.03,1.9,1.95
epl,2025-2026,01/11/2025,Burnley,Arsenal,0,2,3,12,0,8,1,6,10,13,2,1,0,0,A,0,2,A,C Kavanagh,10,6,1.27,10.5,5.75,1.29,1.73,2.1,2,1.85,13,6.25,1.22,13,5.75,1.25,1.9,1.95,1.75,2.05
epl,2025-2026,01/11/2025,Crystal Palace,Brentford,2,0,9,6,2,2,6,5,7,11,0,3,0,0,H,1,0,H,P Bankes,1.91,3.6,3.9,1.93,3.6,3.8,1.73,2.1,1.93,1.93,2.05,3.4,3.5,2.05,3.4,3.6,1.88,1.98,2.05,1.75
epl,2025-2026,01/11/2025,Fulham,Wolves,3,0,19,5,6,2,10,1,13,14,1,3,0,1,H,1,0,H,J Brooks,1.83,3.5,4.5,1.85,3.4,4.4,2.2,1.67,1.85,2,1.73,3.8,4.5,1.83,3.6,4.2,1.85,2,2,1.85
epl,2025-2026,01/11/2025,Nott'm Forest,Man United,2,2,17,18,3,7,8,5,10,7,1,1,0,0,D,0,1,A,D England,3.3,3.75,2.05,3.4,3.6,2.05,1.73,2.1,1.8,2.05,3.1,3.8,2.1,3.2,3.6,2.15,1.67,2.2,2.03,1.83
epl,2025-2026,01/11/2025,Tottenham,Chelsea,0,1,3,15,1,9,6,5,14,12,4,2,0,0,A,0,1,A,J Gillett,2.7,3.5,2.5,2.75,3.5,2.45,1.73,2.1,2,1.85,3.1,3.5,2.25,3,3.4,2.3,1.73,2.1,1.88,1.98
epl,2025-2026,01/11/2025,Liverpool,Aston Villa,2,0,16,10,4,3,1,4,13,11,2,3,0,0,H,1,0,H,S Attwell,1.65,4.33,4.5,1.6,4.4,4.8,1.53,2.5,2.05,1.75,1.67,4.33,4.33,1.65,4.2,4.75,1.53,2.5,2.08,1.73
epl,2025-2026,02/11/2025,West Ham,Newcastle,3,1,15,12,9,4,7,6,5,10,1,2,0,0,H,2,1,H,R Jones,5.25,4,1.62,4.8,4,1.66,1.8,2,2.05,1.8,4.75,4.2,1.65,5,4.1,1.63,1.73,2.1,1.73,2.08
epl,2025-2026,02/11/2025,Man City,Bournemouth,3,1,15,8,8,5,10,4,8,11,2,2,0,0,H,2,1,H,A Taylor,1.5,4.75,5.75,1.5,4.6,5.75,1.53,2.5,2.05,1.75,1.42,5,7,1.42,5,6.75,1.5,2.63,1.85,2
epl,2025-2026,03/11/2025,Sunderland,Everton,1,1,17,8,3,2,4,1,10,12,3,2,0,0,D,0,1,A,T Bramall,2.7,3.2,2.7,2.8,3.1,2.6,2.3,1.62,1.93,1.93,3.3,3,2.3,3.2,3,2.37,2.38,1.57,1.85,2
epl,2025-2026,08/11/2025,Tottenham,Man United,2,2,10,5,4,2,5,3,10,8,5,1,0,0,D,0,1,A,S Barrott,2.63,3.6,2.5,2.6,3.6,2.5,1.67,2.2,1.98,1.88,2.9,3.4,2.35,2.87,3.4,2.37,1.73,2.1,1.8,2.05
epl,2025-2026,08/11/2025,Everton,Fulham,2,0,14,8,5,4,7,5,11,14,2,2,0,0,H,1,0,H,A Madley,2.2,3.3,3.4,2.15,3.25,3.4,2.2,1.67,1.9,1.95,2.3,3.3,3.2,2.3,3.2,3.25,2.1,1.73,2,1.85
epl,2025-2026,08/11/2025,West Ham,Burnley,3,2,15,16,6,7,7,4,15,13,2,2,0,0,H,1,1,D,M Salisbury,1.91,3.5,4,1.93,3.5,3.9,2,1.8,1.93,1.93,1.85,3.6,4.1,1.85,3.5,4.2,1.98,1.88,1.85,2
epl,2025-2026,08/11/2025,Sunderland,Arsenal,2,2,6,17,2,7,2,2,13,13,2,1,0,0,D,1,0,H,C Pawson,7.5,5,1.38,8.25,4.6,1.39,2.05,1.8,1.93,1.93,7.5,4.33,1.44,6.5,4.2,1.5,2.2,1.67,1.95,1.9
epl,2025-2026,08/11/2025,Chelsea,Wolves,3,0,20,3,8,0,10,1,12,14,1,2,0,0,H,0,0,D,A Kitchen,1.36,4.75,8.5,1.37,5.25,7.5,1.62,2.3,1.83,2.03,1.36,5,8,1.38,5,7.75,1.57,2.38,2.05,1.8
epl,2025-2026,09/11/2025,Aston Villa,Bournemouth,4,0,16,13,8,4,6,9,8,20,2,2,0,0,H,2,0,H,J Brooks,2.2,3.4,3.25,2.15,3.5,3.25,1.88,1.98,1.9,1.95,2.3,3.3,3.1,2.25,3.3,3.1,1.88,1.98,2,1.85
epl,2025-2026,09/11/2025,Brentford,Newcastle,3,1,15,5,7,1,6,2,10,13,2,1,0,0,H,0,1,A,S Attwell,2.8,3.5,2.45,2.75,3.4,2.45,1.85,2,2.05,1.8,2.8,3.4,2.5,2.8,3.3,2.5,1.83,2.03,2.05,1.8
epl,2025-2026,09/11/2025,Crystal Palace,Brighton,0,0,10,7,2,3,4,8,10,12,1,4,0,0,D,0,0,D,T Robinson,2.25,3.5,3.1,2.25,3.6,3,1.73,2.1,1.98,1.88,2.38,3.4,3,2.35,3.4,3,1.85,2,2.05,1.8
epl,2025-2026,09/11/2025,Nott'm Forest,Leeds,3,1,14,10,6,3,6,4,10,11,2,1,0,0,H,1,1,D,J Gillett,2.25,3.25,3.3,2.2,3.3,3.25,2.1,1.73,1.95,1.9,2.2,3,3.6,2.2,3.1,3.5,2.38,1.57,1.88,1.98
epl,2025-2026,09/11/2025,Man City,Liverpool,3,0,14,7,6,1,7,7,14,15,2,4,0,0,H,2,0,H,C Kavanagh,1.9,3.9,3.7,1.9,4,3.6,1.5,2.63,1.88,1.98,1.85,4,3.8,1.85,3.9,3.8,1.5,2.63,1.83,2.03
epl,2025-2026,22/11/2025,Burnley,Chelsea,0,2,8,15,2,5,1,9,13,8,2,3,0,0,A,0,1,A,P Bankes,6.25,4.5,1.48,6.5,4.4,1.49,1.8,2,2.05,1.8,5,4.2,1.6,5.5,4.2,1.57,1.67,2.2,1.8,2.05
epl,2025-2026,22/11/2025,Bournemouth,West Ham,2,2,28,5,10,2,9,2,9,10,3,2,0,0,D,0,2,A,T Bramall,1.62,4.2,4.75,1.63,4.1,5,1.67,2.2,1.8,2.05,1.65,4.1,4.75,1.66,3.9,5,1.67,2.2,1.83,2.03
epl,2025-2026,22/11/2025,Brighton,Brentford,2,1,14,10,5,4,7,4,10,9,4,2,0,0,H,0,1,A,C Kavanagh,1.91,3.6,4,1.93,3.7,3.75,1.73,2.1,1.93,1.93,2.15,3.4,3.4,2.1,3.4,3.4,1.73,2.1,1.85,2
epl,2025-2026,22/11/2025,Fulham,Sunderland,1,0,24,4,6,2,7,4,5,13,3,3,0,0,H,0,0,D,D England,2.1,3.25,3.75,2.1,3.25,3.6,2.2,1.67,1.8,2.05,2,3.4,4,2.05,3.25,3.75,2.1,1.73,2,1.85
epl,2025-2026,22/11/2025,Liverpool,Nott'm Forest,0,3,21,15,4,7,8,6,11,8,2,0,0,0,A,0,1,A,A Madley,1.44,5,6.25,1.44,4.75,6.75,1.53,2.5,1.95,1.9,1.45,4.5,7,1.47,4.6,6.25,1.57,2.38,2.03,1.83
epl,2025-2026,22/11/2025,Wolves,Crystal Palace,0,2,8,10,1,4,1,4,13,9,2,3,0,0,A,0,0,D,A Taylor,3.8,3.6,1.95,3.7,3.5,2,2.05,1.8,1.88,1.98,4.5,3.9,1.75,4.2,3.6,1.83,1.9,1.95,1.85,2
epl,2025-2026,22/11/2025,Newcastle,Man City,2,1,9,17,5,4,5,9,13,8,1,3,0,0,H,0,0,D,S Barrott,3.6,3.8,1.95,3.4,3.8,1.98,1.67,2.2,1.9,1.95,3.8,3.75,1.91,3.6,3.7,1.95,1.62,2.3,1.9,1.95
epl,2025-2026,23/11/2025,Leeds,Aston Villa,1,2,14,14,5,3,3,3,18,16,5,1,0,0,A,1,0,H,R Jones,3,3.3,2.4,3.1,3.25,2.3,2.1,1.73,1.78,2.1,3.2,3.3,2.25,3.2,3.2,2.3,2.1,1.73,1.93,1.93
epl,2025-2026,23/11/2025,Arsenal,Tottenham,4,1,17,3,8,2,4,1,11,15,1,3,0,0,H,2,0,H,M Oliver,1.42,4.75,7.5,1.4,4.6,8,1.8,2,1.95,1.9,1.48,4.33,7,1.47,4.33,6.75,1.98,1.88,1.8,2.05
epl,2025-2026,24/11/2025,Man United,Everton,0,1,25,3,6,1,9,1,12,9,2,0,0,1,A,0,1,A,T Harrington,1.75,4,4.33,1.72,3.8,4.6,1.73,2.1,2,1.85,1.85,3.6,4.1,1.85,3.7,4.1,1.85,2,1.88,1.98
epl,2025-2026,29/11/2025,Brentford,Burnley,3,1,14,6,4,2,5,6,7,7,0,2,0,0,H,0,0,D,S Barrott,1.45,4.5,7,1.49,4.4,6.5,1.73,2.1,2.03,1.83,1.48,4.33,6.5,1.5,4.4,6.25,1.8,2,1.8,2.05
epl,2025-2026,29/11/2025,Man City,Leeds,3,2,18,9,9,4,8,1,17,11,4,1,0,0,H,2,0,H,P Bankes,1.22,6.5,12,1.24,6.5,11,1.53,2.5,1.88,1.98,1.2,7.5,11,1.25,6.75,10,1.4,3,1.83,2.03
epl,2025-2026,29/11/2025,Sunderland,Bournemouth,3,2,12,18,6,6,6,3,14,13,5,5,0,1,H,1,2,A,T Robinson,3.2,3.3,2.3,2.95,3.3,2.37,2,1.85,1.85,2,3.2,3.3,2.3,3.1,3.3,2.35,2,1.85,1.88,1.98
epl,2025-2026,29/11/2025,Everton,Newcastle,1,4,10,13,2,8,8,7,4,6,0,0,0,0,A,0,3,A,C Pawson,2.8,3.25,2.63,2.8,3.3,2.5,2,1.8,1.98,1.88,2.63,3.3,2.7,2.7,3.3,2.6,1.88,1.98,1.9,1.95
epl,2025-2026,29/11/2025,Tottenham,Fulham,1,2,14,7,2,3,8,2,11,7,3,2,0,0,A,0,2,A,S Attwell,2.2,3.3,3.3,2.15,3.4,3.3,1.95,1.9,1.93,1.93,2.38,3.4,3,2.35,3.3,3,1.8,2,2.05,1.8
epl,2025-2026,30/11/2025,Crystal Palace,Man United,1,2,14,14,3,6,4,4,14,14,3,2,0,0,A,1,0,H,R Jones,2.3,3.4,3.1,2.35,3.4,2.9,1.73,2.1,2,1.85,2.05,3.7,3.4,2.05,3.6,3.4,1.73,2.1,2.05,1.75
epl,2025-2026,30/11/2025,Aston Villa,Wolves,1,0,16,9,6,4,7,3,13,21,0,4,0,0,H,0,0,D,C Kavanagh,1.5,4.33,6.5,1.5,4.4,6.25,1.8,2,1.83,2.03,1.5,4.5,6.25,1.5,4.4,6.25,1.8,2,2.05,1.75
epl,2025-2026,30/11/2025,Nott'm Forest,Brighton,0,2,19,17,3,6,9,2,11,10,0,1,0,0,A,0,1,A,M Oliver,2.75,3.3,2.63,2.7,3.4,2.55,1.91,1.91,1.98,1.88,3,3.3,2.45,2.85,3.3,2.45,1.91,1.91,2.1,1.7
epl,2025-2026,30/11/2025,West Ham,Liverpool,0,2,7,9,0,5,7,2,12,14,1,0,1,0,A,0,0,D,D England,4.33,4.33,1.67,4.2,4.1,1.72,1.53,2.5,1.95,1.9,4.75,4.5,1.57,5,4.4,1.6,1.5,2.63,1.93,1.93
epl,2025-2026,30/11/2025,Chelsea,Arsenal,1,1,11,8,4,4,3,3,12,13,1,6,1,0,D,0,0,D,A Taylor,3.4,3.3,2.2,3.3,3.3,2.2,1.98,1.88,1.95,1.9,2.88,3.2,2.55,3,3.1,2.4,2.05,1.8,1.68,2.15
epl,2025-2026,02/12/2025,Bournemouth,Everton,0,1,5,13,2,3,1,6,14,14,3,3,0,0,A,0,0,D,M Salisbury,2.2,3.25,3.3,2.15,3.3,3.4,1.98,1.88,1.93,1.93,2.15,3.5,3.3,2.2,3.4,3.3,1.8,2,1.88,1.98
epl,2025-2026,02/12/2025,Fulham,Man City,4,5,12,11,6,4,7,2,9,7,0,1,0,0,A,1,3,A,C Pawson,4.33,4.1,1.73,4.5,4.1,1.68,1.67,2.2,1.95,1.9,5,4.2,1.62,5,4,1.63,1.73,2.1,2.05,1.8
epl,2025-2026,02/12/2025,Newcastle,Tottenham,2,2,19,8,7,2,11,8,5,12,0,3,0,0,D,0,0,D,T Bramall,1.83,3.8,4.1,1.8,3.75,4.2,1.73,2.1,1.83,2.03,1.85,3.75,4,1.83,3.75,4.1,1.67,2.2,1.85,2
epl,2025-2026,03/12/2025,Arsenal,Brentford,2,0,15,6,7,1,4,8,7,9,0,1,0,0,H,1,0,H,T Harrington,1.36,5,8.5,1.37,5,8,1.73,2.1,2.08,1.73,1.42,4.5,7.5,1.46,4.6,6.75,1.93,1.93,2.1,1.78
epl,2025-2026,03/12/2025,Brighton,Aston Villa,3,4,16,14,7,10,5,6,10,9,2,2,0,0,A,2,2,D,A Madley,2.15,3.5,3.4,2.15,3.4,3.3,1.88,1.98,1.85,2,2.25,3.4,3.2,2.25,3.4,3.1,1.83,2.03,1.93,1.93
epl,2025-2026,03/12/2025,Burnley,Crystal Palace,0,1,11,3,4,3,3,4,9,8,0,0,0,0,A,0,1,A,T Kirk,4.5,3.8,1.75,4.6,3.7,1.77,2,1.8,1.83,2.03,4.75,3.75,1.73,5,3.6,1.75,2.2,1.67,1.88,1.98
epl,2025-2026,03/12/2025,Wolves,Nott'm Forest,0,1,5,10,1,3,3,9,19,11,2,2,0,0,A,0,0,D,T Robinson,3.25,3.4,2.25,3.2,3.3,2.2,2.1,1.73,1.9,1.95,3.1,3.25,2.38,3,3.2,2.37,2.1,1.73,1.8,2.05
epl,2025-2026,03/12/2025,Leeds,Chelsea,3,1,17,14,5,2,4,2,10,13,1,1,0,0,H,2,0,H,D England,4.1,4.1,1.8,4.33,3.8,1.78,1.83,2.03,1.83,2.03,3.9,3.5,1.95,3.9,3.4,1.98,2,1.8,1.88,1.98
epl,2025-2026,03/12/2025,Liverpool,Sunderland,1,1,23,9,4,6,7,3,10,5,1,1,0,0,D,0,0,D,S Attwell,1.36,5.25,7,1.34,5.5,8.25,1.57,2.38,2,1.85,1.36,5.5,7,1.37,5.25,7.75,1.62,2.3,2.03,1.83
epl,2025-2026,04/12/2025,Man United,West Ham,1,1,17,11,4,3,6,6,13,9,2,2,0,0,D,0,0,D,A Kitchen,1.45,5,6,1.46,4.75,6.25,1.53,2.5,1.98,1.88,1.4,5.25,6.5,1.41,5,7,1.5,2.63,1.85,2
epl,2025-2026,06/12/2025,Aston Villa,Arsenal,2,1,15,15,6,9,3,3,10,8,0,2,0,0,H,1,0,H,P Bankes,4.2,3.5,1.9,4,3.4,1.93,2.1,1.73,1.95,1.9,4.2,3.5,1.9,4.1,3.5,1.9,2.1,1.73,1.95,1.9
epl,2025-2026,06/12/2025,Bournemouth,Chelsea,0,0,13,11,5,4,5,0,15,13,0,2,0,0,D,0,0,D,M Oliver,3.1,3.75,2.15,3.2,3.6,2.15,1.62,2.3,1.95,1.9,3.3,3.75,2.05,3.25,3.7,2.05,1.57,2.38,2.03,1.78
epl,2025-2026,06/12/2025,Everton,Nott'm Forest,3,0,11,7,5,3,6,3,17,15,4,3,0,0,H,2,0,H,C Kavanagh,2.2,3.2,3.5,2.15,3.25,3.5,2.1,1.73,1.88,1.98,2.05,3.25,3.9,2.1,3.25,3.7,2.1,1.73,1.73,2.08
epl,2025-2026,06/12/2025,Man City,Sunderland,3,0,18,8,6,1,6,5,9,10,1,0,0,1,H,2,0,H,A Madley,1.25,6.5,10,1.26,6.25,10.5,1.5,2.63,1.9,1.95,1.25,6.5,10,1.27,6.25,10,1.44,2.75,1.95,1.9
epl,2025-2026,06/12/2025,Newcastle,Burnley,2,1,17,9,7,3,9,9,9,11,2,2,0,1,H,2,0,H,S Attwell,1.27,6,9.5,1.29,5.75,9.5,1.57,2.38,2.03,1.83,1.3,5.5,9.5,1.32,5.5,9,1.57,2.38,1.93,1.93
epl,2025-2026,06/12/2025,Tottenham,Brentford,2,0,15,4,7,1,7,6,8,9,3,4,0,0,H,2,0,H,R Jones,2.3,3.5,3,2.25,3.5,3,1.83,2.03,2,1.85,2.5,3.3,2.88,2.37,3.4,2.9,1.91,1.91,1.8,2.05
epl,2025-2026,06/12/2025,Leeds,Liverpool,3,3,12,16,5,7,5,4,14,14,3,3,0,0,D,0,0,D,A Taylor,3.8,4,1.85,4.1,3.8,1.82,1.67,2.2,2,1.85,4.2,4,1.75,4.4,3.8,1.77,1.73,2.1,1.85,2
epl,2025-2026,07/12/2025,Brighton,West Ham,1,1,22,14,4,5,10,6,12,8,2,2,0,0,D,0,0,D,S Hooper,1.55,4.33,5.75,1.57,4.4,5.25,1.62,2.3,1.9,1.95,1.6,4.2,5.25,1.6,4.2,5,1.62,2.3,2.03,1.83
epl,2025-2026,07/12/2025,Fulham,Crystal Palace,1,2,12,11,4,5,6,4,5,8,0,0,0,0,A,1,1,D,S Barrott,2.55,3.3,2.8,2.6,3.25,2.75,2,1.8,1.83,2.03,2.4,3.4,2.9,2.5,3.25,2.8,1.91,1.91,1.73,2.08
epl,2025-2026,08/12/2025,Wolves,Man United,1,4,8,27,2,10,1,9,17,12,3,2,0,0,A,1,1,D,M Salisbury,4.2,4,1.75,4.33,3.8,1.78,1.67,2.2,1.85,2,4.75,4,1.67,5,4.1,1.63,1.73,2.1,2,1.85
epl,2025-2026,13/12/2025,Chelsea,Everton,2,0,17,11,5,2,4,7,13,11,1,0,0,0,H,2,0,H,T Bramall,1.67,3.8,5.25,1.65,4,5,1.88,1.98,1.85,2,1.73,3.75,4.75,1.71,3.9,4.6,1.85,2,1.93,1.93
epl,2025-2026,13/12/2025,Liverpool,Brighton,2,0,18,14,4,1,2,2,8,15,1,2,0,0,H,1,0,H,C Pawson,1.67,4,4.75,1.68,4.2,4.4,1.53,2.5,1.83,2.03,1.75,3.9,4.33,1.72,4,4.33,1.62,2.3,1.98,1.88
epl,2025-2026,13/12/2025,Burnley,Fulham,2,3,16,6,8,4,10,4,8,8,1,2,0,0,A,1,2,A,M Oliver,4,3.5,1.91,3.9,3.5,1.93,2.1,1.73,1.9,1.95,3.9,3.5,1.95,3.9,3.4,1.98,2.1,1.73,1.85,2
epl,2025-2026,13/12/2025,Arsenal,Wolves,2,1,16,3,2,2,8,0,7,15,0,4,0,0,H,0,0,D,R Jones,1.13,8.5,21,1.13,9.5,20,1.53,2.5,1.93,1.93,1.11,9,21,1.12,9.5,20,1.5,2.63,1.88,1.98
epl,2025-2026,14/12/2025,Crystal Palace,Man City,0,3,16,7,4,6,2,2,9,6,2,0,0,0,A,0,1,A,D England,3.9,3.9,1.85,4,3.7,1.87,1.67,2.2,2.03,1.83,4,3.8,1.85,4,3.7,1.87,1.73,2.1,2,1.85
epl,2025-2026,14/12/2025,Nott'm Forest,Tottenham,3,0,15,6,6,1,3,3,9,13,1,3,0,0,H,1,0,H,S Barrott,2.55,3.3,2.8,2.55,3.3,2.75,2.03,1.83,1.88,1.98,2.7,3.3,2.7,2.6,3.3,2.7,1.91,1.91,1.93,1.93
epl,2025-2026,14/12/2025,Sunderland,Newcastle,1,0,5,6,1,2,3,6,10,10,5,4,0,0,H,0,0,D,P Bankes,3.3,3.3,2.25,3.2,3.4,2.2,1.91,1.91,1.93,1.93,3.4,3.4,2.2,3.3,3.4,2.2,1.91,1.91,1.98,1.88
epl,2025-2026,14/12/2025,West Ham,Aston Villa,2,3,10,7,3,4,5,3,18,13,1,2,0,0,A,2,1,H,A Taylor,3.75,3.5,2,3.5,3.5,2.05,1.8,2,1.83,2.03,3.3,3.4,2.2,3.2,3.4,2.2,1.8,2,1.95,1.9
epl,2025-2026,14/12/2025,Brentford,Leeds,1,1,7,18,2,4,0,3,8,9,0,0,0,0,D,0,0,D,J Brooks,1.91,3.6,4,1.98,3.5,3.75,1.9,1.95,1.93,1.93,2.15,3.3,3.6,2.1,3.2,3.6,2.1,1.73,1.83,2.03
epl,2025-2026,15/12/2025,Man United,Bournemouth,4,4,25,14,9,9,5,4,15,12,2,3,0,0,D,2,1,H,S Hooper,1.83,4,3.8,1.83,3.9,3.8,1.57,2.38,1.83,2.03,1.73,4.33,4.2,1.75,4.2,4,1.44,2.75,1.93,1.93
epl,2025-2026,20/12/2025,Newcastle,Chelsea,2,2,11,13,5,4,6,4,13,14,3,6,0,0,D,2,0,H,A Madley,2.75,3.6,2.45,2.65,3.5,2.5,1.67,2.2,2.03,1.83,2.8,3.6,2.3,2.75,3.5,2.45,1.67,2.2,2.1,1.7
epl,2025-2026,20/12/2025,Bournemouth,Burnley,1,1,16,4,1,1,5,3,11,11,1,1,0,0,D,0,0,D,C Kavanagh,1.48,4.33,6.5,1.47,4.6,6.25,1.67,2.2,2.05,1.8,1.48,4.5,6.25,1.49,4.6,6,1.62,2.3,2.03,1.83
epl,2025-2026,20/12/2025,Brighton,Sunderland,0,0,16,14,4,6,3,4,11,15,2,2,0,0,D,0,0,D,D England,1.67,4,5.25,1.65,4,5,1.85,2,1.85,2,1.85,3.7,4.1,1.82,3.7,4.2,1.88,1.98,1.83,2.03
epl,2025-2026,20/12/2025,Man City,West Ham,3,0,17,7,8,3,6,0,16,10,1,1,0,0,H,2,0,H,P Tierney,1.22,8,10,1.22,7.5,10.5,1.36,3.2,1.93,1.93,1.2,7.5,11,1.22,7.5,10.5,1.33,3.4,1.98,1.88
epl,2025-2026,20/12/2025,Wolves,Brentford,0,2,9,7,2,6,3,4,12,15,2,4,0,0,A,0,0,D,M Donohue,3.5,3.6,2.05,3.6,3.5,2.05,2,1.85,1.8,2.05,3.4,3.4,2.1,3.3,3.4,2.15,2,1.85,2.03,1.83
epl,2025-2026,20/12/2025,Tottenham,Liverpool,1,2,15,8,4,4,2,6,9,7,3,3,2,0,A,0,0,D,J Brooks,3.5,3.75,2,3.4,3.7,2.05,1.67,2.2,1.83,2.03,3.6,3.6,2,3.4,3.6,2.05,1.8,2,1.83,2.03
epl,2025-2026,20/12/2025,Everton,Arsenal,0,1,5,13,1,2,2,3,4,5,2,2,0,0,A,0,1,A,S Barrott,5.75,4.1,1.57,5.5,3.8,1.62,2.1,1.73,1.83,2.03,6.25,4.1,1.53,6,4,1.57,1.95,1.9,1.93,1.93
epl,2025-2026,20/12/2025,Leeds,Crystal Palace,4,1,20,9,8,3,9,5,5,10,1,3,0,0,H,2,0,H,T Bramall,2.6,3.3,2.75,2.55,3.3,2.75,2.1,1.73,1.88,1.98,2.88,3.1,2.63,2.8,3.1,2.65,2.38,1.57,2,1.85
epl,2025-2026,21/12/2025,Aston Villa,Man United,2,1,12,15,4,6,5,5,11,14,1,2,0,0,H,1,1,D,M Oliver,2.1,3.6,3.3,2.1,3.7,3.25,1.67,2.2,1.83,2.03,2,3.7,3.6,1.98,3.7,3.5,1.67,2.2,2,1.85
epl,2025-2026,22/12/2025,Fulham,Nott'm Forest,1,0,11,12,1,2,1,5,5,9,5,4,0,0,H,1,0,H,A Taylor,2.4,3.25,3,2.37,3.4,2.95,2.05,1.8,2.1,1.78,2.63,3.3,2.75,2.5,3.4,2.75,1.91,1.91,1.88,1.98
epl,2025-2026,26/12/2025,Man United,Newcastle,1,0,10,16,4,3,2,11,9,5,2,1,0,0,H,1,0,H,A Taylor,2.55,3.6,2.6,2.45,3.6,2.65,1.67,2.2,1.9,1.95,2.5,3.7,2.6,2.4,3.6,2.7,1.57,2.38,1.88,1.98
epl,2025-2026,27/12/2025,Nott'm Forest,Man City,1,2,7,16,2,5,5,5,5,13,1,2,0,0,A,0,0,D,R Jones,5,4.33,1.6,5,4.33,1.6,1.67,2.2,1.85,2,5,4.2,1.62,4.6,4.2,1.65,1.62,2.3,1.75,2.05
epl,2025-2026,27/12/2025,Arsenal,Brighton,2,1,24,8,6,3,7,2,7,13,2,3,0,0,H,1,0,H,J Brooks,1.42,4.75,7,1.43,4.8,6.75,1.67,2.2,1.9,1.95,1.33,5.5,8,1.34,5.75,8,1.53,2.5,1.9,1.95
epl,2025-2026,27/12/2025,Brentford,Bournemouth,4,1,15,20,7,10,2,15,9,8,2,2,0,0,H,2,0,H,P Bankes,2.25,3.6,3,2.25,3.6,2.95,1.67,2.2,1.98,1.88,2.25,3.4,3.2,2.25,3.5,3,1.93,1.93,1.98,1.88
epl,2025-2026,27/12/2025,Burnley,Everton,0,0,16,15,0,6,6,5,8,8,0,2,0,0,D,0,0,D,C Pawson,4.1,3.4,1.95,4,3.25,2,2.2,1.67,1.88,1.98,3.6,3.1,2.2,3.75,3.1,2.15,2.63,1.5,1.98,1.88
epl,2025-2026,27/12/2025,Liverpool,Wolves,2,1,14,9,4,4,6,4,5,13,0,1,0,0,H,2,0,H,S Hooper,1.25,6.5,10,1.24,6.75,10.5,1.5,2.63,1.88,1.98,1.22,7,11,1.25,6.5,9.5,1.44,2.75,1.88,1.98
epl,2025-2026,27/12/2025,West Ham,Fulham,0,1,11,15,2,4,5,4,8,8,1,3,0,0,A,0,0,D,C Kavanagh,2.63,3.4,2.6,2.65,3.4,2.55,1.8,2,1.95,1.9,3,3.3,2.35,2.85,3.4,2.4,1.95,1.9,1.8,2.05
epl,2025-2026,27/12/2025,Chelsea,Aston Villa,1,2,14,11,3,8,6,7,16,8,5,3,0,0,A,1,0,H,S Attwell,1.83,3.9,4,1.83,3.9,3.9,1.67,2.2,1.85,2,1.75,4,4.2,1.77,3.9,4.2,1.67,2.2,1.98,1.88
epl,2025-2026,28/12/2025,Sunderland,Leeds,1,1,8,17,3,6,3,9,7,9,1,0,0,0,D,1,0,H,T Harrington,2.5,3.1,2.88,2.5,3.25,2.85,2.2,1.67,1.83,2.03,2.9,3.2,2.55,2.75,3.1,2.65,2.38,1.57,2.05,1.8
epl,2025-2026,28/12/2025,Crystal Palace,Tottenham,0,1,15,8,2,4,3,2,7,5,3,2,0,0,A,0,1,A,J Gillett,2.25,3.25,3.2,2.25,3.4,3.1,2,1.8,1.98,1.88,2.2,3.4,3.25,2.2,3.4,3.2,1.93,1.93,1.95,1.9
epl,2025-2026,30/12/2025,Burnley,Newcastle,1,3,15,20,4,9,3,4,9,3,2,1,0,0,A,1,2,A,R Jones,5.25,4.2,1.6,5.5,3.9,1.61,1.8,2,1.83,2.03,5.5,4.2,1.57,5.75,3.9,1.6,1.8,2,1.85,2
epl,2025-2026,30/12/2025,Chelsea,Bournemouth,2,2,17,17,3,6,12,3,5,12,1,1,0,0,D,2,2,D,S Barrott,1.5,4.75,5.75,1.53,4.6,5.5,1.5,2.63,1.78,2.03,1.62,4.5,5,1.57,4.5,5,1.4,3,1.98,1.88
epl,2025-2026,30/12/2025,Nott'm Forest,Everton,0,2,21,11,6,3,9,2,11,9,1,0,0,0,A,0,1,A,M Oliver,2.1,3.25,3.7,2.1,3.2,3.7,2.3,1.62,1.8,2.05,1.83,3.5,4.2,1.93,3.4,4.2,2.2,1.67,1.85,2
epl,2025-2026,30/12/2025,West Ham,Brighton,2,2,10,16,4,6,5,5,11,18,3,5,0,0,D,2,1,H,M Salisbury,3.4,3.75,2,3.25,3.6,2.1,1.67,2.2,1.8,2.05,3.4,3.7,2.1,3.25,3.6,2.1,1.73,2.1,2.03,1.83
epl,2025-2026,30/12/2025,Arsenal,Aston Villa,4,1,22,11,7,3,3,3,18,9,2,3,0,0,H,0,0,D,D England,1.42,4.75,7,1.44,4.75,6.5,1.67,2.2,1.93,1.93,1.36,5.25,7.5,1.4,5,7,1.67,2.2,1.83,2.03
epl,2025-2026,30/12/2025,Man United,Wolves,1,1,15,11,6,4,8,4,9,12,0,2,0,0,D,1,1,D,T Bramall,1.36,5.25,8,1.37,5.25,7.5,1.62,2.3,1.83,2.03,1.36,5.25,7,1.4,5,7,1.53,2.5,1.85,2
epl,2025-2026,01/01/2026,Crystal Palace,Fulham,1,1,11,17,2,5,6,3,7,10,0,5,0,0,D,1,0,H,T Harrington,2.15,3.3,3.4,2.15,3.4,3.3,2.1,1.73,1.88,1.98,2.2,3.25,3.4,2.2,3.25,3.3,2.1,1.73,1.9,1.95
epl,2025-2026,01/01/2026,Liverpool,Leeds,0,0,19,4,4,2,8,3,10,8,0,2,0,0,D,0,0,D,C Kavanagh,1.55,4.5,5.5,1.53,4.5,5.5,1.62,2.3,1.88,1.98,1.48,4.5,6.5,1.49,4.5,6.5,1.73,2.1,1.75,2.05
epl,2025-2026,01/01/2026,Brentford,Tottenham,0,0,7,9,2,3,3,1,8,10,1,2,0,0,D,0,0,D,A Madley,2.1,3.6,3.2,2.1,3.5,3.3,1.93,1.93,1.85,2,2.4,3.5,2.88,2.35,3.4,2.95,1.98,1.88,1.73,2.08
epl,2025-2026,01/01/2026,Sunderland,Man City,0,0,10,14,4,4,3,5,9,6,1,1,0,0,D,0,0,D,J Gillett,7.5,4.75,1.38,7.25,4.6,1.42,1.62,2.3,2,1.85,7,5,1.42,6.5,4.6,1.46,1.62,2.3,1.88,1.98
epl,2025-2026,03/01/2026,Aston Villa,Nott'm Forest,3,1,11,10,4,5,4,4,10,20,1,2,0,0,H,1,0,H,S Hooper,1.75,3.9,4.5,1.77,3.75,4.4,1.8,2,1.98,1.88,1.91,3.5,4,1.9,3.6,4,1.88,1.98,1.93,1.93
epl,2025-2026,03/01/2026,Brighton,Burnley,2,0,15,5,4,3,4,4,7,17,0,4,0,0,H,1,0,H,T Robinson,1.48,4.33,7,1.49,4.4,6.25,1.73,2.1,1.75,2.05,1.44,4.5,7,1.47,4.6,6.25,1.73,2.1,2.03,1.83
epl,2025-2026,03/01/2026,Wolves,West Ham,3,0,11,6,8,0,6,7,11,10,1,0,0,0,H,3,0,H,P Bankes,2.5,3.3,2.88,2.5,3.4,2.75,1.98,1.88,1.8,2.05,2.6,3.4,2.63,2.6,3.4,2.65,1.9,1.95,1.93,1.93
epl,2025-2026,03/01/2026,Bournemouth,Arsenal,2,3,15,12,3,5,7,5,13,8,3,1,0,0,A,1,1,D,C Kavanagh,6.5,4.75,1.44,6,4.4,1.52,1.62,2.3,1.75,2.05,6,4.5,1.5,5.75,4.4,1.53,1.62,2.3,1.93,1.93
epl,2025-2026,04/01/2026,Leeds,Man United,1,1,11,15,3,2,6,4,9,9,0,1,0,0,D,0,0,D,J Gillett,2.7,3.3,2.63,2.7,3.5,2.5,1.83,2.03,1.98,1.88,2.8,3.2,2.6,2.65,3.3,2.6,2,1.8,2,1.85
epl,2025-2026,04/01/2026,Everton,Brentford,2,4,14,11,6,7,4,5,9,8,0,2,0,0,A,0,1,A,A Taylor,2.35,3.25,3.1,2.35,3.25,3,2.2,1.67,2.03,1.83,2.45,3.2,3.1,2.45,3.1,3,2.2,1.67,2.1,1.78
epl,2025-2026,04/01/2026,Newcastle,Crystal Palace,2,0,12,11,7,1,8,6,5,12,1,3,0,0,H,0,0,D,J Brooks,1.7,3.9,4.75,1.68,3.9,4.8,1.8,2,1.88,1.98,1.67,4.1,4.75,1.7,3.9,4.75,1.73,2.1,1.85,2
epl,2025-2026,04/01/2026,Tottenham,Sunderland,1,1,13,10,5,3,3,5,10,6,2,3,0,0,D,1,0,H,S Attwell,1.8,3.6,4.5,1.82,3.7,4.2,2,1.8,1.8,2.05,1.95,3.5,3.9,1.95,3.4,3.9,2.1,1.73,1.98,1.88
epl,2025-2026,04/01/2026,Fulham,Liverpool,2,2,8,10,2,2,3,8,11,4,1,1,0,0,D,1,0,H,C Pawson,3.8,3.75,1.91,3.7,3.75,1.93,1.8,2,1.9,1.95,4,3.75,1.85,3.9,3.6,1.9,1.85,2,1.98,1.88
epl,2025-2026,04/01/2026,Man City,Chelsea,1,1,14,8,3,3,8,2,12,14,3,3,0,0,D,1,0,H,M Oliver,1.6,4.75,4.5,1.66,4.4,4.4,1.5,2.63,1.78,2.03,1.5,5,5.5,1.49,5,5.5,1.36,3.2,2,1.85
epl,2025-2026,06/01/2026,West Ham,Nott'm Forest,1,2,14,13,3,5,6,5,15,9,3,0,0,0,A,1,0,H,T Harrington,2.88,3.25,2.2,3,3.4,2.3,1.98,1.88,1.88,1.98,2.9,3.5,2.35,2.9,3.4,2.35,1.8,2,1.8,2.05
epl,2025-2026,07/01/2026,Bournemouth,Tottenham,3,2,11,16,3,4,3,7,19,10,3,3,0,0,H,2,1,H,D England,2.1,3.6,3.3,2.1,3.7,3.25,1.73,2.1,1.85,2,2.2,3.6,3.1,2.15,3.6,3.2,1.73,2.1,1.93,1.93
epl,2025-2026,07/01/2026,Brentford,Sunderland,3,0,18,11,6,3,7,4,13,13,2,1,0,0,H,1,0,H,M Donohue,1.85,3.5,4.33,1.82,3.6,4.33,2.05,1.8,1.85,2,2.05,3.3,3.75,2,3.2,4,2.38,1.57,2.05,1.8
epl,2025-2026,07/01/2026,Crystal Palace,Aston Villa,0,0,11,15,5,3,3,5,8,3,2,0,0,0,D,0,0,D,A Madley,3.1,3.3,2.3,3,3.4,2.35,1.93,1.93,1.85,2,2.9,3.4,2.4,3,3.4,2.3,1.85,2,1.78,2.1
epl,2025-2026,07/01/2026,Everton,Wolves,1,1,13,13,2,4,2,7,13,15,1,3,2,0,D,1,0,H,T Kirk,1.75,3.5,5,1.77,3.6,4.6,2.1,1.73,2.03,1.83,1.85,3.5,4.33,1.82,3.5,4.5,2.05,1.8,1.85,2
epl,2025-2026,07/01/2026,Fulham,Chelsea,2,1,16,14,5,6,2,11,11,6,3,3,0,1,H,0,0,D,P Bankes,3.4,3.6,2.05,3.3,3.6,2.1,1.8,2,1.8,2.05,3.7,3.5,2,3.5,3.5,2.05,1.93,1.93,1.83,2.03
epl,2025-2026,07/01/2026,Man City,Brighton,1,1,22,6,6,3,6,2,6,16,1,6,0,0,D,1,0,H,T Bramall,1.4,5.25,6.5,1.4,5.25,6.75,1.44,2.75,1.83,2.03,1.5,4.5,5.75,1.49,4.8,5.5,1.44,2.75,1.8,2.05
epl,2025-2026,07/01/2026,Burnley,Man United,2,2,7,30,1,10,2,6,9,8,2,0,0,0,D,1,0,H,S Attwell,4.75,4,1.7,4.5,4,1.71,1.73,2.1,1.98,1.88,4.75,3.9,1.7,4.6,3.7,1.75,1.8,2,1.93,1.93
epl,2025-2026,07/01/2026,Newcastle,Leeds,4,3,18,14,8,6,8,4,11,10,3,2,0,0,H,1,2,A,M Salisbury,1.67,3.8,5,1.68,3.9,4.8,1.83,2.03,1.88,1.98,1.6,3.9,6,1.63,4,5.25,1.8,2,1.75,2.05
epl,2025-2026,08/01/2026,Arsenal,Liverpool,0,0,9,8,4,0,3,0,10,9,2,2,0,0,D,0,0,D,A Taylor,1.6,4.1,5,1.6,4.33,5,1.73,2.1,2.05,1.8,1.57,4.1,5.75,1.58,4.2,5.25,1.83,2.03,2,1.85
epl,2025-2026,17/01/2026,Man United,Man City,2,0,11,7,7,1,1,6,13,8,2,3,0,0,H,0,0,D,A Taylor,3.7,3.8,1.91,3.5,3.8,1.95,1.53,2.5,1.93,1.93,2.9,3.6,2.3,2.95,3.7,2.2,1.53,2.5,1.83,2.03
epl,2025-2026,17/01/2026,Chelsea,Brentford,2,0,6,15,2,5,3,9,7,10,3,2,0,0,H,1,0,H,J Brooks,1.73,4,4.75,1.7,4,4.5,1.62,2.3,1.93,1.93,1.85,3.75,4.1,1.87,3.8,3.8,1.62,2.3,1.88,1.98
epl,2025-2026,17/01/2026,Leeds,Fulham,1,0,14,8,5,1,7,3,6,11,1,5,0,0,H,0,0,D,C Kavanagh,2.15,3.3,3.5,2.2,3.3,3.3,2.1,1.73,1.85,2,2.35,3.4,3,2.25,3.4,3.1,1.93,1.93,2.03,1.83
epl,2025-2026,17/01/2026,Liverpool,Burnley,1,1,32,7,11,1,9,1,8,10,1,2,0,0,D,1,0,H,A Madley,1.22,6.5,11,1.24,6.5,11,1.57,2.38,1.93,1.93,1.22,6.5,12,1.26,6.5,10,1.53,2.5,1.93,1.93
epl,2025-2026,17/01/2026,Sunderland,Crystal Palace,2,1,13,6,7,2,3,4,8,15,3,3,0,0,H,1,1,D,R Jones,2.75,3.1,2.75,2.6,3.2,2.75,2.2,1.67,1.93,1.93,2.4,3.2,3.1,2.35,3.1,3.2,2.2,1.67,2.05,1.8
epl,2025-2026,17/01/2026,Tottenham,West Ham,1,2,21,17,6,4,11,5,12,17,5,3,0,0,A,0,1,A,J Gillett,1.73,4,4.5,1.71,3.9,4.6,1.73,2.1,1.93,1.93,1.85,3.75,3.9,1.85,3.75,4,1.73,2.1,1.85,2
epl,2025-2026,17/01/2026,Nott'm Forest,Arsenal,0,0,6,15,0,3,4,9,8,14,1,1,0,0,D,0,0,D,M Oliver,6,4.33,1.53,6,4,1.57,1.91,1.91,1.93,1.93,5.5,3.9,1.62,5.5,3.9,1.62,2,1.8,1.73,2.08
epl,2025-2026,18/01/2026,Wolves,Newcastle,0,0,6,12,2,2,4,7,14,8,2,2,0,0,D,0,0,D,S Barrott,4.75,4,1.7,4.5,4.1,1.7,1.67,2.2,1.95,1.9,4.5,4,1.7,4.33,3.9,1.75,1.62,2.3,1.95,1.9
epl,2025-2026,18/01/2026,Aston Villa,Everton,0,1,18,9,5,3,6,4,15,13,1,2,0,0,A,0,0,D,T Harrington,1.67,3.9,5.25,1.66,4,5,1.93,1.93,1.85,2,1.62,3.9,5.75,1.6,4,5.5,1.8,2,1.73,2.08
epl,2025-2026,19/01/2026,Brighton,Bournemouth,1,1,17,11,5,2,11,6,7,6,2,3,0,0,D,0,1,A,P Tierney,1.85,3.9,3.8,1.87,3.9,3.7,1.5,2.63,1.88,1.98,1.95,3.75,3.7,1.93,3.9,3.5,1.5,2.63,1.95,1.9
epl,2025-2026,24/01/2026,West Ham,Sunderland,3,1,13,7,5,2,3,3,9,16,2,4,0,0,H,3,0,H,T Bramall,2.5,3.2,2.88,2.45,3.4,2.85,2.1,1.73,1.8,2.05,2.2,3.3,3.25,2.25,3.3,3.2,2.05,1.8,1.93,1.93
epl,2025-2026,24/01/2026,Burnley,Tottenham,2,2,9,18,4,11,1,3,8,9,1,0,0,0,D,1,1,D,P Bankes,3.7,3.5,2.05,3.5,3.4,2.05,2,1.8,1.8,2.05,3.9,3.4,2,3.6,3.3,2.05,2.1,1.73,1.83,2.03
epl,2025-2026,24/01/2026,Fulham,Brighton,2,1,12,13,4,5,6,6,10,6,1,1,0,0,H,0,1,A,M Oliver,2.6,3.4,2.7,2.45,3.5,2.75,1.73,2.1,1.88,1.98,2.55,3.3,2.75,2.5,3.4,2.75,1.88,1.98,1.88,1.98
epl,2025-2026,24/01/2026,Man City,Wolves,2,0,11,11,4,1,4,6,16,14,1,3,0,0,H,2,0,H,F Hallam,1.2,7,11,1.24,6.75,10,1.4,3,1.83,2.03,1.3,5.75,9,1.32,5.75,8.25,1.53,2.5,1.88,1.98
epl,2025-2026,24/01/2026,Bournemouth,Liverpool,3,2,12,14,5,4,3,11,7,7,1,1,0,0,H,2,1,H,M Salisbury,3.75,3.8,1.9,3.7,3.9,1.88,1.62,2.3,1.95,1.9,4.2,4,1.75,3.9,3.9,1.83,1.57,2.38,1.88,1.98
epl,2025-2026,25/01/2026,Brentford,Nott'm Forest,0,2,10,7,1,2,6,5,11,10,1,0,0,0,A,0,1,A,S Barrott,1.91,3.5,4.1,1.9,3.5,4,1.98,1.88,1.9,1.95,1.85,3.6,4.33,1.85,3.6,4.1,2,1.85,1.85,2
epl,2025-2026,25/01/2026,Crystal Palace,Chelsea,1,3,13,10,7,6,4,5,11,10,2,2,1,0,A,0,1,A,D England,3.5,3.8,2,3.5,3.7,2,1.73,2.1,1.85,2,3.4,3.5,2.1,3.3,3.5,2.1,1.8,2,1.73,2.08
epl,2025-2026,25/01/2026,Newcastle,Aston Villa,0,2,15,14,4,8,6,5,7,12,1,2,0,0,A,0,1,A,J Gillett,1.95,3.7,3.7,1.93,3.8,3.6,1.67,2.2,1.98,1.88,2.15,3.6,3.3,2.1,3.6,3.3,1.67,2.2,1.85,2
epl,2025-2026,25/01/2026,Arsenal,Man United,2,3,15,10,4,3,9,2,11,9,2,0,0,0,A,1,1,D,C Pawson,1.55,4.2,6,1.57,4.1,5.75,1.73,2.1,1.93,1.93,1.53,4.5,5.75,1.53,4.5,5.5,1.67,2.2,1.88,1.98
epl,2025-2026,26/01/2026,Everton,Leeds,1,1,10,14,3,4,4,4,9,13,0,3,0,0,D,0,1,A,S Hooper,2.5,3.25,2.9,2.4,3.2,3,2.2,1.67,2.1,1.7,2.5,3.2,2.9,2.45,3.1,3,2.2,1.67,2.1,1.7
epl,2025-2026,31/01/2026,Brighton,Everton,1,1,11,7,2,4,5,2,13,14,1,2,0,0,D,0,0,D,C Kavanagh,1.85,3.6,4.1,1.85,3.7,4,1.9,1.95,1.88,1.98,1.91,3.5,4,1.9,3.5,4,2,1.8,1.93,1.93
epl,2025-2026,31/01/2026,Leeds,Arsenal,0,4,3,14,1,8,4,12,10,7,1,1,0,0,A,0,2,A,S Attwell,5.75,4.2,1.55,5.75,4,1.57,1.98,1.88,1.88,1.98,5.5,4.2,1.57,5.5,4,1.61,1.91,1.91,1.78,2.1
epl,2025-2026,31/01/2026,Wolves,Bournemouth,0,2,17,9,7,4,5,6,11,15,3,3,0,0,A,0,1,A,M Oliver,2.9,3.5,2.3,2.87,3.6,2.35,1.73,2.1,1.8,2.05,2.8,3.5,2.45,2.9,3.5,2.35,1.8,2,1.7,2.1
epl,2025-2026,31/01/2026,Chelsea,West Ham,3,2,14,11,6,6,9,3,11,13,3,2,0,1,H,0,2,A,A Taylor,1.5,4.5,6,1.51,4.75,5.5,1.53,2.5,2.05,1.8,1.62,4.33,5,1.6,4.5,4.8,1.53,2.5,2.03,1.83
epl,2025-2026,31/01/2026,Liverpool,Newcastle,4,1,17,8,7,2,7,11,11,7,1,3,0,0,H,2,1,H,S Hooper,1.8,3.9,4.1,1.8,4,4,1.62,2.3,2.03,1.83,1.62,4.33,4.75,1.63,4.33,4.75,1.44,2.75,2.05,1.8
epl,2025-2026,01/02/2026,Aston Villa,Brentford,0,1,27,6,5,2,12,1,8,8,0,3,0,0,A,0,1,A,T Robinson,2.1,3.5,3.4,2.05,3.5,3.5,1.8,2,1.83,2.03,2.38,3.4,3,2.25,3.4,3.1,1.88,1.98,2.05,1.8
epl,2025-2026,01/02/2026,Man United,Fulham,3,2,13,14,6,6,3,7,6,9,2,1,0,0,H,1,0,H,J Brooks,1.57,4.5,5,1.61,4.2,5,1.67,2.2,1.98,1.88,1.53,4.75,5.25,1.53,4.75,5.25,1.5,2.63,1.85,2
epl,2025-2026,01/02/2026,Nott'm Forest,Crystal Palace,1,1,9,14,1,3,5,7,4,12,1,3,0,0,D,1,1,D,M Salisbury,1.95,3.5,3.9,1.98,3.5,3.7,2,1.8,1.98,1.88,2.1,3.3,3.6,2.05,3.3,3.7,2.2,1.67,1.83,2.03
epl,2025-2026,01/02/2026,Tottenham,Man City,2,2,12,15,6,3,3,4,15,12,3,3,0,0,D,0,2,A,R Jones,4.5,4.1,1.73,4.2,4.1,1.73,1.62,2.3,1.93,1.93,4.75,4.1,1.67,4.6,4,1.68,1.62,2.3,2.03,1.83
epl,2025-2026,02/02/2026,Sunderland,Burnley,3,0,14,5,5,0,1,2,12,10,1,4,0,0,H,2,0,H,P Tierney,1.8,3.5,4.75,1.78,3.6,4.6,2.2,1.67,2.03,1.78,1.91,3.3,4.33,1.93,3.25,4.4,2.5,1.53,1.95,1.9
epl,2025-2026,06/02/2026,Leeds,Nott'm Forest,3,1,14,16,5,6,5,10,9,12,1,1,0,0,H,2,0,H,P Bankes,2.2,3.3,3.4,2.2,3.25,3.4,2.1,1.73,1.88,1.98,2.1,3.4,3.5,2.1,3.4,3.4,1.91,1.91,1.85,2
epl,2025-2026,07/02/2026,Man United,Tottenham,2,0,23,7,10,1,7,0,12,11,1,2,0,1,H,1,0,H,M Oliver,1.57,4.5,5,1.58,4.6,4.75,1.44,2.75,1.93,1.93,1.6,4.5,4.75,1.58,4.6,4.8,1.5,2.63,2.03,1.83
epl,2025-2026,07/02/2026,Arsenal,Sunderland,3,0,16,5,5,3,5,2,11,8,1,2,0,0,H,1,0,H,S Barrott,1.22,6.25,12,1.23,6.5,11.5,1.73,2.1,1.93,1.93,1.25,6,11,1.27,5.75,10.5,1.8,2,1.85,2
epl,2025-2026,07/02/2026,Bournemouth,Aston Villa,1,1,20,7,9,4,11,4,4,11,1,1,0,0,D,0,1,A,A Taylor,2.7,3.5,2.5,2.65,3.6,2.5,1.67,2.2,2,1.85,2.8,3.6,2.4,2.75,3.6,2.4,1.62,2.3,1.83,2.03
epl,2025-2026,07/02/2026,Burnley,West Ham,0,2,18,6,5,4,5,2,11,10,3,1,0,0,A,0,2,A,D England,3.3,3.5,2.15,3.25,3.4,2.15,1.9,1.95,1.95,1.9,3.2,3.7,2.15,3.1,3.6,2.2,1.73,2.1,1.98,1.88
epl,2025-2026,07/02/2026,Fulham,Everton,1,2,13,16,3,3,6,6,11,12,1,5,0,0,A,1,0,H,S Attwell,2.1,3.25,3.75,2.1,3.3,3.6,2.2,1.67,1.8,2.05,2.1,3.4,3.5,2.15,3.4,3.3,1.91,1.91,1.83,2.03
epl,2025-2026,07/02/2026,Wolves,Chelsea,1,3,11,15,3,6,3,4,9,10,1,1,0,0,A,0,3,A,J Gillett,5,4,1.67,5,4,1.66,1.73,2.1,2.03,1.83,5,4.2,1.6,5.25,4.1,1.61,1.62,2.3,1.83,2.03
epl,2025-2026,07/02/2026,Newcastle,Brentford,2,3,16,11,4,5,9,3,14,18,2,2,0,0,A,1,2,A,A Madley,2.1,3.5,3.5,2.05,3.6,3.4,1.73,2.1,1.8,2.05,1.91,3.75,3.75,1.9,3.7,3.75,1.67,2.2,1.93,1.93
epl,2025-2026,08/02/2026,Brighton,Crystal Palace,0,1,7,7,2,4,3,4,12,9,1,3,0,0,A,0,0,D,T Bramall,1.95,3.5,3.9,2,3.5,3.6,1.8,2,1.98,1.88,2.2,3.3,3.4,2.15,3.4,3.4,1.91,1.91,1.9,1.95
epl,2025-2026,08/02/2026,Liverpool,Man City,1,2,15,17,4,7,5,4,13,16,2,4,1,0,A,0,0,D,C Pawson,2.38,3.7,2.75,2.35,3.7,2.75,1.57,2.38,2.05,1.8,2.1,3.9,3,2.1,3.8,3,1.44,2.75,1.88,1.98
epl,2025-2026,10/02/2026,Chelsea,Leeds,2,2,19,4,4,2,4,1,9,13,4,4,0,0,D,1,0,H,R Jones,1.55,4.33,5.5,1.57,4.33,5.25,1.62,2.3,1.9,1.95,1.53,4.33,5.75,1.52,4.6,5.5,1.67,2.2,1.85,2
epl,2025-2026,10/02/2026,Everton,Bournemouth,1,2,16,11,6,4,7,2,14,15,1,3,1,0,A,1,0,H,A Madley,2.38,3.4,3,2.37,3.4,2.9,1.88,1.98,1.7,2.1,2.3,3.5,3,2.3,3.4,3,1.73,2.1,2.03,1.83
epl,2025-2026,10/02/2026,Tottenham,Newcastle,1,2,16,21,2,5,2,12,15,11,3,2,0,0,A,0,1,A,A Taylor,3.2,3.6,2.2,3.1,3.5,2.25,1.73,2.1,1.93,1.93,3,3.7,2.25,3,3.6,2.25,1.57,2.38,1.88,1.98
epl,2025-2026,10/02/2026,West Ham,Man United,1,1,7,9,3,3,5,3,10,4,1,1,0,0,D,0,0,D,S Hooper,4.5,4.2,1.7,4.2,4.2,1.72,1.5,2.63,1.98,1.88,4.33,4.33,1.7,4.33,4.2,1.7,1.5,2.63,2,1.85
epl,2025-2026,11/02/2026,Aston Villa,Brighton,1,0,15,9,1,3,7,5,9,15,2,3,0,0,H,0,0,D,P Bankes,1.91,3.7,3.8,1.9,3.75,3.75,1.8,2,1.93,1.93,2.1,3.75,3.25,2.05,3.7,3.3,1.62,2.3,1.83,2.03
epl,2025-2026,11/02/2026,Crystal Palace,Burnley,2,3,21,8,3,3,8,2,11,8,2,1,0,0,A,2,3,A,F Hallam,1.57,4,6.25,1.57,4.1,5.75,1.98,1.88,1.98,1.88,1.45,4.5,7,1.47,4.5,6.5,1.73,2.1,2.03,1.83
epl,2025-2026,11/02/2026,Man City,Fulham,3,0,13,14,5,3,4,4,8,10,3,1,0,0,H,3,0,H,P Tierney,1.36,5.5,7,1.35,5.5,7,1.53,2.5,2,1.85,1.36,5.5,7.5,1.37,5.5,6.5,1.44,2.75,2.03,1.78
epl,2025-2026,11/02/2026,Nott'm Forest,Wolves,0,0,35,7,10,3,8,2,12,13,0,2,0,0,D,0,0,D,T Robinson,1.7,3.8,5,1.71,3.8,4.8,2,1.85,1.93,1.93,1.75,3.9,4.33,1.73,3.9,4.5,1.8,2,2,1.85
epl,2025-2026,11/02/2026,Sunderland,Liverpool,0,1,11,23,2,3,3,11,8,10,1,0,0,0,A,0,0,D,C Kavanagh,4.75,3.8,1.73,4.4,3.8,1.77,1.8,2,1.93,1.93,4.33,3.8,1.75,4.33,3.75,1.8,1.8,2,1.88,1.98
epl,2025-2026,12/02/2026,Brentford,Arsenal,1,1,12,7,3,2,6,4,12,11,3,2,0,0,D,0,0,D,J Brooks,4.75,3.9,1.7,4.8,3.8,1.7,1.88,1.98,1.93,1.93,5,3.75,1.67,4.8,3.7,1.71,1.9,1.95,1.98,1.88
epl,2025-2026,18/02/2026,Wolves,Arsenal,2,2,5,10,2,4,1,3,6,8,2,1,0,0,D,0,1,A,P Tierney,11,5.25,1.29,10,5.5,1.3,1.73,2.1,2,1.85,12,6.5,1.22,10.5,5.75,1.27,1.73,2.1,1.83,2.03
epl,2025-2026,21/02/2026,Aston Villa,Leeds,1,1,16,14,4,4,7,2,11,16,1,4,0,0,D,0,1,A,M Oliver,1.85,3.6,4.33,1.87,3.6,4,1.83,2.03,1.85,2,1.83,3.6,4.33,1.83,3.7,4.1,1.8,2,1.85,2
epl,2025-2026,21/02/2026,Brentford,Brighton,0,2,13,11,3,7,6,4,9,14,1,2,0,0,A,0,2,A,J Gillett,2,3.7,3.5,2,3.5,3.6,1.8,2,2.03,1.83,2.3,3.4,3.1,2.25,3.4,3.1,1.73,2.1,2.03,1.83
epl,2025-2026,21/02/2026,Chelsea,Burnley,1,1,12,12,2,4,9,5,13,11,2,2,1,0,D,1,0,H,L Smith,1.22,6.5,12,1.23,7,11,1.44,2.75,2.03,1.83,1.25,6.25,11,1.26,6.5,9.75,1.5,2.63,1.9,1.95
epl,2025-2026,21/02/2026,West Ham,Bournemouth,0,0,20,10,3,5,9,5,10,11,1,1,0,0,D,0,0,D,S Barrott,2.5,3.7,2.63,2.4,3.7,2.7,1.57,2.38,1.85,2,2.75,3.6,2.45,2.7,3.6,2.45,1.57,2.38,2.05,1.8
epl,2025-2026,21/02/2026,Man City,Newcastle,2,1,15,13,7,7,5,5,12,13,2,5,0,0,H,2,1,H,T Bramall,1.45,5,5.5,1.47,5,5.5,1.44,2.75,2,1.85,1.57,4.75,5,1.55,4.8,5,1.44,2.75,1.93,1.93
epl,2025-2026,22/02/2026,Crystal Palace,Wolves,1,0,14,12,3,7,7,3,19,13,5,1,0,1,H,0,0,D,T Kirk,1.65,4,5,1.61,4,5.25,1.91,1.91,1.83,2.03,1.75,3.8,4.33,1.78,3.75,4.33,1.91,1.91,1.75,2.05
epl,2025-2026,22/02/2026,Nott'm Forest,Liverpool,0,1,18,10,2,4,7,2,13,9,2,0,0,0,A,0,0,D,A Taylor,4.1,3.9,1.8,4,3.8,1.83,1.73,2.1,1.83,2.03,3.6,3.9,1.91,3.75,3.75,1.9,1.67,2.2,1.93,1.93
epl,2025-2026,22/02/2026,Sunderland,Fulham,1,3,12,12,2,4,6,4,6,13,1,1,0,0,A,0,0,D,C Pawson,2.7,3.25,2.7,2.6,3.3,2.7,2.2,1.67,1.93,1.93,2.88,3.25,2.5,2.85,3.2,2.55,2,1.8,2.1,1.7
epl,2025-2026,22/02/2026,Tottenham,Arsenal,1,4,6,20,5,7,2,5,17,11,2,1,0,0,A,1,1,D,P Bankes,6,4,1.57,5.5,4,1.58,1.8,2,1.88,1.98,7.5,4.5,1.4,7.25,4.4,1.46,1.85,2,1.88,1.98
epl,2025-2026,23/02/2026,Everton,Man United,0,1,12,11,4,3,10,1,12,7,2,3,0,0,A,0,0,D,D England,3.7,3.75,1.91,3.5,3.75,1.98,1.73,2.1,1.9,1.95,3.3,3.4,1.91,3.4,3.6,2.05,1.73,2.1,1.83,2.03
epl,2025-2026,27/02/2026,Wolves,Aston Villa,2,0,9,14,2,5,0,5,13,19,3,3,0,0,H,0,0,D,C Pawson,4.1,3.7,1.85,4.2,3.7,1.83,1.85,2,2.03,1.83,4.75,3.7,1.75,4.6,3.7,1.77,1.91,1.91,1.85,2
epl,2025-2026,28/02/2026,Bournemouth,Sunderland,1,1,21,8,5,4,7,3,15,12,4,2,0,0,D,0,1,A,J Gillett,1.8,3.75,4.33,1.75,3.9,4.33,1.8,2,2,1.85,1.83,3.6,4.33,1.8,3.75,4.2,1.9,1.95,1.83,2.03
epl,2025-2026,28/02/2026,Burnley,Brentford,3,4,12,16,3,7,4,8,9,9,2,2,0,0,A,1,3,A,S Barrott,4.5,3.9,1.73,4.33,3.8,1.75,1.85,2,1.88,1.98,4.33,3.9,1.75,4.2,3.8,1.77,1.8,2,1.85,2
epl,2025-2026,28/02/2026,Liverpool,West Ham,5,2,18,11,7,4,10,5,12,11,2,2,0,0,H,3,0,H,T Robinson,1.42,4.75,6.5,1.42,5.5,6,1.44,2.75,1.88,1.98,1.4,5,7,1.42,5.25,6.25,1.44,2.75,1.83,2.03
epl,2025-2026,28/02/2026,Newcastle,Everton,2,3,17,9,7,5,7,2,15,7,2,3,0,0,A,1,2,A,S Attwell,1.7,4,4.75,1.68,4,4.6,1.73,2.1,1.88,1.98,1.75,3.8,4.33,1.8,3.75,4.2,1.8,2,1.75,2.05
epl,2025-2026,28/02/2026,Leeds,Man City,0,1,14,14,2,5,5,3,10,8,0,3,0,0,A,0,1,A,P Bankes,4.75,4.33,1.62,4.75,4.2,1.63,1.62,2.3,1.8,2.05,4.75,3.9,1.7,4.6,3.8,1.73,1.83,2.03,1.95,1.9
epl,2025-2026,01/03/2026,Brighton,Nott'm Forest,2,1,14,13,7,4,4,4,12,13,3,1,0,0,H,2,1,H,A Madley,2,3.6,3.5,2.05,3.6,3.4,1.83,2.03,2.03,1.83,2.1,3.5,3.5,2.1,3.4,3.4,1.95,1.9,1.8,2.05
epl,2025-2026,01/03/2026,Fulham,Tottenham,2,1,18,13,4,1,5,8,11,14,3,3,0,0,H,2,0,H,T Bramall,2.1,3.6,3.3,2.1,3.6,3.3,1.73,2.1,1.83,2.03,2.05,3.6,3.5,2,3.7,3.5,1.67,2.2,2.05,1.8
epl,2025-2026,01/03/2026,Man United,Crystal Palace,2,1,20,8,11,3,7,1,13,12,2,2,0,1,H,0,1,A,C Kavanagh,1.53,4.5,5.5,1.57,4.4,5.25,1.67,2.2,1.9,1.95,1.53,4.33,5.75,1.53,4.4,5.5,1.73,2.1,1.88,1.98
epl,2025-2026,01/03/2026,Arsenal,Chelsea,2,1,12,9,5,3,5,10,11,14,1,3,0,1,H,1,1,D,D England,1.6,3.8,5.5,1.63,4,5.25,1.73,2.1,1.75,2.05,1.53,4.2,6,1.51,4.5,5.75,1.67,2.2,1.85,2
epl,2025-2026,03/03/2026,Bournemouth,Brentford,0,0,13,5,2,2,4,3,9,10,2,1,0,0,D,0,0,D,C Pawson,2.5,3.6,2.63,2.5,3.6,2.65,1.62,2.3,1.85,2,2.5,3.6,2.7,2.5,3.5,2.7,1.62,2.3,1.85,2
epl,2025-2026,03/03/2026,Everton,Burnley,2,0,14,5,5,2,6,3,10,12,0,1,0,0,H,1,0,H,T Robinson,1.57,4,6,1.57,4.1,5.75,1.98,1.88,2,1.85,1.62,3.8,5.75,1.62,3.9,5.5,2.1,1.73,1.8,2.05
epl,2025-2026,03/03/2026,Leeds,Sunderland,0,1,18,3,4,1,9,2,15,19,1,3,0,0,A,0,0,D,S Attwell,1.85,3.4,4.33,1.88,3.5,4.2,2.1,1.73,1.9,1.95,1.8,3.5,4.5,1.83,3.6,4.33,2.1,1.73,1.8,2.05
epl,2025-2026,03/03/2026,Wolves,Liverpool,2,1,4,19,3,7,2,11,10,13,2,1,0,0,H,0,0,D,T Bramall,5.5,4.5,1.5,5.5,4.6,1.52,1.62,2.3,1.75,2.05,6.5,4.75,1.42,6.5,4.75,1.46,1.57,2.38,1.93,1.93
epl,2025-2026,04/03/2026,Aston Villa,Chelsea,1,4,9,15,4,8,3,8,10,9,3,2,0,0,A,1,2,A,J Gillett,2.7,3.4,2.55,2.6,3.6,2.5,1.73,2.1,2,1.85,2.63,3.4,2.55,2.65,3.4,2.6,1.73,2.1,1.95,1.9
epl,2025-2026,04/03/2026,Brighton,Arsenal,0,1,11,7,3,2,4,3,14,12,4,1,0,0,A,0,1,A,C Kavanagh,4.75,4.1,1.65,5,3.9,1.66,1.91,1.91,2,1.85,5,3.8,1.67,4.8,3.75,1.7,1.91,1.91,1.98,1.88
epl,2025-2026,04/03/2026,Fulham,West Ham,0,1,13,9,5,3,7,5,14,12,2,4,0,0,A,0,0,D,M Donohue,2,3.5,3.7,2.05,3.5,3.5,1.73,2.1,2.03,1.83,2.2,3.5,3.1,2.2,3.5,3.1,1.67,2.2,1.93,1.93
epl,2025-2026,04/03/2026,Man City,Nott'm Forest,2,2,21,9,7,4,6,1,10,6,0,4,0,0,D,1,0,H,D England,1.38,5,7.5,1.41,5.25,6.5,1.57,2.38,1.85,2,1.38,5,8,1.4,5,6.5,1.62,2.3,1.95,1.9
epl,2025-2026,04/03/2026,Newcastle,Man United,2,1,12,14,5,5,2,4,15,16,2,3,1,0,H,1,1,D,P Bankes,2.63,3.5,2.6,2.45,3.75,2.55,1.57,2.38,1.98,1.88,2.6,3.6,2.6,2.4,3.4,2.4,1.57,2.38,1.93,1.93
epl,2025-2026,05/03/2026,Tottenham,Crystal Palace,1,3,12,9,4,4,6,3,14,14,3,2,0,0,A,1,3,A,A Madley,2.35,3.25,3.1,2.3,3.4,3,1.8,2,2.03,1.83,2.45,3.3,2.88,2.4,3.4,2.85,1.93,1.93,1.78,2.1
epl,2025-2026,14/03/2026,Burnley,Bournemouth,0,0,15,22,2,3,5,8,11,5,1,0,0,0,D,0,0,D,P Bankes,4.1,3.8,1.83,4,3.7,1.87,1.73,2.1,2.03,1.83,3.9,4,1.83,3.8,3.8,1.87,1.57,2.38,2.03,1.83
epl,2025-2026,14/03/2026,Sunderland,Brighton,0,1,14,12,4,4,7,3,7,12,1,2,0,0,A,0,0,D,T Kirk,3.3,3.3,2.25,3.2,3.3,2.25,2.1,1.73,1.93,1.93,3.6,3.6,2,3.6,3.4,2.05,2,1.8,1.83,2.03
epl,2025-2026,14/03/2026,Arsenal,Everton,2,0,25,9,7,3,8,3,11,12,0,0,0,0,H,0,0,D,A Madley,1.38,4.75,8.5,1.39,4.8,7.75,1.98,1.88,1.9,1.95,1.36,4.5,9,1.4,4.8,7.5,1.88,1.98,1.9,1.95
epl,2025-2026,14/03/2026,Chelsea,Newcastle,0,1,22,7,3,5,8,1,9,10,2,2,0,0,A,0,1,A,P Tierney,1.8,4.2,3.8,1.78,4.2,3.9,1.5,2.63,2.03,1.83,1.67,4.33,4.33,1.7,4.33,4.33,1.5,2.63,1.88,1.98
epl,2025-2026,14/03/2026,West Ham,Man City,1,1,1,24,1,6,1,15,14,5,2,2,0,0,D,1,1,D,M Oliver,4.33,4.33,1.7,4.2,4.2,1.72,1.53,2.5,1.95,1.9,4.75,4.33,1.65,4.6,4.1,1.68,1.57,2.38,2.05,1.8
epl,2025-2026,15/03/2026,Crystal Palace,Leeds,0,0,12,10,0,3,8,3,12,11,2,1,0,1,D,0,0,D,T Bramall,2.55,3.3,2.88,2.45,3.2,2.95,2.1,1.73,1.8,2.05,2.7,3.25,2.75,2.7,3.2,2.65,2.1,1.73,1.93,1.93
epl,2025-2026,15/03/2026,Man United,Aston Villa,3,1,16,9,6,2,6,6,10,5,3,2,0,0,H,0,0,D,A Taylor,1.73,4,4.5,1.73,4,4.33,1.67,2.2,1.9,1.95,1.7,4.1,4.5,1.7,4.1,4.4,1.62,2.3,1.9,1.95
epl,2025-2026,15/03/2026,Nott'm Forest,Fulham,0,0,11,5,2,0,5,4,8,10,2,3,0,0,D,0,0,D,S Barrott,2.2,3.4,3.3,2.15,3.5,3.3,1.93,1.93,1.93,1.93,2.3,3.3,3.2,2.25,3.3,3.1,2.05,1.8,2,1.85
epl,2025-2026,15/03/2026,Liverpool,Tottenham,1,1,17,13,4,7,3,4,8,13,0,0,0,0,D,1,0,H,C Kavanagh,1.3,6.25,8,1.32,5.75,8.25,1.44,2.75,1.78,2.03,1.3,6,8.5,1.32,6.25,7.25,1.33,3.4,1.8,2
epl,2025-2026,16/03/2026,Brentford,Wolves,2,2,10,13,3,4,1,5,12,10,2,4,0,0,D,2,1,H,S Attwell,1.55,4.2,5.75,1.58,4.33,5.25,1.73,2.1,1.93,1.93,1.53,4.33,5.75,1.55,4.33,5.5,1.67,2.2,1.88,1.98
epl,2025-2026,20/03/2026,Bournemouth,Man United,2,2,16,14,5,5,6,8,10,9,2,2,0,1,D,0,0,D,S Attwell,3.2,3.8,2.1,3.2,3.8,2.05,1.57,2.38,2,1.85,3.1,3.75,2.15,3,3.75,2.2,1.53,2.5,1.93,1.93
epl,2025-2026,21/03/2026,Brighton,Liverpool,2,1,16,12,7,5,4,8,11,11,5,5,0,0,H,1,1,D,D England,3.1,3.5,2.2,3,3.5,2.25,1.73,2.1,1.88,1.98,3.1,3.6,2.2,3,3.6,2.2,1.57,2.38,1.93,1.93
epl,2025-2026,21/03/2026,Fulham,Burnley,3,1,22,9,6,5,6,6,6,9,2,2,0,1,H,0,0,D,C Kavanagh,1.53,4.1,6.25,1.55,4.1,6,1.8,2,1.88,1.98,1.55,4.33,5.75,1.53,4.33,5.75,1.67,2.2,1.9,1.95
epl,2025-2026,21/03/2026,Everton,Chelsea,3,0,10,12,9,4,3,9,6,7,0,2,0,0,H,1,0,H,S Barrott,3.5,3.4,2.1,3.4,3.5,2.1,1.83,2.03,2.03,1.83,3.2,3.4,2.25,3.1,3.4,2.25,1.8,2,1.88,1.98
epl,2025-2026,21/03/2026,Leeds,Brentford,0,0,14,6,4,2,6,2,6,9,2,0,0,0,D,0,0,D,J Gillett,2.45,3.5,2.88,2.4,3.5,2.8,1.88,1.98,1.78,2.1,2.38,3.5,3,2.3,3.4,2.95,1.91,1.91,2.05,1.8
epl,2025-2026,22/03/2026,Newcastle,Sunderland,1,2,16,17,4,7,9,5,8,19,1,6,0,0,A,1,0,H,A Taylor,1.67,4,5,1.66,4,4.8,1.88,1.98,1.85,2,1.55,4.2,5.75,1.55,4.2,5.5,1.67,2.2,1.93,1.93
epl,2025-2026,22/03/2026,Aston Villa,West Ham,2,0,23,9,7,1,6,6,3,7,0,1,0,0,H,1,0,H,P Tierney,1.95,3.6,3.8,1.95,3.6,3.75,1.8,2,1.98,1.88,1.75,3.8,4.5,1.73,3.8,4.5,1.73,2.1,2,1.85
epl,2025-2026,22/03/2026,Tottenham,Nott'm Forest,0,3,14,8,3,7,13,3,13,13,1,2,0,0,A,0,1,A,M Oliver,2.25,3.4,3.2,2.2,3.5,3.2,1.93,1.93,1.95,1.9,2.35,3.4,3,2.4,3.25,2.95,2.1,1.73,2.03,1.83
epl,2025-2026,10/04/2026,West Ham,Wolves,4,0,18,14,7,3,5,2,11,7,2,2,0,0,H,1,0,H,J Gillett,1.8,3.8,4.33,1.8,3.75,4.2,1.8,2,1.75,2.05,1.75,3.8,4.5,1.77,3.8,4.4,1.83,2.03,1.75,2.05
epl,2025-2026,11/04/2026,Arsenal,Bournemouth,1,2,15,8,3,3,10,1,12,18,1,3,0,0,A,1,1,D,M Oliver,1.44,4.5,7.5,1.46,4.8,6,1.62,2.3,1.98,1.88,1.44,4.33,7,1.49,4.75,6,1.57,2.38,1.8,2.05
epl,2025-2026,11/04/2026,Brentford,Everton,2,2,17,14,4,7,2,3,6,7,0,2,0,0,D,1,1,D,F Hallam,2.15,3.3,3.5,2.1,3.5,3.3,2,1.8,1.83,2.03,2.1,3.4,3.5,2.15,3.4,3.3,1.91,1.91,1.83,2.03
epl,2025-2026,11/04/2026,Burnley,Brighton,0,2,10,13,5,6,8,2,7,11,2,1,0,0,A,0,1,A,T Bramall,4.5,4,1.73,4.2,3.9,1.78,1.73,2.1,1.9,1.95,5.25,4.2,1.57,5.5,4,1.61,1.67,2.2,1.88,1.98
epl,2025-2026,11/04/2026,Liverpool,Fulham,2,0,18,19,5,4,6,9,10,4,0,0,0,0,H,2,0,H,A Taylor,1.65,4.2,4.75,1.63,4.2,4.75,1.57,2.38,1.8,2.05,1.75,4.1,4.2,1.73,4.2,4.1,1.5,2.63,1.98,1.88
epl,2025-2026,12/04/2026,Crystal Palace,Newcastle,2,1,11,7,5,3,2,4,17,12,0,3,0,0,H,0,1,A,A Madley,3,3.6,2.2,2.95,3.5,2.3,1.73,2.1,1.93,1.93,3,3.3,2.4,2.8,3.4,2.45,1.91,1.91,2.1,1.78
epl,2025-2026,12/04/2026,Nott'm Forest,Aston Villa,1,1,15,12,4,5,7,3,15,10,2,2,0,0,D,1,1,D,M Salisbury,2.63,3.3,2.7,2.6,3.4,2.65,2,1.85,1.93,1.93,2.3,3.4,3,2.3,3.4,3,1.8,2,2,1.85
epl,2025-2026,12/04/2026,Sunderland,Tottenham,1,0,13,11,2,7,2,6,14,15,3,3,0,0,H,0,0,D,R Jones,2.7,3.2,2.7,2.6,3.4,2.6,2,1.85,1.93,1.93,2.9,3.2,2.55,2.75,3.3,2.55,1.8,2,2.05,1.8
epl,2025-2026,12/04/2026,Chelsea,Man City,0,3,12,18,3,8,4,12,10,14,3,1,0,0,A,0,0,D,C Kavanagh,3.1,3.8,2.15,3,3.9,2.15,1.57,2.38,1.98,1.88,3.6,3.9,1.91,3.5,3.8,1.95,1.53,2.5,1.93,1.93
epl,2025-2026,13/04/2026,Man United,Leeds,1,2,20,15,9,6,11,4,12,15,3,2,1,0,A,0,2,A,P Tierney,1.62,4.1,5,1.62,4.2,5,1.73,2.1,2.05,1.8,1.62,4.1,5.25,1.66,4.1,4.75,1.67,2.2,1.75,2.05
epl,2025-2026,18/04/2026,Brentford,Fulham,0,0,13,11,4,0,9,3,8,13,0,1,0,0,D,0,0,D,P Tierney,2.1,3.75,3.25,2.1,3.6,3.3,1.73,2.1,1.83,2.03,1.95,3.8,3.6,1.95,3.8,3.5,1.62,2.3,1.98,1.88
epl,2025-2026,18/04/2026,Leeds,Wolves,3,0,17,7,6,2,5,6,9,17,2,1,0,0,H,2,0,H,F Hallam,1.62,3.9,5.75,1.62,3.9,5.5,1.9,1.95,2.1,1.78,1.5,4.2,6.5,1.53,4.2,6,1.8,2,1.83,2.03
epl,2025-2026,18/04/2026,Newcastle,Bournemouth,1,2,12,12,3,3,2,3,11,12,2,4,0,0,A,0,1,A,T Bramall,2,3.75,3.5,1.95,3.9,3.5,1.5,2.63,2.03,1.83,2.2,3.7,3,2.2,3.8,2.9,1.53,2.5,2,1.85
epl,2025-2026,18/04/2026,Tottenham,Brighton,2,2,13,10,6,3,7,5,14,14,3,1,0,0,D,1,1,D,S Attwell,2.7,3.75,2.4,2.7,3.7,2.4,1.67,2.2,2.05,1.8,3,3.9,2.15,3,3.7,2.2,1.62,2.3,1.93,1.93
epl,2025-2026,18/04/2026,Chelsea,Man United,0,1,21,4,3,1,7,1,12,13,1,3,0,0,A,0,1,A,M Oliver,2.2,3.5,3.2,2.2,3.7,3,1.57,2.38,1.93,1.93,2.05,3.8,3.2,2.1,3.8,3.2,1.5,2.63,1.83,2.03
epl,2025-2026,19/04/2026,Aston Villa,Sunderland,4,3,15,10,7,7,4,5,11,11,1,3,0,0,H,2,1,H,S Barrott,1.67,3.75,5.5,1.66,3.9,5,1.98,1.88,1.88,1.98,1.75,3.6,5,1.75,3.7,4.6,1.98,1.88,1.98,1.88
epl,2025-2026,19/04/2026,Everton,Liverpool,1,2,10,14,4,6,1,6,8,12,2,0,0,0,A,0,1,A,C Kavanagh,3.1,3.4,2.3,3.1,3.4,2.25,1.9,1.95,1.88,1.98,3.2,3.4,2.25,3.2,3.25,2.3,1.83,2.03,1.93,1.93
epl,2025-2026,19/04/2026,Nott'm Forest,Burnley,4,1,10,4,4,3,4,4,8,12,0,2,0,0,H,0,1,A,T Kirk,1.5,4.2,7,1.5,4.33,6.25,1.73,2.1,1.83,2.03,1.45,4.5,7,1.47,4.6,6.25,1.73,2.1,2.03,1.83
epl,2025-2026,19/04/2026,Man City,Arsenal,2,1,15,9,5,3,8,5,5,12,2,2,0,0,H,1,1,D,A Taylor,1.83,3.7,4.2,1.8,3.7,4.33,2,1.8,1.83,2.03,1.85,3.7,4.1,1.8,3.7,4.33,1.93,1.93,1.85,2
epl,2025-2026,20/04/2026,Crystal Palace,West Ham,0,0,9,9,1,4,4,6,13,12,2,1,0,0,D,0,0,D,D England,2.38,3.2,3.1,2.3,3.3,3.1,1.93,1.93,2.05,1.8,2.63,3.25,2.7,2.55,3.4,2.7,1.85,2,1.9,1.95
epl,2025-2026,21/04/2026,Brighton,Chelsea,3,0,15,6,9,0,6,5,15,6,1,1,0,0,H,1,0,H,C Pawson,2.5,3.5,2.7,2.4,3.6,2.7,1.67,2.2,1.78,2.1,2.25,3.6,3,2.3,3.5,3,1.91,1.91,1.98,1.88
epl,2025-2026,22/04/2026,Bournemouth,Leeds,2,2,17,10,7,3,12,1,6,10,3,0,0,0,D,0,0,D,M Salisbury,2,3.5,3.6,2.05,3.6,3.4,1.73,2.1,2.03,1.83,1.8,3.9,4.1,1.83,3.8,4,1.57,2.38,1.83,2.03
epl,2025-2026,22/04/2026,Burnley,Man City,0,1,9,28,1,9,3,11,10,12,0,0,0,0,A,0,1,A,A Madley,19,9,1.13,14,8.5,1.17,1.33,3.4,1.83,2.03,15,8.5,1.14,13,8.5,1.17,1.36,3.2,1.93,1.93
epl,2025-2026,24/04/2026,Sunderland,Nott'm Forest,0,5,14,10,4,6,3,6,13,15,2,5,0,0,A,0,4,A,D England,2.7,3.2,2.7,2.65,3.2,2.7,2.2,1.67,1.95,1.9,2.63,3.1,2.8,2.65,3,2.87,2.3,1.62,1.85,2
epl,2025-2026,25/04/2026,Fulham,Aston Villa,1,0,13,10,6,1,2,5,14,12,2,2,0,0,H,1,0,H,M Oliver,2.75,3.6,2.45,2.7,3.5,2.5,1.73,2.1,2.03,1.83,2.45,3.6,2.75,2.4,3.5,2.8,1.73,2.1,1.8,2.05
epl,2025-2026,25/04/2026,Liverpool,Crystal Palace,3,1,9,14,3,7,5,8,10,10,1,3,0,0,H,2,0,H,A Madley,1.44,5,6.25,1.49,4.75,5.75,1.57,2.38,2.03,1.83,1.6,4.5,5,1.58,4.5,4.8,1.5,2.63,1.98,1.88
epl,2025-2026,25/04/2026,West Ham,Everton,2,1,10,11,3,3,3,4,9,11,3,4,0,0,H,0,0,D,S Attwell,2.4,3.4,2.9,2.35,3.4,2.95,1.9,1.95,2.1,1.78,2.4,3.4,2.8,2.45,3.4,2.85,1.83,2.03,1.78,2.1
epl,2025-2026,25/04/2026,Wolves,Tottenham,0,1,11,11,2,2,5,5,8,14,3,4,0,0,A,0,0,D,A Taylor,4.5,4.33,1.67,4.33,4,1.73,1.67,2.2,1.95,1.9,4.5,4.33,1.67,4.6,4,1.7,1.67,2.2,2.05,1.8
epl,2025-2026,25/04/2026,Arsenal,Newcastle,1,0,11,13,4,3,7,2,13,10,2,2,0,0,H,1,0,H,S Barrott,1.45,4.75,6.25,1.49,4.75,5.75,1.57,2.38,2.03,1.83,1.38,5,7.5,1.41,5,7,1.67,2.2,1.88,1.98
