league,season,Date,HomeTeam,AwayTeam,FTHG,FTAG,HS,AS,HST,AST,HC,AC,HF,AF,HY,AY,HR,AR,FTR,HTHG,HTAG,HTR,B365H,B365D,B365A,BWH,BWD,BWA,IWH,IWD,IWA,B365>2.5,B365<2.5,B365AHH,B365AHA,B365CH,B365CD,B365CA,BWCH,BWCD,BWCA,IWCH,IWCD,IWCA,B365C>2.5,B365C<2.5,B365CAHH,B365CAHA
serie-a,2021-2022,21/08/2021,Inter,Genoa,4,0,17,11,8,5,8,2,18,7,1,2,0,0,H,2,0,H,1.33,5.25,9,1.33,5.5,8.5,1.37,5.25,8,1.66,2.2,1.75,2.05,1.28,5.75,11,1.3,5.25,10.5,1.3,5.25,11,1.61,2.3,1.88,2.05
serie-a,2021-2022,21/08/2021,Verona,Sassuolo,2,3,12,15,4,8,7,4,11,12,3,2,1,0,A,0,1,A,2.62,3.3,2.62,2.55,3.5,2.7,2.6,3.45,2.7,1.9,2.03,1.93,2,2.5,3.4,2.75,2.55,3.5,2.7,2.55,3.35,2.75,1.8,2,1.88,2.05
serie-a,2021-2022,21/08/2021,Empoli,Lazio,1,3,16,8,5,5,5,3,13,10,2,1,0,0,A,1,3,A,4.6,4,1.7,4.6,3.9,1.75,4.6,3.95,1.7,1.72,2.1,1.98,1.95,3.75,3.8,1.9,4,3.75,1.87,3.65,3.75,1.95,1.66,2.2,2,1.93
serie-a,2021-2022,21/08/2021,Torino,Atalanta,1,2,19,6,8,2,5,1,17,13,2,2,0,0,A,0,1,A,5.5,4.33,1.55,5,4.25,1.62,5.25,4.3,1.6,1.57,2.37,1.89,2.04,6,4.5,1.5,6.25,4.5,1.5,6,4.5,1.53,1.53,2.5,2.06,1.87
serie-a,2021-2022,22/08/2021,Bologna,Salernitana,3,2,18,8,7,4,9,4,13,15,6,3,2,1,H,0,0,D,1.65,4,5,1.67,4,5,1.63,4.1,5.25,1.8,2,1.85,2.08,1.5,4.5,6,1.53,4.4,6,1.55,4.3,5.75,1.72,2.1,1.94,1.99
serie-a,2021-2022,22/08/2021,Udinese,Juventus,2,2,11,11,6,4,3,3,11,12,1,3,0,0,D,0,2,A,7.5,4.33,1.45,7.5,4.5,1.44,7.5,4.4,1.45,1.72,2.1,2.05,1.75,7,4,1.5,5.75,4.2,1.57,6.75,4.1,1.53,2.09,1.84,1.91,1.99
serie-a,2021-2022,22/08/2021,Napoli,Venezia,2,0,13,8,4,4,2,2,5,22,1,7,1,0,H,0,0,D,1.22,6.5,12,1.25,6.25,11,1.25,6.5,11,1.44,2.75,1.89,2.04,1.2,6.5,13,1.22,6.75,12,1.22,6.75,12,1.4,3,2.04,1.89
serie-a,2021-2022,22/08/2021,Roma,Fiorentina,3,1,11,11,6,8,4,4,12,14,3,2,1,1,H,1,0,H,1.72,3.8,4.75,1.72,4,4.6,1.75,3.95,4.3,1.66,2.2,2.02,1.91,1.6,4.2,5.25,1.6,4.33,5.25,1.63,4.2,4.9,1.61,2.3,1.85,2.08
serie-a,2021-2022,23/08/2021,Cagliari,Spezia,2,2,16,13,10,6,11,4,17,17,2,3,0,0,D,0,1,A,1.95,3.4,4,2,3.7,3.6,1.95,3.65,3.8,1.9,1.9,1.99,1.94,1.8,3.6,4.5,1.83,3.6,4.5,1.83,3.55,4.5,2,1.8,1.83,2.1
serie-a,2021-2022,23/08/2021,Sampdoria,Milan,0,1,11,10,3,4,8,3,16,14,3,1,0,0,A,0,1,A,4,3.6,1.9,4.33,3.5,1.87,3.85,3.6,1.95,1.8,2,1.95,1.98,3.6,3.5,2,3.6,3.4,2.1,3.45,3.5,2.1,1.8,2,1.75,2.05
serie-a,2021-2022,27/08/2021,Udinese,Venezia,3,0,18,8,10,3,7,2,11,8,2,3,0,0,H,1,0,H,1.7,3.75,5,1.75,3.6,5,1.75,3.65,4.9,2.1,1.72,2,1.93,1.75,3.6,4.75,1.75,3.6,5,1.8,3.5,4.7,2.2,1.66,2.09,1.84
serie-a,2021-2022,27/08/2021,Verona,Inter,1,3,4,15,1,8,6,4,13,12,2,2,0,0,A,1,0,H,5.5,4.33,1.55,5.5,4.33,1.57,5.25,4.1,1.63,1.66,2.2,1.87,2.06,5,4.33,1.6,5.5,4.33,1.57,5.25,4.2,1.63,1.72,2.1,1.85,2.08
serie-a,2021-2022,28/08/2021,Atalanta,Bologna,0,0,21,3,3,1,5,5,11,14,2,5,0,0,D,0,0,D,1.33,5.5,8,1.33,5.75,8.25,1.33,5.75,7.75,1.36,3.2,1.92,2.01,1.28,5.75,9.5,1.3,6,8.5,1.3,6,8.25,1.36,3.2,2.04,1.89
serie-a,2021-2022,28/08/2021,Lazio,Spezia,6,1,18,5,10,2,4,2,12,9,0,2,0,1,H,3,1,H,1.33,4.75,9.5,1.36,5,8.75,1.35,5.5,8,1.53,2.5,2.01,1.92,1.28,5.75,9.5,1.33,5.25,9.25,1.3,5.75,8.75,1.44,2.75,1.86,2.07
serie-a,2021-2022,28/08/2021,Fiorentina,Torino,2,1,10,4,7,1,3,3,13,28,4,5,0,0,H,1,0,H,2.2,3.4,3.25,2.2,3.4,3.3,2.2,3.45,3.3,1.8,2,1.93,2,1.85,3.8,3.8,1.91,3.6,4,1.9,3.75,3.85,1.66,2.2,1.9,2.03
serie-a,2021-2022,28/08/2021,Juventus,Empoli,0,1,20,9,6,3,8,9,11,6,2,3,0,0,A,0,1,A,1.22,6.5,12,1.25,6.25,11,1.3,6,9.5,1.44,2.75,2.03,1.9,1.22,6.5,11,1.25,6.25,11.5,1.27,6.25,10,1.4,3,1.82,2.11
serie-a,2021-2022,29/08/2021,Genoa,Napoli,1,2,7,12,3,8,4,5,17,15,2,3,0,0,A,0,1,A,6,4.5,1.5,6,4.33,1.53,5.75,4.4,1.55,1.66,2.2,1.99,1.94,5.5,4.2,1.57,5.75,4,1.6,5.5,3.95,1.63,1.9,1.9,1.73,2.08
serie-a,2021-2022,29/08/2021,Sassuolo,Sampdoria,0,0,19,13,6,3,8,6,9,14,2,2,0,0,D,0,0,D,2,3.6,3.6,2,3.6,3.7,2,3.75,3.45,1.61,2.3,2.03,1.87,2.05,3.6,3.4,2.1,3.6,3.4,2.1,3.6,3.35,1.61,2.3,1.83,2.07
serie-a,2021-2022,29/08/2021,Milan,Cagliari,4,1,17,6,5,2,8,3,12,11,1,5,0,0,H,4,1,H,1.44,4.5,7,1.42,4.75,7.5,1.45,4.8,6.5,1.57,2.37,2.02,1.91,1.44,4.2,6.5,1.5,4.4,6.25,1.47,4.6,6.5,1.61,2.3,2.05,1.75
serie-a,2021-2022,29/08/2021,Salernitana,Roma,0,4,4,21,0,10,1,10,12,11,2,2,0,0,A,0,0,D,5.5,4.33,1.55,5.5,4.25,1.57,5.25,4.3,1.6,1.57,2.37,1.92,2.01,7,4.5,1.44,7,4.5,1.45,6.75,4.4,1.5,1.8,2,1.73,2.08
serie-a,2021-2022,11/09/2021,Empoli,Venezia,1,2,17,10,6,3,8,2,12,21,2,5,0,0,A,0,1,A,1.8,3.8,4.2,1.83,3.7,4.33,1.8,3.85,4.2,1.8,2,1.83,2.1,1.65,4,5,1.67,4,5,1.7,4.1,4.6,1.66,2.2,1.89,2.04
serie-a,2021-2022,11/09/2021,Napoli,Juventus,2,1,24,7,7,4,13,1,14,16,2,1,0,0,H,0,1,A,2.4,3.6,2.8,2.4,3.5,2.85,2.45,3.45,2.85,1.91,1.99,2.13,1.81,2.05,3.5,3.5,2.15,3.4,3.4,2.15,3.4,3.45,1.9,1.9,1.87,2.06
serie-a,2021-2022,11/09/2021,Atalanta,Fiorentina,1,2,10,7,5,2,10,3,14,19,5,4,0,0,A,0,1,A,1.55,4.33,5.5,1.6,4.1,5.5,1.6,4.3,5.25,1.53,2.5,2,1.93,1.6,4.2,5.25,1.6,4.1,5.5,1.63,4.2,5.25,1.66,2.2,2.09,1.84
serie-a,2021-2022,12/09/2021,Sampdoria,Inter,2,2,12,8,3,3,4,4,12,13,4,4,0,0,D,1,2,A,5,4,1.61,4.75,4.1,1.67,4.9,4.1,1.65,1.66,2.2,2.08,1.85,5.5,4,1.6,5.25,4.25,1.6,5,4.2,1.65,1.66,2.2,1.75,2.05
serie-a,2021-2022,12/09/2021,Cagliari,Genoa,2,3,8,9,3,3,2,6,15,15,2,3,0,0,A,1,0,H,2,3.5,3.75,2.1,3.25,3.7,2.1,3.4,3.55,1.9,1.9,1.83,2.1,2,3.5,3.75,2.05,3.4,3.7,2.1,3.35,3.6,1.8,2,2.1,1.83
serie-a,2021-2022,12/09/2021,Spezia,Udinese,0,1,20,8,5,4,4,5,12,14,1,2,0,0,A,0,0,D,3.2,3.4,2.3,3.2,3.5,2.2,3.1,3.45,2.3,1.9,1.9,1.93,2,3.5,3.4,2.1,3.1,3.5,2.25,3.35,3.45,2.15,1.72,2.1,2.05,1.88
serie-a,2021-2022,12/09/2021,Torino,Salernitana,4,0,15,7,7,2,7,4,10,11,0,2,0,0,H,1,0,H,1.57,4.2,5.75,1.6,4.1,5.5,1.6,4.1,5.75,1.8,2,2.08,1.85,1.65,4,4.75,1.65,3.9,5.25,1.73,3.7,4.9,1.9,1.9,1.92,2.01
serie-a,2021-2022,12/09/2021,Milan,Lazio,2,0,17,7,3,5,5,1,9,18,1,4,0,0,H,1,0,H,2.2,3.6,3.1,2.2,3.5,3.1,2.2,3.55,3.2,1.66,2.2,1.95,1.98,2.25,3.5,3.1,2.25,3.4,3.2,2.35,3.35,3.1,1.8,2,2.03,1.9
serie-a,2021-2022,12/09/2021,Roma,Sassuolo,2,1,19,13,9,7,4,6,7,11,2,1,0,0,H,1,0,H,1.57,4.75,5,1.57,4.75,5,1.6,4.7,4.9,1.44,2.75,1.99,1.94,1.6,4.5,5,1.6,4.4,5,1.63,4.4,4.8,1.44,2.75,2.07,1.86
serie-a,2021-2022,13/09/2021,Bologna,Verona,1,0,13,5,4,1,6,2,14,21,1,3,0,0,H,0,0,D,2.1,3.7,3.2,2.1,3.7,3.3,2.15,3.65,3.2,1.66,2.2,1.87,2.06,2.15,3.5,3.25,2.15,3.5,3.3,2.2,3.5,3.2,1.72,2.1,1.97,1.96
serie-a,2021-2022,17/09/2021,Sassuolo,Torino,0,1,9,18,1,6,6,3,7,20,0,4,0,0,A,0,0,D,1.72,4,4.33,1.8,3.8,4.33,1.77,4,4.1,1.53,2.5,2.04,1.89,1.72,4,4.5,1.8,3.9,4.2,1.77,4,4.2,1.53,2.5,2,1.93
serie-a,2021-2022,18/09/2021,Genoa,Fiorentina,1,2,9,16,3,5,1,11,13,16,4,4,0,0,A,0,0,D,3.3,3.3,2.25,3.4,3.3,2.2,3.35,3.35,2.2,1.9,1.9,1.99,1.94,3.4,3.4,2.15,3.4,3.3,2.2,3.35,3.35,2.2,1.9,1.9,2,1.93
serie-a,2021-2022,18/09/2021,Inter,Bologna,6,1,19,7,11,2,5,1,10,9,0,3,0,0,H,3,0,H,1.36,5,8.5,1.36,5.25,7.75,1.37,5.25,7.5,1.53,2.5,2.07,1.86,1.33,5.25,8.5,1.36,5.25,7.75,1.35,5.5,8.25,1.53,2.5,1.9,2.03
serie-a,2021-2022,18/09/2021,Salernitana,Atalanta,0,1,11,10,1,3,6,4,21,13,4,4,0,0,A,0,0,D,10,5.5,1.3,10.5,5.5,1.3,9.5,5.75,1.3,1.53,2.5,2.05,1.88,11,6,1.25,11,5.75,1.28,8.25,5.75,1.33,1.61,2.3,1.89,2.04
serie-a,2021-2022,19/09/2021,Empoli,Sampdoria,0,3,15,14,4,7,8,8,10,10,2,2,0,0,A,0,1,A,2.55,3.6,2.6,2.65,3.4,2.65,2.55,3.6,2.6,1.72,2.1,1.94,1.99,2.6,3.5,2.6,2.65,3.4,2.65,2.65,3.4,2.65,1.72,2.1,1.99,1.94
serie-a,2021-2022,19/09/2021,Venezia,Spezia,1,2,14,12,3,3,3,10,13,10,4,1,0,0,A,0,1,A,2.45,3.4,2.9,2.55,3.3,2.85,2.4,3.5,2.85,1.72,2.1,1.8,2.14,2.3,3.3,3.2,2.35,3.3,3.1,2.3,3.25,3.2,2,1.8,2.04,1.89
serie-a,2021-2022,19/09/2021,Lazio,Cagliari,2,2,28,10,10,3,10,1,3,11,1,3,0,1,D,1,0,H,1.44,4.75,7,1.44,4.75,6.75,1.45,4.7,6.75,1.57,2.37,2.01,1.92,1.44,4.5,7,1.45,4.75,6.5,1.45,4.7,7,1.66,2.2,2.09,1.84
serie-a,2021-2022,19/09/2021,Verona,Roma,3,2,10,15,6,2,3,8,14,13,4,2,0,0,H,0,1,A,4,3.8,1.83,3.8,3.75,1.91,4,3.85,1.83,1.72,2.1,2.04,1.89,3.3,3.5,2.15,3.3,3.4,2.2,3.2,3.55,2.2,1.66,2.2,2.03,1.9
serie-a,2021-2022,19/09/2021,Juventus,Milan,1,1,9,13,4,3,4,4,13,16,1,1,0,0,D,1,0,H,2.1,3.4,3.5,2.15,3.4,3.4,2.1,3.55,3.4,1.72,2.1,1.84,2.09,1.9,3.75,3.8,1.9,3.7,4,1.97,3.4,4,1.9,1.9,1.96,1.97
serie-a,2021-2022,20/09/2021,Udinese,Napoli,0,4,9,18,1,8,2,5,10,11,2,1,0,0,A,0,2,A,4.5,3.6,1.83,4.4,3.5,1.87,4.3,3.65,1.83,1.9,1.9,2.04,1.89,4.33,3.6,1.83,4.5,3.5,1.83,3.95,3.5,1.95,1.9,1.9,2.04,1.89
serie-a,2021-2022,21/09/2021,Bologna,Genoa,2,2,17,11,6,6,7,2,14,15,3,4,0,0,D,0,0,D,1.95,3.5,3.75,2,3.5,3.8,2,3.45,3.75,1.9,1.9,2.05,1.85,1.8,3.6,4.5,1.83,3.5,4.6,1.83,3.65,4.4,1.9,1.9,1.83,2.07
serie-a,2021-2022,21/09/2021,Atalanta,Sassuolo,2,1,14,8,5,1,5,5,17,16,2,2,0,0,H,2,1,H,1.5,4.75,6,1.53,4.4,6,1.53,4.6,5.5,1.53,2.5,1.88,2.02,1.45,4.5,6.5,1.53,4.4,6,1.53,4.8,5.5,1.44,2.75,2.02,1.77
serie-a,2021-2022,21/09/2021,Fiorentina,Inter,1,3,14,17,6,5,4,8,11,15,2,3,1,0,A,1,0,H,3.75,3.6,1.9,3.7,3.6,2,3.65,3.65,1.97,1.72,2.1,1.89,2.01,4.2,3.8,1.75,4,3.8,1.85,4.2,3.8,1.8,1.72,2.1,1.83,2.07
serie-a,2021-2022,22/09/2021,Salernitana,Verona,2,2,15,10,4,5,4,5,13,17,2,3,0,0,D,1,2,A,3.5,3.4,2.05,3.5,3.5,2.1,3.6,3.4,2.1,2,1.8,2.08,1.82,3.8,3.3,2.05,3.75,3.25,2.1,3.8,3.2,2.1,2.2,1.66,1.75,2.05
serie-a,2021-2022,22/09/2021,Spezia,Juventus,2,3,10,26,5,9,5,15,14,10,2,1,0,0,A,1,1,D,8,5.5,1.33,8,5.25,1.36,8,5.5,1.35,1.57,2.37,1.91,1.99,8,5,1.36,7.5,5,1.4,7.25,5.25,1.4,1.61,2.3,1.75,2.05
serie-a,2021-2022,22/09/2021,Cagliari,Empoli,0,2,16,17,1,5,7,4,15,13,2,1,0,0,A,0,1,A,2,3.75,3.4,2.05,3.5,3.6,2.05,3.7,3.5,1.72,2.1,2.04,1.86,2,3.75,3.5,2,3.75,3.5,1.97,3.75,3.55,1.66,2.2,2.03,1.9
serie-a,2021-2022,22/09/2021,Milan,Venezia,2,0,15,8,4,2,4,4,12,13,0,2,0,0,H,0,0,D,1.25,6,12,1.25,6.25,10.5,1.25,6.25,11,1.44,2.75,1.92,1.98,1.25,6,11,1.26,6,11.5,1.3,5.75,10,1.57,2.37,2.07,1.86
serie-a,2021-2022,23/09/2021,Sampdoria,Napoli,0,4,13,17,5,9,5,5,10,7,2,1,0,0,A,0,2,A,4.2,3.6,1.83,4.2,3.75,1.85,4.2,3.8,1.8,1.72,2.1,1.77,2.02,4.5,3.8,1.72,4.6,3.8,1.75,4.6,3.85,1.75,1.61,2.3,1.98,1.95
serie-a,2021-2022,23/09/2021,Torino,Lazio,1,1,16,6,5,2,6,5,19,9,3,3,0,0,D,0,0,D,3.25,3.5,2.15,3.3,3.4,2.2,3.3,3.45,2.2,1.72,2.1,1.98,1.92,2.9,3.4,2.37,3.1,3.4,2.3,3,3.3,2.4,1.9,1.9,1.83,2.1
serie-a,2021-2022,23/09/2021,Roma,Udinese,1,0,12,8,2,3,6,6,22,8,4,1,1,0,H,1,0,H,1.55,4.2,5.5,1.53,4.33,6,1.53,4.5,5.75,1.66,2.2,1.91,1.99,1.44,4.5,6.5,1.45,4.6,7,1.45,4.8,6.75,1.57,2.37,2.07,1.86
serie-a,2021-2022,25/09/2021,Spezia,Milan,1,2,8,18,2,5,2,4,12,11,2,2,0,0,A,0,0,D,7,4.5,1.45,6,4.75,1.48,6.75,4.7,1.45,1.57,2.37,1.84,2.09,6,4,1.55,6,4.2,1.55,6,4.3,1.53,1.61,2.3,1.92,2.01
serie-a,2021-2022,25/09/2021,Inter,Atalanta,2,2,19,23,6,5,4,11,13,11,3,5,0,0,D,1,2,A,1.9,3.75,3.8,2,3.6,3.7,2,3.55,3.75,1.72,2.1,2,1.93,1.83,3.75,4,1.91,3.75,3.8,1.95,3.55,3.95,1.66,2.2,1.94,1.99
serie-a,2021-2022,25/09/2021,Genoa,Verona,3,3,10,12,4,7,3,2,13,13,3,2,0,0,D,0,1,A,2.75,3.25,2.62,2.8,3.1,2.7,2.75,3.2,2.7,2.05,1.85,1.97,1.96,2.62,3.25,2.7,2.6,3.2,2.8,2.65,3.2,2.8,2,1.8,1.87,2.06
serie-a,2021-2022,26/09/2021,Juventus,Sampdoria,3,2,16,5,6,3,4,2,22,16,4,3,0,0,H,2,1,H,1.3,5.75,9,1.36,5.25,8.25,1.37,5.25,7.75,1.57,2.37,2.06,1.87,1.33,5.25,8.5,1.35,5.25,8.25,1.37,4.9,8.5,1.5,2.62,2.01,1.92
serie-a,2021-2022,26/09/2021,Empoli,Bologna,4,2,15,20,7,5,2,10,15,22,2,2,0,0,H,2,1,H,2.6,3.75,2.5,2.55,3.7,2.6,2.6,3.65,2.55,1.57,2.37,1.98,1.95,2.75,3.5,2.45,2.75,3.5,2.5,2.7,3.5,2.5,1.57,2.37,2.07,1.86
serie-a,2021-2022,26/09/2021,Sassuolo,Salernitana,1,0,17,12,6,5,4,8,16,16,3,3,0,0,H,0,0,D,1.4,5,7.5,1.44,4.6,7.25,1.43,4.9,6.75,1.53,2.5,1.94,1.99,1.33,5,9.5,1.42,5,7,1.45,4.7,6.75,1.57,2.37,1.75,2.05
serie-a,2021-2022,26/09/2021,Udinese,Fiorentina,0,1,12,8,5,2,4,1,14,11,2,3,0,0,A,0,1,A,3.1,3.4,2.3,3,3.4,2.35,3.05,3.4,2.35,1.9,1.9,1.89,2.04,3,3.25,2.45,3,3.2,2.45,3,3.15,2.45,2.1,1.72,1.8,2.14
serie-a,2021-2022,26/09/2021,Lazio,Roma,3,2,9,20,4,8,1,9,11,13,2,4,0,0,H,2,1,H,2.62,3.5,2.6,2.65,3.6,2.55,2.65,3.4,2.65,1.72,2.1,1.98,1.95,2.45,3.4,2.87,2.4,3.4,2.95,2.5,3.3,2.9,1.66,2.2,1.7,2.1
serie-a,2021-2022,26/09/2021,Napoli,Cagliari,2,0,18,6,7,1,6,4,12,10,2,1,0,0,H,1,0,H,1.25,6,11,1.28,5.75,10.5,1.25,6.25,11,1.53,2.5,1.97,1.96,1.22,7,11,1.25,6.5,10.5,1.22,6.5,13,1.4,3,1.88,2.05
serie-a,2021-2022,27/09/2021,Venezia,Torino,1,1,8,8,2,3,4,1,9,18,1,4,0,1,D,0,0,D,3.6,3.5,2.05,3.6,3.4,2.1,3.5,3.45,2.1,1.9,1.9,2.08,1.85,3.5,3.25,2.15,3.6,3.25,2.15,3.5,3.3,2.2,2,1.8,2.05,1.88
serie-a,2021-2022,01/10/2021,Cagliari,Venezia,1,1,9,10,3,4,2,4,15,19,2,5,0,0,D,1,0,H,1.85,3.5,4.33,1.85,3.5,4.5,1.9,3.55,4.3,2.07,1.83,1.9,2.03,1.75,3.6,4.75,1.8,3.5,4.75,1.8,3.65,4.5,1.9,1.9,1.77,2.02
serie-a,2021-2022,02/10/2021,Salernitana,Genoa,1,0,10,19,4,4,10,8,15,17,2,2,0,0,H,0,0,D,2.87,3.3,2.45,2.95,3.25,2.5,2.95,3.2,2.5,2.03,1.87,1.73,2.08,2.7,3.1,2.8,2.8,3.2,2.6,2.65,3.1,2.85,2,1.8,1.9,2.03
serie-a,2021-2022,02/10/2021,Torino,Juventus,0,1,12,10,2,3,4,6,20,14,3,1,0,0,A,0,0,D,4.5,3.5,1.8,4.2,3.4,1.9,4.5,3.55,1.83,1.96,1.94,2.07,1.86,4.33,3.3,1.9,4.25,3.4,1.91,4.1,3.35,1.95,2.1,1.72,1.92,2.01
serie-a,2021-2022,02/10/2021,Sassuolo,Inter,1,2,12,18,8,3,6,8,10,19,4,2,0,0,A,1,0,H,4.33,4.2,1.7,4.33,4.2,1.72,4.5,4.1,1.7,1.5,2.62,2,1.93,5,4.5,1.6,4.75,4.33,1.65,4.7,4.3,1.63,1.44,2.75,2.08,1.73
serie-a,2021-2022,03/10/2021,Bologna,Lazio,3,0,10,8,3,4,3,3,5,16,2,5,0,1,H,2,0,H,3.1,3.6,2.2,3.3,3.6,2.15,3.15,3.55,2.2,1.66,2.2,1.96,1.97,3.1,3.4,2.3,3.2,3.4,2.25,3,3.4,2.35,1.72,2.1,1.84,2.09
serie-a,2021-2022,03/10/2021,Sampdoria,Udinese,3,3,13,18,3,7,6,8,12,15,4,5,0,0,D,1,2,A,2.1,3.5,3.5,2.15,3.3,3.6,2.2,3.3,3.45,1.9,1.9,1.87,2.06,2.1,3.3,3.6,2.3,3.25,3.3,2.2,3.2,3.45,1.9,1.9,1.84,2.09
serie-a,2021-2022,03/10/2021,Verona,Spezia,4,0,6,12,4,4,1,5,15,11,1,1,0,1,H,3,0,H,1.65,4,5.25,1.7,4,4.75,1.65,4.2,4.8,1.66,2.2,1.86,2.07,1.55,4.33,5.5,1.55,4.33,5.75,1.55,4.4,5.5,1.57,2.37,1.99,1.94
serie-a,2021-2022,03/10/2021,Fiorentina,Napoli,1,2,10,12,3,6,8,2,16,13,3,3,0,0,A,1,1,D,3.9,3.5,1.95,4.1,3.5,1.91,3.75,3.6,1.97,1.72,2.1,1.92,2.01,3.8,3.6,1.95,3.75,3.7,1.95,3.6,3.7,2,1.66,2.2,1.87,2.06
serie-a,2021-2022,03/10/2021,Roma,Empoli,2,0,18,11,7,3,5,5,11,16,2,3,0,0,H,1,0,H,1.4,5,7,1.42,5,6.75,1.4,4.9,7.5,1.36,3.2,1.88,2.05,1.36,5.5,7,1.36,5.5,7.5,1.35,5.75,7.75,1.36,3.2,2.07,1.86
serie-a,2021-2022,03/10/2021,Atalanta,Milan,2,3,17,13,6,7,9,5,13,14,1,4,0,0,A,0,2,A,2.05,3.75,3.4,2.1,3.6,3.4,2.15,3.5,3.4,1.66,2.2,1.87,2.06,2.15,3.5,3.3,2.1,3.5,3.5,2.1,3.5,3.45,1.72,2.1,1.87,2.06
serie-a,2021-2022,16/10/2021,Spezia,Salernitana,2,1,18,15,5,4,10,2,13,15,2,3,0,0,H,0,1,A,2.1,3.4,3.5,2.1,3.4,3.4,2.2,3.35,3.4,1.9,1.9,1.89,2.01,2.05,3.4,3.6,2.1,3.4,3.4,2.05,3.35,3.7,1.9,1.9,1.73,2.08
serie-a,2021-2022,16/10/2021,Lazio,Inter,3,1,19,12,8,4,7,3,12,12,3,6,1,0,H,0,1,A,3.3,3.5,2.15,3.4,3.3,2.15,3.3,3.45,2.2,1.66,2.2,2,1.9,3.3,3.4,2.2,3.4,3.3,2.15,3.15,3.4,2.3,1.72,2.1,1.9,2
serie-a,2021-2022,16/10/2021,Milan,Verona,3,2,17,10,4,5,5,4,11,20,1,4,0,0,H,0,2,A,1.55,4.2,5.75,1.48,4.6,6,1.55,4.4,5.75,1.61,2.3,1.93,1.97,1.57,4.2,5.5,1.48,4.6,6,1.57,4.1,5.75,1.66,2.2,1.96,1.94
serie-a,2021-2022,17/10/2021,Cagliari,Sampdoria,3,1,12,17,5,3,5,9,14,18,4,2,0,0,H,1,0,H,2.55,3.4,2.75,2.75,3.4,2.5,2.55,3.4,2.75,1.72,2.1,1.9,2,2.45,3.3,2.87,2.75,3.4,2.5,2.45,3.3,3,1.97,1.93,2.11,1.79
serie-a,2021-2022,17/10/2021,Empoli,Atalanta,1,4,13,22,6,7,5,4,10,15,3,2,0,0,A,1,2,A,5.75,4.33,1.55,5,4.2,1.6,5.25,4.4,1.6,1.5,2.62,1.9,2,4.75,4,1.66,5,4.2,1.6,4.8,4.2,1.63,1.53,2.5,1.94,1.96
serie-a,2021-2022,17/10/2021,Genoa,Sassuolo,2,2,19,15,4,5,6,1,11,18,2,4,0,0,D,1,2,A,3.1,3.5,2.25,3.3,3.4,2.15,3.1,3.45,2.3,1.66,2.2,1.9,2,3,3.5,2.3,3.3,3.4,2.15,2.95,3.45,2.35,1.72,2.1,1.79,2.11
serie-a,2021-2022,17/10/2021,Udinese,Bologna,1,1,10,23,2,11,2,8,15,11,3,7,1,0,D,0,0,D,2.25,3.4,3.2,2.45,3.4,2.8,2.3,3.35,3.1,1.9,1.9,2.01,1.89,2.15,3.3,3.5,2.45,3.4,2.8,2.2,3.3,3.4,1.9,1.9,1.87,2.03
serie-a,2021-2022,17/10/2021,Napoli,Torino,1,0,10,11,3,3,3,4,6,20,2,4,0,0,H,0,0,D,1.4,4.5,8.5,1.36,4.75,8.5,1.43,4.7,6.75,1.66,2.2,1.96,1.94,1.33,5.25,9,1.36,4.75,8.5,1.37,4.9,8.5,1.57,2.37,2.09,1.81
serie-a,2021-2022,17/10/2021,Juventus,Roma,1,0,6,14,2,4,0,6,18,13,3,5,0,0,H,1,0,H,1.85,3.8,4,1.85,3.7,4,1.9,3.75,4,1.72,2.1,1.89,2.01,1.9,3.75,3.9,1.85,3.7,4,1.9,3.6,4.1,1.72,2.1,1.91,1.99
serie-a,2021-2022,18/10/2021,Venezia,Fiorentina,1,0,4,10,2,2,2,5,17,11,2,5,0,1,H,1,0,H,4.2,3.75,1.83,3.7,3.5,2,4,3.65,1.9,1.9,1.9,1.98,1.92,4,3.5,1.9,3.7,3.5,2,3.85,3.5,1.97,1.9,1.9,1.94,1.96
serie-a,2021-2022,22/10/2021,Torino,Genoa,3,2,17,14,6,4,2,4,20,18,2,3,0,0,H,2,0,H,1.7,3.7,5,1.83,3.5,4.4,1.73,3.8,4.8,1.9,1.9,1.97,1.96,1.7,3.75,5,1.83,3.5,4.4,1.73,3.8,4.7,1.8,2,1.98,1.95
serie-a,2021-2022,22/10/2021,Sampdoria,Spezia,2,1,6,17,2,7,0,8,9,9,3,1,0,0,H,2,0,H,1.8,3.8,4.2,1.7,4,4.5,1.83,3.9,3.95,1.61,2.3,2.05,1.75,1.72,3.8,4.75,1.7,4,4.5,1.77,4,4.2,1.57,2.37,1.97,1.96
serie-a,2021-2022,23/10/2021,Salernitana,Empoli,2,4,12,11,6,6,7,1,11,16,1,3,0,0,A,0,4,A,2.7,3.4,2.62,2.65,3.4,2.55,2.7,3.35,2.6,1.9,1.9,1.98,1.95,3.1,3.4,2.3,2.65,3.4,2.55,3,3.45,2.35,1.66,2.2,1.86,2.07
serie-a,2021-2022,23/10/2021,Sassuolo,Venezia,3,1,14,8,7,3,5,4,10,15,1,2,0,0,H,1,1,D,1.57,4.2,5.5,1.51,4.5,5.75,1.6,4.3,5.25,1.61,2.3,2.04,1.89,1.6,4,5.5,1.51,4.5,5.75,1.63,4.2,5.25,1.61,2.3,2.09,1.84
serie-a,2021-2022,23/10/2021,Bologna,Milan,2,4,9,15,4,7,4,1,7,15,1,3,2,0,A,0,2,A,3.35,3.6,2.1,3.75,3.6,1.93,3.35,3.45,2.2,1.72,2.1,1.98,1.95,3.5,3.4,2.1,3.75,3.6,1.93,3.5,3.45,2.1,1.72,2.1,2.02,1.91
serie-a,2021-2022,24/10/2021,Atalanta,Udinese,1,1,8,9,3,3,6,3,15,15,2,2,0,0,D,0,0,D,1.4,5,7.5,1.37,5.25,7.75,1.43,5.25,6.75,1.53,2.5,1.9,2.03,1.36,5.25,7.5,1.37,5.25,7.75,1.4,5.25,7.25,1.53,2.5,1.89,2.04
serie-a,2021-2022,24/10/2021,Fiorentina,Cagliari,3,0,21,3,5,1,4,1,11,15,0,2,0,0,H,2,0,H,1.65,4,5.25,1.7,4,4.6,1.67,4.1,4.8,1.72,2.1,1.89,2.04,1.57,4.2,5.75,1.7,4,4.6,1.57,4.1,5.75,1.72,2.1,2.01,1.92
serie-a,2021-2022,24/10/2021,Verona,Lazio,4,1,16,9,7,4,3,4,12,15,2,2,0,0,H,2,0,H,3.1,3.6,2.2,3.25,3.6,2.1,3.05,3.55,2.25,1.72,2.1,1.94,1.99,2.9,3.4,2.4,3.25,3.6,2.1,2.9,3.35,2.45,1.72,2.1,1.81,2.13
serie-a,2021-2022,24/10/2021,Roma,Napoli,0,0,13,11,1,3,7,4,14,10,4,1,0,0,D,0,0,D,2.87,3.5,2.4,2.6,3.5,2.55,2.8,3.45,2.5,1.66,2.2,1.81,2.13,3,3.4,2.35,2.6,3.5,2.55,2.9,3.45,2.4,1.61,2.3,1.81,2.13
serie-a,2021-2022,24/10/2021,Inter,Juventus,1,1,10,16,2,4,5,2,14,16,2,2,0,0,D,1,0,H,2.05,3.6,3.4,2,3.5,3.5,2.15,3.45,3.4,1.72,2.1,1.85,2.08,2.05,3.6,3.5,2,3.5,3.5,2.1,3.45,3.6,1.8,2,2.02,1.77
serie-a,2021-2022,26/10/2021,Spezia,Genoa,1,1,13,9,3,2,3,3,12,16,2,4,0,0,D,0,0,D,2.3,3.5,3,2.45,3.4,2.8,2.35,3.5,2.95,1.66,2.2,2.07,1.86,2.2,3.6,3.1,2.45,3.4,2.8,2.25,3.55,3.1,1.66,2.2,1.94,1.99
serie-a,2021-2022,26/10/2021,Venezia,Salernitana,1,2,8,21,4,7,4,5,17,13,3,3,1,0,A,1,0,H,1.95,3.4,4,2.1,3.3,3.6,1.95,3.45,3.95,2,1.8,1.99,1.94,1.95,3.4,4,2.1,3.3,3.6,1.97,3.45,3.95,2,1.8,2,1.93
serie-a,2021-2022,26/10/2021,Milan,Torino,1,0,10,12,2,2,2,5,14,21,3,3,0,0,H,1,0,H,1.6,4,5.5,1.55,4.2,5.75,1.63,4,5.5,1.72,2.1,1.85,2.08,1.65,3.9,5.25,1.55,4.2,5.75,1.65,3.85,5.25,1.8,2,1.89,2.04
serie-a,2021-2022,27/10/2021,Juventus,Sassuolo,1,2,14,8,3,4,4,4,21,15,1,5,0,0,A,0,1,A,1.44,4.75,6.5,1.47,4.5,6.5,1.45,4.9,6.5,1.53,2.5,2,1.93,1.4,5,7,1.43,4.75,7,1.4,4.9,7.5,1.5,2.62,1.94,1.99
serie-a,2021-2022,27/10/2021,Sampdoria,Atalanta,1,3,8,13,3,4,3,3,15,19,4,3,0,0,A,1,2,A,4.33,4.2,1.72,4.33,4,1.75,4.3,4.1,1.73,1.53,2.5,1.96,1.97,4,3.8,1.83,4,3.8,1.82,4.4,3.85,1.77,1.57,2.37,1.77,2.02
serie-a,2021-2022,27/10/2021,Udinese,Verona,1,1,16,5,5,2,7,4,13,12,1,2,0,0,D,1,0,H,2.4,3.4,2.9,2.4,3.3,2.87,2.5,3.35,2.85,1.9,1.9,2.14,1.8,2.4,3.1,3.2,2.4,3.1,3.1,2.35,2.9,3.05,2.2,1.66,2.09,1.84
serie-a,2021-2022,27/10/2021,Cagliari,Roma,1,2,7,22,5,3,2,10,16,16,3,4,0,0,A,0,0,D,5,4.2,1.61,5,4.2,1.61,4.8,4.2,1.65,1.57,2.37,2.08,1.85,6.5,4.75,1.45,6,4.5,1.49,6,4.7,1.5,1.53,2.5,1.84,2.09
serie-a,2021-2022,27/10/2021,Empoli,Inter,0,2,9,21,3,9,5,6,20,15,1,3,1,0,A,0,1,A,5.75,4.75,1.5,5.75,4.6,1.49,5.75,4.8,1.5,1.44,2.75,2.05,1.75,7,5,1.4,6.75,5,1.41,6.25,4.9,1.45,1.4,3,1.94,1.99
serie-a,2021-2022,27/10/2021,Lazio,Fiorentina,1,0,5,9,2,1,3,6,16,11,3,3,0,0,H,0,0,D,1.95,3.6,3.75,1.93,3.5,3.9,1.95,3.75,3.7,1.72,2.1,1.98,1.95,1.83,3.75,4.33,1.83,3.7,4.2,1.83,3.8,4.1,1.66,2.2,1.85,2.08
serie-a,2021-2022,28/10/2021,Napoli,Bologna,3,0,18,8,6,1,4,2,20,5,1,1,0,0,H,2,0,H,1.3,5.5,9.5,1.4,5,7.25,1.33,5.5,8.75,1.5,2.62,1.97,1.96,1.22,6.5,12,1.22,6.5,13,1.3,5.75,9.5,1.5,2.62,1.97,1.96
serie-a,2021-2022,30/10/2021,Atalanta,Lazio,2,2,17,8,3,5,6,2,13,13,1,3,0,0,D,1,1,D,1.9,3.8,3.8,1.9,3.9,3.6,1.95,3.75,3.7,1.57,2.37,1.92,2.01,2,3.8,3.4,1.87,4.1,3.6,2.05,3.75,3.4,1.53,2.5,2.07,1.86
serie-a,2021-2022,30/10/2021,Verona,Juventus,2,1,12,15,5,4,4,1,22,8,4,3,0,0,H,2,0,H,4,3.8,1.85,4.2,3.75,1.8,3.95,3.8,1.9,1.72,2.1,2.03,1.9,4.2,3.6,1.83,4.4,3.6,1.8,4.5,3.65,1.8,1.9,1.9,1.99,1.94
serie-a,2021-2022,30/10/2021,Torino,Sampdoria,3,0,16,5,6,1,4,5,19,8,2,4,0,1,H,1,0,H,1.9,3.75,3.8,1.9,3.7,3.9,1.9,3.75,3.85,1.72,2.1,1.94,1.99,1.8,3.6,4.5,1.82,3.7,4.2,1.8,3.7,4.5,1.9,1.9,1.75,2.05
serie-a,2021-2022,31/10/2021,Inter,Udinese,2,0,15,9,6,5,6,4,9,11,0,2,0,0,H,0,0,D,1.36,5,8.5,1.36,4.8,8.75,1.35,5.25,8.25,1.57,2.37,2.04,1.89,1.36,4.75,9.5,1.3,5.25,11,1.37,4.8,8.75,1.57,2.37,2.09,1.84
serie-a,2021-2022,31/10/2021,Fiorentina,Spezia,3,0,27,3,12,0,7,4,9,20,4,3,0,0,H,1,0,H,1.53,4.5,5.75,1.55,4.33,5.75,1.55,4.4,5.5,1.61,2.3,1.94,1.99,1.65,4,5,1.62,4.2,5,1.65,4.1,5,1.66,2.2,2.08,1.73
serie-a,2021-2022,31/10/2021,Genoa,Venezia,0,0,19,6,4,2,12,4,13,13,1,3,0,0,D,0,0,D,2.05,3.4,3.75,2,3.4,3.8,2.05,3.45,3.65,1.9,1.9,2.06,1.87,2,3.5,3.75,1.98,3.5,3.75,1.95,3.55,3.85,1.9,1.9,2.02,1.91
serie-a,2021-2022,31/10/2021,Sassuolo,Empoli,1,2,15,14,5,6,4,6,16,12,4,2,0,0,A,1,0,H,1.75,4.1,4.2,1.75,4,4.33,1.75,4.2,4.2,1.44,2.75,1.99,1.94,1.66,4.2,4.5,1.66,4.2,4.6,1.73,4.3,4.2,1.4,3,1.94,1.99
serie-a,2021-2022,31/10/2021,Salernitana,Napoli,0,1,9,18,3,3,4,4,11,13,0,2,1,1,A,0,0,D,10,5.5,1.3,9.5,5.25,1.33,9.5,5.5,1.33,1.53,2.5,2.01,1.92,10,5.5,1.3,10.5,5.5,1.29,9.5,5.5,1.3,1.57,2.37,1.95,1.98
serie-a,2021-2022,31/10/2021,Roma,Milan,1,2,24,8,6,3,6,2,19,13,4,7,0,1,A,0,1,A,2.3,3.5,3,2.25,3.5,3,2.3,3.5,3,1.72,2.1,2.02,1.91,2.3,3.4,3.1,2.25,3.5,3,2.35,3.45,3,1.72,2.1,2.02,1.91
serie-a,2021-2022,01/11/2021,Bologna,Cagliari,2,0,8,9,3,2,5,2,11,9,3,2,0,1,H,0,0,D,1.8,3.6,4.5,1.82,3.8,4.1,1.85,3.7,4.2,1.66,2.2,1.75,2.05,1.65,4,5.25,1.68,3.8,5,1.67,3.85,5,1.66,2.2,1.92,2.01
serie-a,2021-2022,05/11/2021,Empoli,Genoa,2,2,10,15,2,7,4,5,8,21,0,4,0,0,D,0,1,A,2.1,3.75,3.2,2.1,3.7,3.25,2.1,3.65,3.3,1.61,2.3,1.86,2.04,2.1,3.5,3.4,2.1,3.5,3.3,2.15,3.45,3.35,1.72,2.1,1.88,2.02
serie-a,2021-2022,06/11/2021,Spezia,Torino,1,0,7,9,3,1,2,3,15,17,3,3,0,0,H,0,0,D,3.6,3.6,2,3.6,3.5,2,3.45,3.55,2.1,1.72,2.1,2.05,1.75,3.5,3.4,2.1,3.3,3.4,2.15,3.3,3.5,2.15,1.9,1.9,1.98,1.92
serie-a,2021-2022,06/11/2021,Juventus,Fiorentina,1,0,13,6,3,1,5,5,15,15,2,4,0,1,H,0,0,D,1.57,4.2,5.5,1.61,3.9,5.5,1.6,4.1,5.5,1.72,2.1,2.07,1.83,1.61,3.8,5.75,1.66,3.8,5.25,1.67,3.8,5.25,1.9,1.9,1.9,2
serie-a,2021-2022,06/11/2021,Cagliari,Atalanta,1,2,7,21,1,8,2,7,11,9,1,1,0,0,A,1,2,A,6,4.5,1.5,5.5,4.6,1.53,6,4.6,1.5,1.53,2.5,2.08,1.73,6.5,4.75,1.44,6,4.6,1.5,6,4.6,1.5,1.61,2.3,1.89,2.01
serie-a,2021-2022,07/11/2021,Venezia,Roma,3,2,13,27,7,10,4,11,12,18,2,2,0,0,H,1,2,A,5.75,4.5,1.53,5.25,4.5,1.55,5.75,4.4,1.55,1.66,2.2,1.96,1.94,5.25,3.9,1.65,5.5,3.8,1.62,5.25,3.95,1.65,1.8,2,1.97,1.93
serie-a,2021-2022,07/11/2021,Sampdoria,Bologna,1,2,10,14,4,7,6,5,14,12,4,1,0,0,A,0,0,D,2.37,3.6,2.87,2.35,3.5,2.9,2.4,3.5,2.9,1.72,2.1,2.09,1.81,2.75,3.3,2.6,2.7,3.3,2.55,2.5,3.3,2.9,1.9,1.9,1.99,1.91
serie-a,2021-2022,07/11/2021,Udinese,Sassuolo,3,2,13,10,2,4,1,5,14,15,3,3,1,0,H,2,2,D,2.4,3.5,2.8,2.4,3.5,2.75,2.4,3.5,2.9,1.72,2.1,2.07,1.83,2.15,3.5,3.3,2.2,3.5,3.2,2.3,3.3,3.25,1.8,2,1.9,2
serie-a,2021-2022,07/11/2021,Lazio,Salernitana,3,0,16,5,5,0,5,1,7,14,1,2,0,0,H,2,0,H,1.3,5.5,9.5,1.32,5.5,9,1.3,5.5,10,1.53,2.5,1.95,1.95,1.28,5.75,9.5,1.3,5.75,9.5,1.3,5.75,10,1.57,2.37,1.91,1.99
serie-a,2021-2022,07/11/2021,Napoli,Verona,1,1,16,11,1,3,3,2,16,19,2,7,0,2,D,1,1,D,1.36,5,8,1.38,5,7.5,1.37,5.25,8.25,1.57,2.37,1.9,2,1.45,4.5,7,1.43,4.75,7,1.4,4.9,7.5,1.61,2.3,2.03,1.87
serie-a,2021-2022,07/11/2021,Milan,Inter,1,1,16,13,4,3,4,8,16,11,1,0,0,0,D,1,1,D,3.25,3.5,2.15,3.1,3.7,2.1,3.15,3.55,2.2,1.66,2.2,1.98,1.92,3.5,3.6,2.05,3.5,3.5,2.05,3.45,3.35,2.15,1.72,2.1,2.05,1.85
serie-a,2021-2022,20/11/2021,Atalanta,Spezia,5,2,18,10,9,5,0,6,10,11,2,3,0,0,H,3,1,H,1.25,6.5,9.5,1.29,6,9,1.25,6.5,10,1.36,3.2,1.88,2.02,1.25,6.5,10,1.25,6.5,10.5,1.27,6.25,10,1.44,2.75,1.99,1.91
serie-a,2021-2022,20/11/2021,Lazio,Juventus,0,2,8,11,1,5,3,2,12,15,3,1,0,0,A,0,1,A,3,3.4,2.35,3,3.4,2.3,3,3.4,2.35,1.94,1.96,1.85,2.05,2.87,3.25,2.5,2.9,3.25,2.45,2.9,3.25,2.5,2.01,1.89,1.7,2.1
serie-a,2021-2022,20/11/2021,Fiorentina,Milan,4,3,9,17,5,7,5,6,6,10,1,1,0,0,H,2,0,H,3.1,3.5,2.25,3.1,3.5,2.2,3.15,3.5,2.25,1.87,2.03,1.92,1.98,2.9,3.4,2.4,2.9,3.3,2.4,2.85,3.4,2.45,1.8,2,1.78,2.13
serie-a,2021-2022,21/11/2021,Sassuolo,Cagliari,2,2,20,11,4,4,6,5,13,10,1,2,0,0,D,1,1,D,1.6,4.2,5.25,1.6,4.33,5,1.63,4.3,4.8,1.57,2.37,1.84,2.06,1.55,4.33,6,1.6,4.33,5,1.57,4.4,5.25,1.53,2.5,1.93,1.97
serie-a,2021-2022,21/11/2021,Bologna,Venezia,0,1,22,8,6,6,17,0,6,9,0,3,0,0,A,0,0,D,1.61,4,5.5,1.65,4,5,1.63,4.1,5.25,1.72,2.1,1.82,2.08,1.65,3.8,5.25,1.65,3.75,5.5,1.7,3.85,5,1.9,2,1.91,1.99
serie-a,2021-2022,21/11/2021,Salernitana,Sampdoria,0,2,18,13,2,6,13,3,10,19,0,3,0,0,A,0,2,A,3.1,3.25,2.37,2.95,3.3,2.4,3,3.3,2.4,1.97,1.93,1.8,2.1,2.8,3.3,2.5,2.9,3.3,2.4,2.8,3.35,2.55,1.72,2.1,2.04,1.86
serie-a,2021-2022,21/11/2021,Inter,Napoli,3,2,17,9,7,3,4,1,15,16,4,3,0,0,H,2,1,H,2.2,3.5,3.25,2.2,3.4,3.25,2.25,3.5,3.15,1.72,2.1,1.96,1.94,2.1,3.6,3.4,2.2,3.4,3.25,2.3,3.35,3.15,1.8,2,1.95,1.95
serie-a,2021-2022,21/11/2021,Genoa,Roma,0,2,1,19,1,4,1,2,13,13,3,2,0,0,A,0,0,D,4.75,3.9,1.7,4.8,4.1,1.65,4.5,4.1,1.7,1.61,2.3,1.99,1.91,4.5,4,1.72,4.5,4,1.72,3.9,3.75,1.75,1.57,2.37,1.87,2.03
serie-a,2021-2022,22/11/2021,Verona,Empoli,2,1,22,9,5,4,1,3,7,13,1,3,0,0,H,0,0,D,1.7,4,4.5,1.73,3.9,4.5,1.75,4.1,4.3,1.57,2.37,1.98,1.92,1.72,3.8,4.75,1.68,3.8,5,1.73,3.9,4.6,1.72,2.1,1.97,1.93
serie-a,2021-2022,22/11/2021,Torino,Udinese,2,1,14,18,4,7,4,7,19,17,1,3,0,0,H,1,0,H,2.05,3.4,3.7,2.05,3.25,3.8,2.1,3.3,3.7,2.2,1.66,1.75,2.05,2.1,3.2,3.8,2.1,3.2,3.75,2.15,3.25,3.65,2.2,1.66,1.86,2.04
serie-a,2021-2022,26/11/2021,Cagliari,Salernitana,1,1,19,8,3,2,7,6,13,10,3,1,0,0,D,0,0,D,1.83,3.6,4.33,1.78,3.6,4.6,1.83,3.5,4.6,2,1.8,1.87,2.06,1.8,3.5,4.75,1.82,3.5,4.5,1.8,3.5,4.7,2,1.8,1.84,2.06
serie-a,2021-2022,27/11/2021,Empoli,Fiorentina,2,1,17,16,5,7,8,5,15,10,1,1,0,0,H,0,0,D,3.4,3.4,2.15,3.7,3.6,1.95,3.4,3.6,2.1,1.72,2.1,1.73,2.08,3.75,3.6,1.95,3.5,3.8,1.95,3.9,3.4,2,1.66,2.2,1.93,1.97
serie-a,2021-2022,27/11/2021,Sampdoria,Verona,3,1,15,14,5,3,4,5,13,16,4,1,0,0,H,0,1,A,2.9,3.5,2.37,2.85,3.4,2.45,2.85,3.4,2.45,1.88,2.02,2.11,1.82,2.87,3.4,2.4,2.8,3.4,2.4,2.8,3.4,2.5,1.87,2.03,2.06,1.84
serie-a,2021-2022,27/11/2021,Juventus,Atalanta,0,1,15,7,2,1,6,4,13,20,4,5,0,0,A,0,1,A,2.2,3.5,3.25,2.1,3.5,3.3,2.15,3.55,3.25,1.72,2.1,1.91,2.02,2.05,3.6,3.5,2,3.5,3.6,2.1,3.5,3.45,1.72,2.1,1.84,2.06
serie-a,2021-2022,27/11/2021,Venezia,Inter,0,2,6,27,1,11,3,9,9,4,2,0,0,0,A,0,1,A,8,5,1.36,7.75,4.75,1.4,8.25,4.6,1.4,1.66,2.2,2.02,1.91,9,5.25,1.33,8.5,5,1.36,8.75,4.9,1.37,1.57,2.37,1.89,2.01
serie-a,2021-2022,28/11/2021,Udinese,Genoa,0,0,17,8,3,2,8,1,18,11,3,4,0,0,D,0,0,D,1.75,3.6,4.75,1.77,3.6,4.6,1.8,3.65,4.5,2.03,1.87,2.06,1.87,1.65,3.75,5.5,1.63,3.9,5.5,1.7,3.8,5.25,2.01,1.89,1.92,1.98
serie-a,2021-2022,28/11/2021,Milan,Sassuolo,1,3,15,15,2,5,7,6,15,7,4,2,1,0,A,1,2,A,1.53,4.5,5.5,1.55,4.33,5.75,1.57,4.2,5.75,1.53,2.5,1.97,1.96,1.45,4.75,6.5,1.5,4.5,6,1.45,4.6,6.75,1.44,2.75,2,1.9
serie-a,2021-2022,28/11/2021,Spezia,Bologna,0,1,13,17,5,5,3,6,16,12,3,1,0,0,A,0,0,D,3,3.5,2.3,2.9,3.4,2.35,3,3.45,2.35,1.72,2.1,1.9,2.03,3.2,3.4,2.25,3.1,3.4,2.25,3.1,3.4,2.3,1.85,2.05,1.91,1.99
serie-a,2021-2022,28/11/2021,Roma,Torino,1,0,10,17,2,3,2,9,7,11,2,1,0,0,H,1,0,H,1.72,4,4.5,1.66,4.1,4.6,1.67,3.95,4.9,1.8,2,1.95,1.98,1.7,4,4.7,1.75,3.8,4.5,1.77,3.8,4.5,1.8,2,2.06,1.84
serie-a,2021-2022,28/11/2021,Napoli,Lazio,4,0,18,6,8,2,1,3,9,14,2,4,0,0,H,3,0,H,1.8,3.8,4.33,1.78,3.8,4.2,1.8,3.85,4.3,1.66,2.2,2.07,1.86,1.75,3.8,4.33,1.78,3.8,4.2,1.83,3.8,4.2,1.66,2.2,1.95,1.98
serie-a,2021-2022,30/11/2021,Atalanta,Venezia,4,0,19,8,6,4,4,2,11,9,0,1,0,0,H,2,0,H,1.22,6,12,1.24,6,12.5,1.25,6.25,11,1.53,2.5,1.94,1.99,1.25,6,11,1.25,6,12,1.27,6,11,1.53,2.5,1.86,2.04
serie-a,2021-2022,30/11/2021,Fiorentina,Sampdoria,3,1,17,11,7,4,3,6,6,16,0,3,0,0,H,3,1,H,1.7,3.8,5,1.68,3.9,4.8,1.73,3.75,5,1.72,2.1,1.94,1.99,1.72,3.75,4.75,1.73,3.75,4.6,1.75,3.75,4.6,1.66,2.2,2,1.9
serie-a,2021-2022,30/11/2021,Salernitana,Juventus,0,2,4,18,0,7,4,4,14,9,1,1,0,0,A,0,1,A,9.5,5.5,1.3,9.75,5.5,1.31,9.5,5.25,1.33,1.72,2.1,1.91,2.02,9,5.25,1.33,9,4.75,1.37,8.25,4.9,1.37,1.9,2,2,1.9
serie-a,2021-2022,30/11/2021,Verona,Cagliari,0,0,15,12,6,4,11,1,15,12,3,2,0,0,D,0,0,D,1.61,4,5.25,1.65,4,5,1.67,3.8,5.25,1.61,2.3,1.88,2.05,1.53,4.33,6,1.51,4.2,6.5,1.57,3.95,6,1.72,2.1,1.93,1.97
serie-a,2021-2022,01/12/2021,Bologna,Roma,1,0,6,13,3,5,3,3,9,18,3,4,0,0,H,1,0,H,3.1,3.6,2.2,3.1,3.6,2.15,3.05,3.5,2.3,1.72,2.1,1.92,2.01,2.8,3.4,2.5,3,3.2,2.45,2.9,3.35,2.45,1.88,2.02,1.75,2.05
serie-a,2021-2022,01/12/2021,Inter,Spezia,2,0,31,7,11,4,11,1,18,10,1,2,0,0,H,1,0,H,1.18,7.5,13,1.21,6.75,13.5,1.2,7,15,1.36,3.2,1.89,2.04,1.12,9,17,1.17,7.5,16,1.17,7.75,14,1.3,3.5,1.97,1.93
serie-a,2021-2022,01/12/2021,Genoa,Milan,0,3,10,18,3,5,2,6,11,16,2,1,0,0,A,0,2,A,5,4,1.66,4.8,4,1.66,5.25,4.2,1.63,1.72,2.1,2.1,1.83,6.25,4.2,1.53,5.25,4.1,1.6,6,4.2,1.55,1.87,2.03,1.95,1.95
serie-a,2021-2022,01/12/2021,Sassuolo,Napoli,2,2,9,9,7,4,5,4,10,19,4,2,0,0,D,0,0,D,4,3.9,1.8,4,3.7,1.87,3.85,4,1.85,1.57,2.37,2.05,1.88,4,3.9,1.83,4.33,3.75,1.78,3.9,3.9,1.85,1.57,2.37,2.03,1.87
serie-a,2021-2022,02/12/2021,Torino,Empoli,2,2,10,16,3,5,1,11,9,15,1,3,1,0,D,2,1,H,1.72,3.8,4.75,1.73,3.8,4.5,1.75,3.85,4.5,1.9,2.03,2.02,1.91,1.75,3.6,4.75,1.75,3.7,4.6,1.8,3.7,4.5,1.91,1.99,2.02,1.88
serie-a,2021-2022,02/12/2021,Lazio,Udinese,4,4,13,12,5,5,5,4,11,11,3,5,1,2,D,1,3,A,1.66,3.8,5.25,1.65,3.9,5.25,1.65,4.1,4.9,1.72,2.1,1.89,2.04,1.6,3.8,6,1.61,3.9,5.75,1.65,3.95,5.25,1.87,2.03,1.85,2.05
serie-a,2021-2022,04/12/2021,Milan,Salernitana,2,0,22,7,8,2,9,5,11,9,1,2,0,0,H,2,0,H,1.18,7,15,1.22,6.75,13,1.22,6.75,13,1.5,2.62,2.02,1.77,1.22,6,13,1.23,6.5,13,1.3,6,10,1.57,2.37,2.06,1.87
serie-a,2021-2022,04/12/2021,Roma,Inter,0,3,9,10,1,4,4,4,9,6,3,1,0,0,A,0,3,A,3.8,3.8,1.9,3.9,3.5,1.93,3.6,3.75,1.97,1.72,2.1,1.92,2.01,3.75,3.6,1.95,3.75,3.5,1.98,3.8,3.6,1.95,1.66,2.2,1.89,2.01
serie-a,2021-2022,04/12/2021,Napoli,Atalanta,2,3,15,21,4,7,6,7,16,18,2,3,0,0,A,1,1,D,2.45,3.5,2.8,2.55,3.5,2.65,2.5,3.5,2.75,1.66,2.2,1.84,2.09,2.7,3.4,2.55,2.65,3.4,2.55,2.6,3.45,2.65,1.66,2.2,1.87,2.03
serie-a,2021-2022,05/12/2021,Bologna,Fiorentina,2,3,8,6,3,3,0,2,12,15,3,3,0,0,A,1,1,D,2.87,3.3,2.5,2.75,3.3,2.55,2.75,3.35,2.6,1.87,2.03,2.05,1.88,2.9,3.2,2.5,2.75,3.25,2.6,2.9,3.3,2.5,1.89,2.01,1.7,2.1
serie-a,2021-2022,05/12/2021,Spezia,Sassuolo,2,2,9,20,4,5,2,5,11,9,4,3,0,0,D,1,0,H,3.3,3.75,2.05,3.2,3.7,2.1,3.25,3.7,2.1,1.57,2.37,2.07,1.86,3,3.5,2.3,2.9,3.5,2.35,3,3.5,2.35,1.72,2.1,1.83,2.07
serie-a,2021-2022,05/12/2021,Venezia,Verona,3,4,9,16,5,6,1,6,13,14,2,2,1,0,A,3,0,H,3.6,3.5,2,3.3,3.5,2.1,3.6,3.4,2.1,2,1.9,1.88,2.05,3.8,3.4,2,3.6,3.5,2,3.75,3.45,2.05,2,1.8,1.81,2.09
serie-a,2021-2022,05/12/2021,Sampdoria,Lazio,1,3,18,6,5,5,7,0,13,9,4,3,0,1,A,0,3,A,3.5,3.6,2.05,3.4,3.7,2.05,3.3,3.65,2.1,1.66,2.2,2.07,1.86,3.3,3.6,2.1,3.2,3.6,2.15,3.15,3.55,2.2,1.66,2.2,1.95,1.95
serie-a,2021-2022,05/12/2021,Juventus,Genoa,2,0,27,0,12,0,5,1,15,7,3,1,0,0,H,1,0,H,1.25,6,12,1.29,5.5,11,1.25,6,12,1.66,2.2,2.01,1.92,1.22,6,15,1.2,6.75,15,1.25,6.25,12,1.61,2.3,1.95,1.95
serie-a,2021-2022,06/12/2021,Empoli,Udinese,3,1,22,19,9,8,8,6,12,18,4,3,0,0,H,0,1,A,2.6,3.25,2.8,2.5,3.5,2.65,2.6,3.4,2.7,1.88,2.02,1.9,2.03,2.25,3.4,3,2.25,3.4,3,2.35,3.4,3,1.8,2,2,1.9
serie-a,2021-2022,06/12/2021,Cagliari,Torino,1,1,15,8,2,3,5,2,12,24,2,4,0,0,D,0,1,A,3.5,3.2,2.25,3.25,3.3,2.2,3.15,3.3,2.3,2,1.8,1.92,2.01,3.1,3.2,2.4,3.2,3.1,2.35,3.15,3.2,2.4,2.1,1.72,1.85,2.05
serie-a,2021-2022,10/12/2021,Genoa,Sampdoria,1,3,12,14,2,6,8,3,15,17,2,2,0,0,A,0,1,A,3.2,3.3,2.25,3.4,3,2.3,3.2,3.15,2.35,2.1,1.72,1.88,2.05,3.5,3.2,2.2,3.4,3.1,2.3,3.35,3.2,2.3,2.2,1.66,2.01,1.92
serie-a,2021-2022,11/12/2021,Fiorentina,Salernitana,4,0,17,11,9,6,1,3,9,11,1,1,0,0,H,1,0,H,1.3,5.5,9.5,1.33,5.25,9.5,1.33,5.5,9,1.66,2.2,1.97,1.96,1.25,6,11,1.33,5.25,9.5,1.27,6,11,1.57,2.37,1.7,2.1
serie-a,2021-2022,11/12/2021,Venezia,Juventus,1,1,13,20,4,6,3,11,20,10,4,2,0,0,D,0,1,A,9,4.75,1.36,8.5,4.6,1.39,8,4.8,1.4,1.72,2.1,1.98,1.95,8.5,4.5,1.4,8.5,4.6,1.39,7.25,4.6,1.43,1.72,2.1,1.99,1.94
serie-a,2021-2022,11/12/2021,Udinese,Milan,1,1,11,12,6,1,3,5,17,10,2,2,1,0,D,1,0,H,4.2,3.5,1.9,4.2,3.5,1.87,4.1,3.6,1.9,1.98,1.92,2,1.93,4.2,3.6,1.85,4.2,3.5,1.87,4.4,3.75,1.8,1.9,2,2.03,1.9
serie-a,2021-2022,12/12/2021,Torino,Bologna,2,1,16,8,7,5,5,0,16,18,2,4,0,0,H,1,0,H,2.2,3.25,3.5,2.3,3.3,3.1,2.3,3.25,3.3,2.1,1.72,1.97,1.96,2,3.4,3.7,2.3,3.3,3.1,2.1,3.35,3.6,1.97,1.93,1.83,1.98
serie-a,2021-2022,12/12/2021,Verona,Atalanta,1,2,19,14,4,6,6,6,12,10,2,1,0,0,A,1,1,D,3.8,3.8,1.9,3.6,3.75,1.95,3.65,3.9,1.9,1.53,2.5,1.97,1.96,3.5,3.6,2.05,3.6,3.75,1.95,3.35,3.7,2.1,1.61,2.3,1.73,2.08
serie-a,2021-2022,12/12/2021,Napoli,Empoli,0,1,30,12,6,5,10,3,8,11,0,1,0,0,A,0,0,D,1.33,5,10,1.31,5.5,9.75,1.35,5.25,8.25,1.44,2.75,2.03,1.9,1.36,5.25,7.5,1.41,4.6,8,1.35,5.25,8.5,1.4,3,1.86,2.07
serie-a,2021-2022,12/12/2021,Sassuolo,Lazio,2,1,17,6,6,2,6,0,9,11,1,2,1,0,H,0,1,A,2.7,3.5,2.5,2.75,3.7,2.35,2.65,3.5,2.55,1.53,2.5,2,1.93,2.3,3.5,3,2.4,3.5,2.8,2.4,3.4,2.9,1.72,2.1,2.01,1.92
serie-a,2021-2022,12/12/2021,Inter,Cagliari,4,0,24,5,15,2,9,0,9,13,1,2,0,0,H,1,0,H,1.16,8,15,1.19,7.5,14.5,1.2,7.5,13,1.36,3.2,1.89,2.04,1.14,8,17,1.16,8.25,16,1.17,7.5,15,1.4,3,2.05,1.88
serie-a,2021-2022,13/12/2021,Roma,Spezia,2,0,12,8,6,2,9,4,13,7,4,1,1,0,H,1,0,H,1.4,5,7.5,1.41,5,7.25,1.43,5,6.75,1.53,2.5,1.93,2,1.36,4.75,8,1.39,4.8,7.5,1.4,5.25,7.25,1.61,2.3,1.86,2.07
serie-a,2021-2022,17/12/2021,Lazio,Genoa,3,1,11,4,5,2,5,2,9,8,0,3,0,0,H,1,0,H,1.53,4.33,6,1.51,4.1,6.75,1.5,4.2,7,1.87,2.03,1.99,1.94,1.61,3.8,5.75,1.62,3.8,5.75,1.57,4.1,6,2,1.9,1.82,2.11
serie-a,2021-2022,17/12/2021,Salernitana,Inter,0,5,10,23,2,8,3,10,10,10,1,2,0,0,A,0,2,A,15,8,1.16,15.5,7.75,1.17,17,7.25,1.17,1.44,2.75,1.77,2.02,17,8,1.14,20,8.75,1.14,19,8,1.15,1.36,3.2,1.84,2.09
serie-a,2021-2022,18/12/2021,Atalanta,Roma,1,4,17,8,6,5,10,0,11,15,1,3,0,0,A,1,2,A,1.7,4.33,4.33,1.68,4.4,4.2,1.7,4.2,4.5,1.57,2.37,1.92,2.01,1.75,4,4.33,1.72,4,4.4,1.75,4.1,4.3,1.57,2.37,1.99,1.94
serie-a,2021-2022,18/12/2021,Bologna,Juventus,0,2,11,11,3,7,8,4,7,19,1,1,0,0,A,0,1,A,4.1,3.7,1.83,4,3.7,1.87,4.2,3.75,1.83,1.96,1.94,1.99,1.94,4,3.5,1.9,4,3.5,1.9,4.4,3.5,1.85,2.1,1.72,1.96,1.97
serie-a,2021-2022,18/12/2021,Cagliari,Udinese,0,4,5,10,2,5,4,2,12,14,4,2,1,0,A,0,2,A,3,3.25,2.4,3,3.3,2.35,2.95,3.3,2.45,1.98,1.92,1.81,2.13,3.1,3.3,2.35,3,3.2,2.4,3.1,3.25,2.4,2.11,1.79,1.85,2.08
serie-a,2021-2022,19/12/2021,Fiorentina,Sassuolo,2,2,23,8,8,4,9,3,7,14,3,5,1,0,D,0,2,A,1.85,3.8,3.9,1.85,3.9,3.8,1.9,3.95,3.75,1.53,2.5,1.9,2.03,1.85,3.8,4,1.83,3.75,4.1,1.9,3.65,4,1.5,2.62,1.99,1.94
serie-a,2021-2022,19/12/2021,Spezia,Empoli,1,1,9,22,2,6,3,5,20,9,3,2,0,0,D,0,0,D,2.62,3.75,2.45,2.6,3.6,2.5,2.65,3.6,2.55,1.57,2.37,1.99,1.94,2.55,3.5,2.62,2.6,3.5,2.6,2.65,3.45,2.6,1.61,2.3,1.96,1.97
serie-a,2021-2022,19/12/2021,Sampdoria,Venezia,1,1,18,12,8,1,4,3,8,17,2,1,0,0,D,1,0,H,1.8,3.8,4.33,1.77,3.75,4.5,1.77,3.85,4.3,1.72,2.1,2.04,1.89,1.75,3.6,4.75,1.72,3.7,4.8,1.8,3.65,4.6,1.95,1.95,2.06,1.87
serie-a,2021-2022,19/12/2021,Torino,Verona,1,0,8,8,1,2,5,3,15,7,1,2,0,1,H,1,0,H,2.2,3.4,3.3,2.25,3.4,3.2,2.25,3.4,3.25,1.98,1.92,1.94,1.99,2.2,3.3,3.4,2.2,3.4,3.25,2.25,3.3,3.35,1.99,1.91,1.96,1.97
serie-a,2021-2022,19/12/2021,Milan,Napoli,0,1,12,11,2,2,5,5,14,18,0,2,0,0,A,0,1,A,2.25,3.5,3.1,2.2,3.5,3.1,2.3,3.5,3.05,1.8,2,2,1.93,2.05,3.5,3.6,2.05,3.4,3.5,2.15,3.35,3.5,1.88,2.02,2.07,1.86
serie-a,2021-2022,21/12/2021,Genoa,Atalanta,0,0,1,17,0,3,3,8,13,15,2,1,0,0,D,0,0,D,7.5,5.25,1.36,7.25,5,1.41,7,5,1.43,1.53,2.5,1.98,1.92,6.5,4.75,1.45,6,4.33,1.52,6,4.6,1.53,1.61,2.3,2.05,1.85
serie-a,2021-2022,21/12/2021,Juventus,Cagliari,2,0,15,6,4,1,7,1,16,12,0,3,0,0,H,1,0,H,1.18,6.5,17,1.22,6,16,1.2,6.5,16,1.72,2.1,1.89,2.01,1.2,6.5,15,1.23,6,16,1.2,6.25,16,1.66,2.2,1.96,1.94
serie-a,2021-2022,22/12/2021,Sassuolo,Bologna,0,3,13,9,5,5,5,5,13,12,1,3,0,0,A,0,2,A,2,3.6,3.6,2,3.7,3.5,2.05,3.75,3.4,1.57,2.37,2.04,1.86,2.1,3.6,3.3,2.05,3.6,3.4,2.15,3.7,3.1,1.57,2.37,1.87,2.03
serie-a,2021-2022,22/12/2021,Venezia,Lazio,1,3,11,7,2,4,4,4,11,10,3,3,1,0,A,1,1,D,4.2,3.6,1.85,4.33,3.75,1.78,3.9,3.7,1.9,1.72,2.1,1.98,1.92,4,3.4,1.95,4.1,3.4,1.9,3.9,3.4,2,2.1,1.72,1.79,2.11
serie-a,2021-2022,22/12/2021,Inter,Torino,1,0,14,12,3,3,7,4,10,17,1,0,0,0,H,1,0,H,1.3,5.5,10,1.3,5.5,10,1.33,5,10,1.57,2.37,1.95,1.95,1.25,5.75,12,1.29,5.5,11,1.33,5.25,11,1.57,2.37,2.03,1.87
serie-a,2021-2022,22/12/2021,Roma,Sampdoria,1,1,15,10,4,2,10,2,6,8,0,3,0,0,D,0,0,D,1.55,4.33,5.5,1.57,4.2,5.5,1.57,4.2,5.75,1.61,2.3,1.97,1.93,1.5,4.5,6,1.52,4.2,6.25,1.5,4.4,6.5,1.61,2.3,1.81,2.09
serie-a,2021-2022,22/12/2021,Verona,Fiorentina,1,1,7,11,2,1,3,8,15,5,2,1,0,0,D,1,0,H,2.9,3.5,2.37,2.8,3.4,2.4,2.85,3.5,2.45,1.72,2.1,1.77,2.02,2.87,3.5,2.37,2.8,3.4,2.4,2.9,3.45,2.4,1.72,2.1,1.79,2.11
serie-a,2021-2022,22/12/2021,Empoli,Milan,2,4,16,18,5,8,7,3,18,10,1,2,0,0,A,1,2,A,4.5,3.9,1.75,4.5,3.9,1.73,4.4,3.95,1.75,1.57,2.37,1.91,1.99,4,3.8,1.83,4,3.9,1.8,3.9,3.8,1.9,1.66,2.2,1.97,1.93
serie-a,2021-2022,22/12/2021,Napoli,Spezia,0,1,25,8,7,0,10,5,14,12,2,3,0,0,A,0,1,A,1.22,6.5,12,1.26,6.25,11,1.25,6.5,11,1.44,2.75,1.92,1.98,1.22,6,13,1.26,6,11,1.27,6.25,11,1.57,2.37,1.95,1.95
serie-a,2021-2022,06/01/2022,Sampdoria,Cagliari,1,2,4,15,1,7,0,5,12,17,1,3,1,0,A,1,0,H,1.85,3.75,4,1.8,3.75,4.33,1.83,3.8,4.1,1.8,2,1.84,2.06,1.75,3.75,4.6,1.71,3.8,4.75,1.8,3.7,4.4,1.87,2.03,1.97,1.96
serie-a,2021-2022,06/01/2022,Lazio,Empoli,3,3,23,11,10,4,9,2,13,11,4,4,0,0,D,1,2,A,1.6,4.4,5,1.61,4.33,4.8,1.63,4.4,4.8,1.5,2.62,2.05,1.85,1.57,4.33,5.25,1.57,4.33,5.25,1.63,4.3,4.9,1.53,2.5,1.95,1.98
serie-a,2021-2022,06/01/2022,Spezia,Verona,1,2,9,22,3,5,6,7,14,11,3,2,1,0,A,0,0,D,3.5,3.5,2.05,3.5,3.5,2.05,3.45,3.55,2.1,1.8,2,2.08,1.73,3.25,3.4,2.2,3.4,3.3,2.15,3.35,3.15,2.3,1.88,2.02,2.11,1.82
serie-a,2021-2022,06/01/2022,Sassuolo,Genoa,1,1,28,4,7,1,7,4,8,11,3,0,0,0,D,0,1,A,1.57,4.33,5.25,1.57,4.2,5.5,1.6,4.3,5.25,1.66,2.2,2.05,1.85,1.72,3.8,4.75,1.73,3.8,4.6,1.75,3.8,4.6,1.83,2.07,2.02,1.91
serie-a,2021-2022,06/01/2022,Milan,Roma,3,1,19,11,5,5,3,9,6,20,2,6,0,2,H,2,1,H,1.9,3.7,3.8,1.98,3.6,3.7,1.97,3.7,3.6,1.72,2.1,2,1.9,2.2,3.5,3.2,2.25,3.4,3.1,2.25,3.4,3.25,1.72,2.1,2.01,1.92
serie-a,2021-2022,06/01/2022,Juventus,Napoli,1,1,22,16,5,4,4,3,8,11,2,1,0,0,D,0,1,A,1.9,3.6,4,1.87,3.5,4.2,1.97,3.5,3.85,2.04,1.86,1.98,1.92,1.75,3.6,4.75,1.75,3.5,5,1.77,3.6,4.8,2.03,1.87,2.02,1.91
serie-a,2021-2022,09/01/2022,Empoli,Sassuolo,1,5,15,25,4,14,5,5,10,15,2,3,1,0,A,1,2,A,2.5,3.8,2.55,2.6,3.8,2.45,2.5,3.75,2.6,1.44,2.75,1.93,1.97,2.7,3.8,2.35,2.7,3.8,2.35,2.85,3.7,2.35,1.44,2.75,2.03,1.87
serie-a,2021-2022,09/01/2022,Venezia,Milan,0,3,9,18,3,8,1,7,11,11,1,3,1,0,A,0,1,A,6,4,1.57,6,3.75,1.6,5.75,4.1,1.6,1.86,2.04,1.86,2.04,5.25,4.2,1.6,5.75,4.1,1.57,5.25,4.2,1.63,1.66,2.2,1.76,2.16
serie-a,2021-2022,09/01/2022,Napoli,Sampdoria,1,0,22,10,5,1,13,0,12,11,0,2,0,0,H,1,0,H,1.4,5,7.5,1.44,4.6,6.75,1.47,4.7,6.25,1.61,2.3,2.04,1.86,1.36,4.75,9,1.38,4.8,8.25,1.43,4.4,7,1.72,2.1,2.02,1.88
serie-a,2021-2022,09/01/2022,Udinese,Atalanta,2,6,8,21,4,7,2,5,9,12,2,2,0,0,A,0,3,A,3.5,3.6,2.05,3.4,3.7,2.05,3.45,3.5,2.1,1.66,2.2,2.08,1.85,4.75,3.75,1.75,4.75,3.7,1.75,4.8,3.85,1.7,1.9,2,1.8,2.1
serie-a,2021-2022,09/01/2022,Genoa,Spezia,0,1,15,17,2,9,7,4,17,16,3,3,0,0,A,0,1,A,2.1,3.3,3.6,2.2,3.3,3.3,2.25,3.3,3.4,2.1,1.72,1.88,2.02,2.25,3.1,3.5,2.25,3.1,3.5,2.3,3.1,3.4,2.3,1.61,2.03,1.87
serie-a,2021-2022,09/01/2022,Roma,Juventus,3,4,19,14,7,5,8,1,11,12,3,4,0,1,A,1,1,D,3.3,3.5,2.15,3.3,3.4,2.15,3.25,3.4,2.25,1.93,1.97,1.96,1.94,2.9,3.2,2.5,3.1,3.2,2.35,2.95,3.1,2.55,2.2,1.66,1.75,2.17
serie-a,2021-2022,09/01/2022,Inter,Lazio,2,1,17,5,6,2,4,3,11,14,1,4,0,0,H,1,1,D,1.4,5,7,1.44,4.75,6.75,1.43,5,6.75,1.53,2.5,1.94,1.96,1.36,5,8.5,1.36,5,8,1.37,5.25,7.75,1.53,2.5,2.05,1.85
serie-a,2021-2022,09/01/2022,Verona,Salernitana,1,2,24,9,7,5,17,4,13,12,1,3,1,0,A,0,1,A,1.36,5,8,1.38,4.8,8.25,1.4,5,7.75,1.66,2.2,1.89,2.01,1.3,5.5,9.5,1.33,5.25,9.25,1.35,5.25,8.5,1.66,2.2,1.98,1.92
serie-a,2021-2022,10/01/2022,Torino,Fiorentina,4,0,9,10,6,3,1,5,16,12,2,2,0,0,H,3,0,H,,,,,,,,,,,,,,3,3.3,2.4,2.95,3.25,2.45,3.05,3.15,2.45,1.99,1.91,1.82,2.08
serie-a,2021-2022,11/01/2022,Cagliari,Bologna,2,1,13,9,4,3,5,5,12,15,3,2,0,0,H,0,0,D,2.75,3.3,2.55,2.75,3.25,2.55,2.85,3.25,2.55,2,1.9,2.05,1.85,3,3.5,2.3,2.95,3.3,2.37,3,3.3,2.45,1.95,1.95,1.84,2.06
serie-a,2021-2022,15/01/2022,Sampdoria,Torino,1,2,11,20,3,12,3,10,13,14,0,2,0,0,A,1,1,D,3,3.2,2.45,2.87,3.1,2.55,3,3.3,2.45,2.03,1.87,1.8,2.1,3.4,3.5,2.1,3.7,3.25,2.1,3.55,3.4,2.1,2.03,1.87,2.06,1.84
serie-a,2021-2022,15/01/2022,Salernitana,Lazio,0,3,6,15,1,8,3,7,11,16,2,3,0,0,A,0,2,A,7,4.5,1.45,7.25,4.4,1.46,7.5,4.5,1.45,1.72,2.1,1.83,2.07,9,5.75,1.3,9.75,5.5,1.3,10,5.5,1.3,1.61,2.3,1.98,1.92
serie-a,2021-2022,15/01/2022,Juventus,Udinese,2,0,14,16,4,3,7,6,13,10,1,2,0,0,H,1,0,H,1.4,4.75,7.5,1.37,4.8,8.5,1.4,4.8,8.25,1.92,1.98,1.97,1.93,1.45,4.5,7,1.41,4.5,8,1.45,4.6,7,1.72,2.1,1.99,1.91
serie-a,2021-2022,16/01/2022,Sassuolo,Verona,2,4,13,21,5,6,9,7,6,18,2,4,0,0,A,0,2,A,2.2,3.5,3.2,2.15,3.6,3.2,2.25,3.65,3.05,1.57,2.37,1.94,1.96,2.45,3.5,2.8,2.4,3.4,2.85,2.4,3.4,2.95,1.8,2,2.17,1.75
serie-a,2021-2022,16/01/2022,Venezia,Empoli,1,1,14,17,3,6,6,5,13,17,3,5,0,0,D,0,1,A,2.62,3.5,2.55,2.55,3.6,2.55,2.75,3.5,2.5,1.72,2.1,2.04,1.86,2.8,3.6,2.37,2.8,3.5,2.37,2.9,3.45,2.4,1.66,2.2,2.02,1.77
serie-a,2021-2022,16/01/2022,Roma,Cagliari,1,0,15,8,7,2,1,1,13,17,3,4,0,0,H,1,0,H,1.36,5,8.5,1.37,5,8,1.4,5,7.5,1.61,2.3,1.87,2.03,1.36,5.25,8,1.36,5.25,7.75,1.35,5.5,8,1.5,2.62,2.04,1.86
serie-a,2021-2022,16/01/2022,Atalanta,Inter,0,0,12,11,6,3,6,4,12,9,2,2,0,0,D,0,0,D,2.87,3.75,2.3,2.87,3.8,2.2,2.9,3.65,2.3,1.61,2.3,1.86,2.04,3.1,3.6,2.2,2.95,3.6,2.25,3.05,3.5,2.3,1.72,2.1,1.88,2.02
serie-a,2021-2022,17/01/2022,Bologna,Napoli,0,2,12,14,5,5,1,4,9,10,3,1,0,0,A,0,1,A,4,3.4,1.95,4,3.4,1.93,3.8,3.5,2,2.01,1.89,1.91,1.99,4.2,3.6,1.85,4.4,3.5,1.83,4.4,3.55,1.85,1.95,1.95,2.03,1.87
serie-a,2021-2022,17/01/2022,Milan,Spezia,1,2,25,10,8,6,10,1,11,17,2,5,0,0,A,1,0,H,1.33,5,9.5,1.32,5.25,9.5,1.33,5.5,8.5,1.57,2.37,1.97,1.93,1.3,5.75,9,1.27,5.75,11,1.3,5.5,10,1.5,2.62,1.9,2
serie-a,2021-2022,17/01/2022,Fiorentina,Genoa,6,0,22,3,12,0,4,0,10,11,1,3,0,0,H,3,0,H,1.45,4.2,7.5,1.47,4.5,6.75,1.45,4.5,7,1.8,2,2.04,1.86,1.4,4.6,8,1.39,4.8,7.75,1.43,4.6,7.25,1.61,2.3,1.94,1.96
serie-a,2021-2022,21/01/2022,Verona,Bologna,2,1,14,8,6,2,7,2,21,9,2,4,0,0,H,1,1,D,1.95,3.6,3.8,1.93,3.6,3.8,1.95,3.7,3.7,1.72,2.1,1.99,1.91,1.8,3.6,4.2,1.83,3.75,4.1,1.85,3.6,4.3,1.86,2.04,1.85,2.05
serie-a,2021-2022,22/01/2022,Genoa,Udinese,0,0,10,2,3,0,10,4,27,17,4,4,1,0,D,0,0,D,3.5,3.3,2.15,3.4,3.4,2.15,3.35,3.3,2.2,2.1,1.72,2,1.9,3.4,3.3,2.15,3.6,3.2,2.15,3.55,3.25,2.2,2.1,1.72,2,1.9
serie-a,2021-2022,22/01/2022,Inter,Venezia,2,1,24,3,12,3,6,0,13,9,3,4,0,0,H,1,1,D,1.1,9.5,21,1.11,9.75,26,1.1,10,25,1.36,3.2,1.95,1.95,1.12,8.5,19,1.11,9.75,26,1.1,9.5,24,1.36,3.2,2.02,1.77
serie-a,2021-2022,22/01/2022,Lazio,Atalanta,0,0,9,6,1,2,4,1,10,17,0,3,0,0,D,0,0,D,3.2,3.5,2.2,3.1,3.7,2.15,3.1,3.7,2.2,1.57,2.37,1.98,1.92,2.2,3.5,3.1,2.35,3.6,2.8,2.3,3.5,3.05,1.72,2.1,1.95,1.95
serie-a,2021-2022,23/01/2022,Cagliari,Fiorentina,1,1,12,16,3,6,6,4,21,16,3,3,0,1,D,0,0,D,5.25,4.1,1.61,5.25,4.1,1.6,5.25,4.1,1.63,1.8,2,1.73,2.08,6.5,4,1.53,6.5,4.4,1.49,6.25,4.3,1.53,1.66,2.2,2.05,1.85
serie-a,2021-2022,23/01/2022,Napoli,Salernitana,4,1,26,1,14,1,10,0,9,14,0,4,0,1,H,2,1,H,1.14,8,17,1.15,8.25,17,1.17,7.75,16,1.44,2.75,2.02,1.88,1.11,8,21,1.13,8.75,21,1.1,9.5,25,1.5,2.62,1.93,1.97
serie-a,2021-2022,23/01/2022,Spezia,Sampdoria,1,0,7,8,2,0,2,4,24,12,2,4,0,1,H,0,0,D,2.7,3.3,2.62,2.8,3.1,2.65,2.7,3.35,2.6,1.93,1.97,1.99,1.91,2.5,3.25,2.87,2.55,3,2.95,2.6,3.25,2.8,1.93,1.97,1.84,2.06
serie-a,2021-2022,23/01/2022,Torino,Sassuolo,1,1,21,6,6,1,4,3,21,15,3,3,0,0,D,1,0,H,2.1,3.6,3.3,2.05,3.5,3.5,2.15,3.6,3.3,1.66,2.2,1.84,2.06,1.9,3.75,3.75,1.93,3.5,3.8,1.95,3.65,3.7,1.61,2.3,1.95,1.95
serie-a,2021-2022,23/01/2022,Empoli,Roma,2,4,16,16,7,8,2,3,13,14,2,2,0,0,A,0,4,A,4,4.2,1.8,4,4,1.78,3.95,4.1,1.8,1.5,2.62,1.85,2.05,3.6,4.33,1.83,3.9,4,1.82,3.75,3.9,1.9,1.61,2.3,2.03,1.87
serie-a,2021-2022,23/01/2022,Milan,Juventus,0,0,14,8,4,0,4,1,16,19,2,2,0,0,D,0,0,D,2.62,3.3,2.7,2.65,3.1,2.75,2.65,3.3,2.7,1.99,1.91,1.93,1.97,2.7,3.2,2.7,2.6,3.2,2.75,2.7,3.2,2.75,2.1,1.72,1.94,1.96
serie-a,2021-2022,05/02/2022,Roma,Genoa,0,0,23,10,3,3,6,4,8,23,3,2,1,1,D,0,0,D,1.36,5.5,7.5,1.34,5.25,9,1.33,5.5,8.5,1.61,2.3,2,1.9,1.36,5,8,1.35,5.25,8.5,1.43,4.8,7.25,1.66,2.2,1.88,2.02
serie-a,2021-2022,05/02/2022,Inter,Milan,1,2,11,10,5,3,6,4,20,14,2,4,0,1,A,1,0,H,1.8,3.75,4.5,1.82,3.6,4.33,1.8,3.85,4.2,1.66,2.2,2.04,1.86,1.9,3.6,4,1.85,3.6,4.2,1.9,3.65,4.1,1.93,1.97,1.89,2.01
serie-a,2021-2022,05/02/2022,Fiorentina,Lazio,0,3,9,12,3,7,4,3,13,15,3,5,1,0,A,0,0,D,2.37,3.5,2.9,2.25,3.5,3,2.4,3.5,2.9,1.72,2.1,2.07,1.83,2.3,3.5,3,2.37,3.3,2.95,2.35,3.4,3,1.72,2.1,2.02,1.88
serie-a,2021-2022,06/02/2022,Atalanta,Cagliari,1,2,10,7,3,4,3,1,13,14,1,5,1,0,A,0,0,D,1.25,6.5,11,1.24,6.25,12,1.25,6.5,11,1.44,2.75,1.84,2.06,1.25,6.5,10,1.22,6.75,13.5,1.22,6.75,13,1.5,2.62,1.9,2
serie-a,2021-2022,06/02/2022,Bologna,Empoli,0,0,12,15,2,4,3,5,9,16,2,4,0,0,D,0,0,D,2,3.6,3.6,1.98,3.7,3.5,2,3.8,3.45,1.61,2.3,2.02,1.88,2,3.4,3.6,2.05,3.4,3.7,2.05,3.6,3.55,1.72,2.1,2.04,1.86
serie-a,2021-2022,06/02/2022,Sampdoria,Sassuolo,4,0,11,26,7,9,3,9,15,16,2,2,0,0,H,2,0,H,2.8,3.8,2.3,2.8,3.7,2.3,2.8,3.7,2.4,1.61,2.3,1.79,2.11,2.7,3.8,2.4,2.65,3.7,2.4,2.75,3.6,2.45,1.57,2.37,2.06,1.84
serie-a,2021-2022,06/02/2022,Venezia,Napoli,0,2,7,16,3,6,2,6,12,11,2,2,1,0,A,0,0,D,7.5,4.75,1.4,7.25,4.5,1.44,7,4.8,1.43,1.66,2.2,1.93,1.97,6,4.5,1.5,7.5,4.33,1.44,7,4.6,1.45,1.72,2.1,1.73,2.08
serie-a,2021-2022,06/02/2022,Udinese,Torino,2,0,11,5,3,1,8,3,12,21,3,5,0,1,H,0,0,D,3.1,3.3,2.37,3,3.3,2.37,3,3.25,2.4,2.1,1.72,1.84,2.06,3.1,3.1,2.4,3.1,3.1,2.4,3.1,3.1,2.45,2.2,1.66,1.82,2.08
serie-a,2021-2022,06/02/2022,Juventus,Verona,2,0,11,13,8,1,6,5,11,11,1,1,0,0,H,1,0,H,1.53,4.33,6,1.55,4.2,5.75,1.55,4.3,5.75,1.72,2.1,1.96,1.94,1.6,4.2,5.75,1.6,3.9,5.75,1.63,3.9,5.75,2.09,1.81,2.1,1.8
serie-a,2021-2022,07/02/2022,Salernitana,Spezia,2,2,9,13,5,2,5,6,12,19,3,3,0,0,D,2,2,D,2.87,3.4,2.5,2.95,3.4,2.35,2.9,3.35,2.45,1.94,1.96,1.7,2.1,2.7,3.2,2.7,2.65,3.2,2.7,2.7,3.15,2.75,2.09,1.81,1.89,2.01
serie-a,2021-2022,12/02/2022,Lazio,Bologna,3,0,12,11,6,3,5,3,13,16,2,2,0,0,H,1,0,H,1.7,4,4.75,1.68,4.1,4.5,1.73,3.95,4.6,1.72,2.1,1.95,1.98,1.61,4,5.25,1.68,4,4.6,1.65,4,5.25,1.72,2.1,1.8,2.14
serie-a,2021-2022,12/02/2022,Napoli,Inter,1,1,13,8,4,2,4,2,8,13,1,1,0,0,D,1,0,H,2.75,3.4,2.55,2.65,3.5,2.5,2.7,3.4,2.6,1.9,2,2.02,1.91,2.62,3.4,2.6,2.65,3.3,2.6,2.7,3.35,2.65,1.89,2.01,2,1.93
serie-a,2021-2022,12/02/2022,Torino,Venezia,1,2,14,5,2,2,8,4,14,12,2,3,0,1,A,1,1,D,1.5,4.2,7,1.47,4.4,6.5,1.5,4.3,6.5,1.91,1.99,1.88,2.05,1.5,4,6.5,1.6,3.9,5.75,1.57,4.2,5.75,1.86,2.04,1.93,2
serie-a,2021-2022,13/02/2022,Milan,Sampdoria,1,0,15,4,7,1,4,0,13,11,3,1,0,0,H,1,0,H,1.4,4.75,7.5,1.41,4.75,7.5,1.43,4.9,7,1.66,2.2,1.93,2,1.4,5,7.5,1.36,5,8.25,1.43,4.7,7.25,1.72,2.1,1.93,2
serie-a,2021-2022,13/02/2022,Empoli,Cagliari,1,1,13,17,4,5,6,4,14,13,1,2,0,0,D,1,0,H,1.95,3.8,3.6,1.98,3.75,3.5,2,3.8,3.5,1.61,2.3,2.02,1.91,1.95,3.6,3.6,1.95,3.5,3.75,2,3.65,3.6,1.72,2.1,2.06,1.87
serie-a,2021-2022,13/02/2022,Genoa,Salernitana,1,1,15,12,5,4,5,4,17,10,3,2,0,0,D,1,1,D,1.83,3.75,4.33,1.75,3.8,4.4,1.85,3.6,4.3,2.04,1.86,1.88,2.05,1.85,3.6,4.2,1.85,3.5,4.2,1.85,3.45,4.4,2.1,1.72,1.88,2.05
serie-a,2021-2022,13/02/2022,Verona,Udinese,4,0,6,21,5,7,2,7,18,7,3,1,0,0,H,2,0,H,1.83,3.6,4.2,1.8,3.6,4.4,1.85,3.65,4.2,1.97,1.93,1.89,2.04,1.9,3.5,4,1.83,3.6,4.2,1.95,3.5,4.1,2.02,1.88,1.95,1.98
serie-a,2021-2022,13/02/2022,Sassuolo,Roma,2,2,12,12,3,7,4,3,13,13,4,2,1,0,D,0,1,A,3.4,3.9,2,3.2,3.8,2.05,3.35,3.7,2.1,1.57,2.37,1.84,2.09,3.4,3.75,2.05,3.25,3.75,2.05,3.4,3.65,2.1,1.72,2.1,1.83,2.1
serie-a,2021-2022,13/02/2022,Atalanta,Juventus,1,1,21,15,3,6,8,8,13,9,2,3,0,0,D,0,0,D,2.8,3.5,2.37,2.65,3.5,2.5,2.9,3.35,2.45,1.92,1.98,1.75,2.05,3,3.3,2.4,2.95,3.25,2.45,3,3.25,2.45,2.09,1.81,1.85,2.08
serie-a,2021-2022,14/02/2022,Spezia,Fiorentina,1,2,9,21,1,4,4,8,17,10,2,1,0,0,A,0,1,A,3.75,3.6,1.95,3.9,3.6,1.9,3.7,3.65,1.97,1.72,2.1,1.92,2.01,4,3.6,1.9,3.9,3.6,1.9,3.65,3.6,2,1.87,2.03,1.89,2.04
serie-a,2021-2022,18/02/2022,Juventus,Torino,1,1,11,10,3,3,7,9,16,19,1,2,0,0,D,1,0,H,1.57,3.75,6.5,1.63,3.7,5.75,1.65,3.5,6,2.1,1.72,1.83,2.07,1.7,3.6,5.5,1.66,3.6,5.5,1.7,3.5,5.75,2.1,1.72,1.97,1.93
serie-a,2021-2022,19/02/2022,Sampdoria,Empoli,2,0,8,10,3,2,3,6,15,12,4,2,0,0,H,2,0,H,2.2,3.4,3.2,2.25,3.2,3.3,2.25,3.5,3.1,1.72,2.1,1.91,1.99,2.37,3.5,2.87,2.3,3.4,3,2.4,3.45,2.85,1.66,2.2,2.11,1.79
serie-a,2021-2022,19/02/2022,Roma,Verona,2,2,7,5,3,3,4,2,18,14,3,2,0,0,D,0,2,A,1.95,3.75,3.6,1.9,3.75,3.75,2,3.7,3.55,1.72,2.1,2.01,1.89,2.1,3.4,3.5,2.05,3.3,3.7,2.15,3.35,3.5,2.01,1.89,1.83,2.07
serie-a,2021-2022,19/02/2022,Salernitana,Milan,2,2,9,14,5,5,4,7,14,12,2,4,0,0,D,1,1,D,9,5,1.36,9,5,1.35,8,5.25,1.37,1.66,2.2,1.82,2.08,9.5,6,1.28,10.5,5,1.33,9.5,5,1.35,1.66,2.2,2.06,1.84
serie-a,2021-2022,20/02/2022,Fiorentina,Atalanta,1,0,6,7,3,1,2,1,17,20,2,5,0,0,H,0,0,D,2.6,3.3,2.7,2.6,3.4,2.6,2.55,3.5,2.7,1.72,2.1,1.9,2,2.55,3.5,2.62,2.6,3.4,2.6,2.55,3.45,2.7,1.72,2.1,1.87,2.03
serie-a,2021-2022,20/02/2022,Venezia,Genoa,1,1,15,12,4,3,6,5,14,15,2,2,0,0,D,1,1,D,2.5,3.2,2.9,2.55,3.1,2.85,2.55,3.25,2.85,2.1,1.72,1.81,2.09,2.5,3.2,2.9,2.45,3.1,3.1,2.55,3.1,3,2.2,1.66,1.77,2.02
serie-a,2021-2022,20/02/2022,Inter,Sassuolo,0,2,29,13,8,5,8,3,12,12,1,2,0,0,A,0,2,A,1.28,6,9,1.33,5,9.75,1.3,6,8.5,1.36,3.2,2.01,1.89,1.28,6,9,1.28,6,9.5,1.25,6.75,9.5,1.33,3.4,1.95,1.95
serie-a,2021-2022,20/02/2022,Udinese,Lazio,1,1,12,10,2,2,2,12,22,9,3,2,0,0,D,1,1,D,2.9,3.3,2.45,3,3.4,2.3,2.95,3.35,2.45,2,1.9,1.73,2.08,2.87,3.2,2.55,2.95,3.1,2.5,2.8,3,2.75,2.37,1.57,2.04,1.86
serie-a,2021-2022,21/02/2022,Cagliari,Napoli,1,1,13,7,5,3,3,6,17,22,1,2,0,0,D,0,0,D,6.5,4.33,1.5,6,4.33,1.53,5.75,4.5,1.53,1.66,2.2,2.01,1.89,5.25,3.6,1.7,5.25,3.6,1.71,5.25,3.7,1.7,2.1,1.72,1.91,1.99
serie-a,2021-2022,21/02/2022,Bologna,Spezia,2,1,19,6,7,2,11,0,7,13,1,1,0,0,H,1,1,D,1.8,3.8,4.33,1.78,3.7,4.33,1.8,3.7,4.3,1.9,2,2.05,1.85,1.85,3.6,4.2,1.85,3.5,4.33,1.85,3.55,4.3,2.02,1.88,1.87,2.03
serie-a,2021-2022,25/02/2022,Milan,Udinese,1,1,9,11,3,6,5,4,13,17,2,4,0,0,D,1,0,H,1.5,4,7,1.5,4.1,6.75,1.5,4.4,6.75,1.94,1.96,1.82,2.08,1.45,4.33,7,1.5,4.2,6.75,1.5,4.4,6.5,1.9,2,1.84,2.06
serie-a,2021-2022,25/02/2022,Genoa,Inter,0,0,7,21,1,4,0,14,11,9,2,1,0,0,D,0,0,D,9,5.25,1.33,9.75,5.25,1.32,10,5.25,1.33,1.61,2.3,1.92,1.98,9,5.25,1.33,9.25,5.25,1.33,9,5.25,1.35,1.61,2.3,1.7,2.1
serie-a,2021-2022,26/02/2022,Salernitana,Bologna,1,1,15,8,4,3,6,1,13,25,2,3,0,0,D,0,1,A,3.5,3.4,2.15,3.4,3.4,2.1,3.35,3.35,2.2,1.95,1.95,2.03,1.87,3.3,3.3,2.2,3.25,3.25,2.25,3.3,3.4,2.2,1.95,1.95,1.93,1.97
serie-a,2021-2022,26/02/2022,Empoli,Juventus,2,3,11,12,2,5,7,3,16,8,2,0,0,0,A,1,2,A,5,4,1.65,5.25,4,1.63,5,4.1,1.63,1.72,2.1,2.02,1.88,4.5,3.8,1.72,4.75,3.7,1.73,4.5,4,1.73,1.72,2.1,1.95,1.95
serie-a,2021-2022,26/02/2022,Sassuolo,Fiorentina,2,1,16,15,6,6,6,10,12,12,1,1,0,1,H,1,0,H,2.7,3.6,2.45,2.7,3.6,2.4,2.7,3.55,2.5,1.61,2.3,1.99,1.91,2.62,3.7,2.5,2.65,3.5,2.5,2.65,3.6,2.55,1.57,2.37,1.98,1.92
serie-a,2021-2022,27/02/2022,Torino,Cagliari,1,2,15,11,6,5,4,3,16,20,2,4,0,0,A,0,1,A,1.65,3.8,5.5,1.63,3.6,6.25,1.65,3.85,5.25,2.01,1.89,1.86,2.04,1.72,3.6,5,1.68,3.5,5.75,1.73,3.65,5,2.08,1.82,1.99,1.91
serie-a,2021-2022,27/02/2022,Verona,Venezia,3,1,19,9,11,4,5,5,13,10,0,1,0,0,H,0,0,D,1.53,4,6,1.53,3.9,6.75,1.55,4.4,5.75,1.66,2.2,1.95,1.95,1.66,3.8,5,1.58,3.8,6,1.67,4,4.9,1.72,2.1,1.9,2
serie-a,2021-2022,27/02/2022,Spezia,Roma,0,1,9,31,3,10,1,8,13,11,5,3,1,0,A,0,0,D,4.5,3.6,1.8,4.6,3.6,1.78,4.4,3.8,1.77,1.8,2,1.87,2.03,5,3.6,1.75,5,3.6,1.73,4.7,3.75,1.75,1.94,1.96,1.87,2.03
serie-a,2021-2022,27/02/2022,Lazio,Napoli,1,2,13,15,8,7,1,5,13,14,3,2,0,0,A,0,0,D,2.75,3.4,2.5,2.95,3.4,2.35,2.9,3.3,2.5,1.96,1.94,1.7,2.1,2.8,3.3,2.55,2.8,3.3,2.5,2.85,3.3,2.5,1.9,2,1.7,2.1
serie-a,2021-2022,28/02/2022,Atalanta,Sampdoria,4,0,19,6,9,1,8,1,16,9,1,2,0,0,H,2,0,H,1.44,5,6.5,1.44,4.6,7,1.45,4.7,6.5,1.66,2.2,2.04,1.86,1.36,5,8,1.37,4.8,8.5,1.37,4.8,8.5,1.66,2.2,2.02,1.77
serie-a,2021-2022,04/03/2022,Inter,Salernitana,5,0,23,11,12,3,10,3,11,7,2,1,0,0,H,2,0,H,1.14,7.5,19,1.16,7.75,18.5,1.2,7.25,14,1.44,2.75,2.07,1.83,1.1,8.5,23,1.15,8,19,1.2,7.25,14,1.36,3.2,1.73,2.08
serie-a,2021-2022,05/03/2022,Udinese,Sampdoria,2,1,19,8,5,4,11,4,20,14,5,2,0,0,H,2,1,H,1.9,3.4,4.33,1.9,3.3,4.33,1.9,3.6,4.2,2.03,1.87,1.9,2,1.75,3.6,4.75,1.75,3.7,4.75,1.77,3.7,4.6,1.94,1.96,2.04,1.86
serie-a,2021-2022,05/03/2022,Roma,Atalanta,1,0,13,7,4,4,6,3,18,14,6,4,1,1,H,1,0,H,2.55,3.4,2.7,2.45,3.5,2.7,2.6,3.4,2.7,1.72,2.1,1.9,2,2.55,3.3,2.75,2.55,3.2,2.8,2.6,3.3,2.75,1.8,2,1.83,2.07
serie-a,2021-2022,05/03/2022,Cagliari,Lazio,0,3,16,13,3,5,7,6,10,13,3,2,0,1,A,0,2,A,3.6,3.2,2.1,3.7,3.4,2.05,3.45,3.4,2.15,1.98,1.92,2.07,1.83,3.8,3.5,2,3.9,3.4,1.95,3.9,3.4,2,2.04,1.86,1.84,2.06
serie-a,2021-2022,06/03/2022,Genoa,Empoli,0,0,18,8,7,2,7,2,15,19,4,3,0,0,D,0,0,D,2.5,3.2,2.87,2.5,3.3,2.8,2.5,3.4,2.8,1.88,2.02,1.81,2.09,2.6,3.3,2.7,2.55,3.2,2.85,2.6,3.3,2.75,1.95,1.95,1.91,1.99
serie-a,2021-2022,06/03/2022,Bologna,Torino,0,0,6,13,1,2,5,7,23,16,3,3,0,0,D,0,0,D,2.8,3.2,2.5,2.75,3.1,2.65,2.8,3.25,2.6,2.07,1.83,2.01,1.89,2.75,3.1,2.6,2.95,3,2.6,2.9,3.05,2.65,2.3,1.61,2.01,1.89
serie-a,2021-2022,06/03/2022,Fiorentina,Verona,1,1,8,2,2,2,4,2,15,15,0,4,0,0,D,1,1,D,1.95,3.5,3.6,1.95,3.4,3.9,2,3.7,3.6,1.72,2.1,2.01,1.89,2,3.5,3.8,2,3.5,3.6,2,3.55,3.65,1.8,2,2,1.9
serie-a,2021-2022,06/03/2022,Venezia,Sassuolo,1,4,16,16,5,10,8,6,18,14,4,1,0,0,A,1,3,A,3.25,3.4,2.2,3.3,3.25,2.2,3.15,3.5,2.25,1.66,2.2,1.97,1.93,3.3,3.8,2.05,3.3,3.3,2.2,3.35,3.75,2.05,1.53,2.5,1.82,2.08
serie-a,2021-2022,06/03/2022,Juventus,Spezia,1,0,10,9,3,4,4,4,14,11,3,2,0,0,H,1,0,H,1.22,6.25,13,1.24,6,12.5,1.25,6,12,1.66,2.2,1.99,1.91,1.33,5.5,8.5,1.28,5.75,11,1.3,5.75,11,1.61,2.3,1.96,1.94
serie-a,2021-2022,06/03/2022,Napoli,Milan,0,1,9,12,2,7,6,7,7,15,4,4,0,0,A,0,0,D,2.05,3.3,3.6,2.05,3.3,3.6,2.15,3.35,3.55,2.04,1.86,1.8,2.1,2.05,3.25,3.6,2.1,3.3,3.6,2.15,3.25,3.6,2.04,1.86,1.85,2.05
serie-a,2021-2022,12/03/2022,Salernitana,Sassuolo,2,2,15,20,5,7,5,5,13,15,2,4,0,1,D,1,2,A,3.8,4.2,1.8,3.9,4.1,1.8,3.95,4.1,1.8,1.53,2.5,1.84,2.06,3.6,4,1.9,3.6,4,1.88,3.7,3.95,1.9,1.5,2.62,1.98,1.92
serie-a,2021-2022,12/03/2022,Spezia,Cagliari,2,0,12,11,7,1,8,7,10,17,1,4,0,0,H,0,0,D,2.62,3.3,2.62,2.75,3.1,2.7,2.7,3.25,2.7,2,1.8,1.97,1.93,2.7,3.2,2.62,2.75,3,2.7,2.8,3.1,2.7,2.2,1.66,1.99,1.91
serie-a,2021-2022,12/03/2022,Sampdoria,Juventus,1,3,16,6,5,3,9,0,7,15,0,2,0,0,A,0,2,A,5.5,3.75,1.65,5.75,3.6,1.65,5.25,3.75,1.7,1.97,1.93,2.05,1.85,5,3.6,1.7,5.25,3.5,1.72,4.9,3.65,1.75,2.04,1.86,1.9,2
serie-a,2021-2022,12/03/2022,Milan,Empoli,1,0,15,5,5,2,5,4,6,12,1,0,0,0,H,1,0,H,1.36,5.25,7.5,1.37,5,8,1.37,5.25,7.5,1.53,2.5,2.05,1.85,1.33,5.25,8,1.37,5.25,7.5,1.33,5.75,8.25,1.5,2.62,1.98,1.92
serie-a,2021-2022,13/03/2022,Fiorentina,Bologna,1,0,14,4,5,0,9,1,9,16,1,5,0,1,H,0,0,D,1.61,4,5.5,1.65,4,5,1.63,4.1,5.25,1.72,2.1,1.8,2.1,1.6,4.2,5.25,1.6,4.1,5.25,1.6,3.95,5.75,1.66,2.2,2.02,1.88
serie-a,2021-2022,13/03/2022,Verona,Napoli,1,2,8,13,1,4,3,5,19,9,6,0,2,0,A,0,1,A,3.25,3.6,2.15,3.4,3.6,2.05,3.4,3.5,2.15,1.89,2.01,2.04,1.86,3.4,3.5,2.1,3.4,3.4,2.15,3.45,3.35,2.15,2.02,1.88,2.03,1.87
serie-a,2021-2022,13/03/2022,Atalanta,Genoa,0,0,11,13,2,3,4,3,13,17,2,0,0,0,D,0,0,D,1.33,5.25,9,1.33,5.25,9.5,1.35,5.25,8.75,1.8,2,2.05,1.85,1.33,5.25,8.5,1.35,5.25,8.25,1.33,5.25,9.5,1.66,2.2,1.97,1.93
serie-a,2021-2022,13/03/2022,Udinese,Roma,1,1,11,10,5,2,6,4,16,12,3,2,0,0,D,1,0,H,3.1,3.5,2.25,3.1,3.4,2.25,3.25,3.4,2.25,2,1.9,1.95,1.95,3.1,3.4,2.3,3.1,3.4,2.25,3.1,3.4,2.3,2,1.9,1.86,2.04
serie-a,2021-2022,13/03/2022,Torino,Inter,1,1,13,15,4,7,3,4,15,17,1,5,0,0,D,1,0,H,5.5,3.6,1.66,5.25,3.8,1.65,5,3.95,1.67,1.85,2.05,2.04,1.86,5,3.5,1.75,5.25,3.6,1.7,4.8,3.7,1.75,1.84,2.06,1.93,1.97
serie-a,2021-2022,14/03/2022,Lazio,Venezia,1,0,10,7,1,2,8,4,11,13,1,1,0,0,H,0,0,D,1.33,5.5,8.5,1.34,5.25,8.5,1.33,5.5,8.5,1.57,2.37,1.98,1.92,1.33,5,9,1.33,5.5,8.5,1.33,5.5,8.75,1.57,2.37,1.95,1.95
serie-a,2021-2022,18/03/2022,Sassuolo,Spezia,4,1,16,5,7,1,6,2,14,16,2,3,0,0,H,1,1,D,1.66,4.2,4.75,1.61,4.2,5,1.7,4.1,4.6,1.57,2.37,2.1,1.7,1.8,3.8,4.2,1.77,3.8,4.33,1.8,3.9,4.2,1.66,2.2,2.03,1.87
serie-a,2021-2022,18/03/2022,Genoa,Torino,1,0,7,9,2,3,2,3,12,17,3,3,1,0,H,1,0,H,3.2,3.1,2.4,3.2,3.1,2.37,3.15,3.1,2.45,2.37,1.57,1.85,2.05,3.1,3.2,2.5,3.1,3,2.45,3.1,3.05,2.5,2.5,1.53,1.75,2.17
serie-a,2021-2022,19/03/2022,Napoli,Udinese,2,1,20,10,8,3,7,4,10,12,2,2,0,1,H,0,1,A,1.44,4.5,7,1.46,4.4,7.25,1.47,4.5,6.75,1.8,2,2.02,1.77,1.53,4.2,6,1.55,4.1,6,1.57,4.2,5.75,1.84,2.06,1.92,1.98
serie-a,2021-2022,19/03/2022,Inter,Fiorentina,1,1,13,17,5,4,5,3,14,12,1,2,0,0,D,0,0,D,1.5,4.5,6.5,1.5,4.5,6,1.53,4.6,5.75,1.61,2.3,1.77,2.02,1.45,4.33,6.5,1.49,4.4,6.25,1.5,4.7,6.25,1.61,2.3,2.06,1.84
serie-a,2021-2022,19/03/2022,Cagliari,Milan,0,1,13,21,1,5,6,5,13,14,1,0,0,0,A,0,0,D,5.25,4,1.6,5.25,3.9,1.63,5.5,4.1,1.63,1.92,1.98,1.81,2.09,5,4,1.65,5.25,3.8,1.66,5.25,3.9,1.67,1.95,1.95,1.7,2.1
serie-a,2021-2022,20/03/2022,Venezia,Sampdoria,0,2,13,8,1,4,3,4,28,17,5,1,1,0,A,0,2,A,2.62,3.3,2.7,2.5,3.4,2.7,2.65,3.35,2.65,1.92,1.98,1.96,1.94,2.6,3.4,2.7,2.65,3.2,2.7,2.65,3.25,2.75,1.96,1.94,1.92,1.98
serie-a,2021-2022,20/03/2022,Empoli,Verona,1,1,7,14,2,4,3,7,17,13,2,3,0,0,D,1,0,H,2.62,3.5,2.55,3.1,3.3,2.3,2.65,3.45,2.6,1.72,2.1,1.98,1.92,2.55,3.5,2.62,2.6,3.4,2.65,2.65,3.45,2.65,1.66,2.2,1.93,1.97
serie-a,2021-2022,20/03/2022,Juventus,Salernitana,2,0,12,12,7,4,5,5,10,13,3,2,0,0,H,2,0,H,1.2,7,13,1.2,7.25,13.5,1.22,6.5,14,1.61,2.3,1.88,2.02,1.2,7,12,1.22,6.5,13.5,1.22,6.5,14,1.57,2.37,1.87,2.03
serie-a,2021-2022,20/03/2022,Roma,Lazio,3,0,11,9,5,3,6,3,16,12,4,3,0,0,H,3,0,H,2.55,3.4,2.75,2.45,3.3,2.85,2.55,3.4,2.75,1.92,1.98,1.88,2.02,2.62,3.2,2.75,2.65,3.1,2.8,2.65,3.15,2.8,2.1,1.72,1.9,2
serie-a,2021-2022,20/03/2022,Bologna,Atalanta,0,1,12,15,3,2,6,3,9,12,0,1,0,0,A,0,0,D,4.5,3.6,1.8,4.4,3.7,1.8,4.2,3.8,1.83,1.86,2.04,1.77,2.02,4.2,3.5,1.85,4.1,3.5,1.9,3.9,3.5,1.95,2.04,1.86,2,1.9
serie-a,2021-2022,02/04/2022,Spezia,Venezia,1,0,11,13,5,2,5,2,15,12,3,1,0,0,H,0,0,D,2.1,3.4,3.5,2.1,3.25,3.6,2.15,3.35,3.55,2.08,1.82,1.82,2.08,2.1,3.4,3.4,2.2,3.2,3.5,2.2,3.2,3.5,2.1,1.72,1.9,2
serie-a,2021-2022,02/04/2022,Lazio,Sassuolo,2,1,14,20,5,5,4,3,11,8,1,3,0,0,H,1,0,H,1.72,4.2,4.2,1.73,4.1,4.2,1.75,4.2,4.2,1.5,2.62,1.96,1.94,1.5,4.75,5.5,1.6,4.4,4.8,1.6,4.1,5.5,1.4,3,1.77,2.02
serie-a,2021-2022,02/04/2022,Salernitana,Torino,0,1,14,8,3,5,9,2,15,21,5,4,1,0,A,0,1,A,4,3.6,1.9,4.2,3.4,1.9,4.2,3.55,1.9,2.07,1.83,1.99,1.91,3.4,3.4,2.15,3.5,3.25,2.15,3.55,3.3,2.15,2.1,1.72,2.03,1.87
serie-a,2021-2022,03/04/2022,Fiorentina,Empoli,1,0,24,5,11,1,5,0,10,20,1,3,0,1,H,0,0,D,1.55,4.33,5.5,1.55,4.4,5.5,1.55,4.5,5.5,1.57,2.37,1.89,2.01,1.57,4.2,5.5,1.58,4.2,5.5,1.57,4.3,5.5,1.61,2.3,2,1.9
serie-a,2021-2022,03/04/2022,Atalanta,Napoli,1,3,19,6,3,5,9,1,15,11,2,3,0,0,A,0,2,A,2.4,3.3,3,2.35,3.4,2.9,2.4,3.3,3.05,1.94,1.96,2.07,1.83,2.2,3.3,3.3,2.2,3.3,3.25,2.25,3.3,3.25,1.9,2,1.88,2.02
serie-a,2021-2022,03/04/2022,Udinese,Cagliari,5,1,24,6,11,3,2,2,19,15,2,4,0,1,H,2,1,H,1.8,3.5,4.75,1.8,3.5,4.6,1.83,3.55,4.5,2,1.8,1.84,2.06,1.95,3.4,4.2,1.95,3.3,4.2,1.95,3.35,4.1,2.1,1.72,1.96,1.94
serie-a,2021-2022,03/04/2022,Sampdoria,Roma,0,1,8,6,3,1,4,4,15,13,2,3,0,0,A,0,1,A,4,3.8,1.85,4,3.6,1.88,4,3.65,1.9,1.91,1.99,1.99,1.91,4.5,3.8,1.72,4.4,3.75,1.77,4.5,3.8,1.77,1.85,2.05,1.9,2
serie-a,2021-2022,03/04/2022,Juventus,Inter,0,1,23,5,5,1,8,1,9,19,4,4,0,0,A,0,1,A,2.8,3.4,2.5,2.8,3.3,2.5,2.7,3.25,2.7,2.04,1.86,2.05,1.85,2.9,3.2,2.45,2.95,3.2,2.45,2.9,3.2,2.55,2.05,1.85,1.76,2.15
serie-a,2021-2022,04/04/2022,Verona,Genoa,1,0,7,7,3,4,2,5,16,15,4,3,0,0,H,1,0,H,1.83,3.4,4.75,1.8,3.4,4.75,1.85,3.5,4.5,2,1.8,1.85,2.05,1.75,3.5,4.75,1.78,3.5,4.6,1.8,3.55,4.6,2,1.9,2.03,1.87
serie-a,2021-2022,04/04/2022,Milan,Bologna,0,0,33,8,7,4,9,2,10,7,0,2,0,0,D,0,0,D,1.4,4.5,8.5,1.39,4.75,8.25,1.4,4.9,8,1.72,2.1,1.86,2.04,1.3,5.25,9.5,1.34,5,9,1.35,5,9.5,1.66,2.2,1.95,1.95
serie-a,2021-2022,09/04/2022,Empoli,Spezia,0,0,15,11,4,5,5,4,11,18,2,2,0,0,D,0,0,D,2,3.5,3.8,1.98,3.6,3.7,2,3.45,3.85,1.87,2.03,2.02,1.88,1.83,3.75,4.2,1.88,3.5,4.2,1.9,3.45,4.3,1.86,2.04,1.85,2.05
serie-a,2021-2022,09/04/2022,Inter,Verona,2,0,18,9,6,3,10,2,10,7,2,0,0,0,H,2,0,H,1.36,5.25,8,1.38,5,7.75,1.37,5.25,7.75,1.57,2.37,2.04,1.86,1.4,5,7,1.42,4.75,7.25,1.4,5.25,7.5,1.61,2.3,1.91,1.99
serie-a,2021-2022,09/04/2022,Cagliari,Juventus,1,2,4,20,1,6,1,4,19,10,1,0,0,0,A,1,1,D,6,4,1.6,5.5,3.8,1.63,5.75,3.95,1.6,2.05,1.85,1.83,2.07,6,4,1.57,6,3.9,1.58,6.25,3.9,1.57,1.99,1.91,1.83,2.07
serie-a,2021-2022,10/04/2022,Genoa,Lazio,1,4,15,17,4,11,3,6,7,8,0,1,0,0,A,0,2,A,4.2,3.5,1.9,4.1,3.5,1.88,4.1,3.55,1.9,2.02,1.88,1.97,1.93,3.6,3.25,2.1,3.7,3.3,2.05,3.65,3.35,2.1,2.1,1.72,1.73,2.08
serie-a,2021-2022,10/04/2022,Napoli,Fiorentina,2,3,15,11,3,4,3,2,10,17,0,3,0,0,A,0,1,A,1.75,3.8,4.5,1.75,3.8,4.4,1.75,3.85,4.5,1.85,2.05,2,1.9,1.75,3.8,4.33,1.77,3.7,4.4,1.8,3.8,4.3,1.72,2.1,2.06,1.84
serie-a,2021-2022,10/04/2022,Sassuolo,Atalanta,2,1,14,15,7,4,8,8,18,14,2,1,0,0,H,1,0,H,3.3,3.75,2.1,3.4,3.7,2.05,3.3,3.75,2.1,1.53,2.5,2.06,1.84,3,4,2.15,2.95,3.8,2.2,2.95,3.85,2.2,1.4,3,1.97,1.93
serie-a,2021-2022,10/04/2022,Venezia,Udinese,1,2,9,16,4,5,7,11,15,11,7,2,0,0,A,0,1,A,3.5,3.3,2.15,3.25,3.3,2.2,3.4,3.35,2.2,2.1,1.72,2.01,1.89,3.6,3.4,2,3.8,3.4,1.98,3.8,3.4,2.05,2,1.9,1.83,2.07
serie-a,2021-2022,10/04/2022,Roma,Salernitana,2,1,17,6,7,3,9,2,16,23,5,8,0,0,H,0,1,A,1.28,5.75,11,1.27,6,10.5,1.3,5.75,10,1.61,2.3,1.86,2.04,1.33,5.25,8.5,1.34,5.25,8.75,1.3,5.5,9.5,1.61,2.3,2.04,1.86
serie-a,2021-2022,10/04/2022,Torino,Milan,0,0,14,14,3,3,6,5,18,6,2,2,0,0,D,0,0,D,4.2,3.5,1.9,4.1,3.4,1.93,4.2,3.5,1.9,2.1,1.72,1.98,1.92,4.75,3.75,1.8,4.4,3.6,1.8,4.3,3.45,1.9,1.99,1.91,1.86,2.04
serie-a,2021-2022,11/04/2022,Bologna,Sampdoria,2,0,19,9,4,2,6,0,11,11,1,2,0,0,H,0,0,D,2.1,3.5,3.5,2.1,3.4,3.5,2.2,3.35,3.4,2.1,1.72,1.88,2.02,2.3,3.2,3.1,2.37,3.2,3.1,2.35,3.2,3.2,2,1.8,2.06,1.84
serie-a,2021-2022,15/04/2022,Spezia,Inter,1,3,10,23,2,7,6,7,9,11,2,0,0,0,A,0,1,A,9.5,5.5,1.3,9.75,5.5,1.3,8.5,5.5,1.33,1.61,2.3,1.98,1.92,9,5.5,1.28,10,5.75,1.29,10,5.5,1.3,1.57,2.37,1.8,2
serie-a,2021-2022,15/04/2022,Milan,Genoa,2,0,10,7,5,1,3,1,10,19,1,2,0,0,H,1,0,H,1.33,5,11,1.33,5,10,1.33,5.25,10,1.8,2,2,1.9,1.36,5,8.5,1.38,4.8,8.5,1.37,4.9,8.5,1.84,2.06,1.87,2.03
serie-a,2021-2022,16/04/2022,Cagliari,Sassuolo,1,0,16,8,8,2,3,3,15,11,2,2,0,0,H,1,0,H,2.87,3.6,2.37,2.85,3.5,2.35,2.8,3.65,2.35,1.57,2.37,1.82,2.08,2.45,3.6,2.62,2.5,3.5,2.7,2.6,3.55,2.65,1.57,2.37,1.86,2.04
serie-a,2021-2022,16/04/2022,Sampdoria,Salernitana,1,2,5,7,1,2,5,2,18,23,1,7,0,0,A,1,2,A,1.83,3.75,4.2,1.8,3.7,4.2,1.83,3.75,4.1,1.87,2.03,1.84,2.06,1.72,3.6,4.75,1.73,3.75,4.6,1.83,3.6,4.4,2,1.9,2.09,1.81
serie-a,2021-2022,16/04/2022,Udinese,Empoli,4,1,13,15,5,4,4,7,18,13,1,4,0,0,H,1,0,H,1.8,3.75,4.5,1.83,3.6,4.2,1.83,3.45,4.6,1.8,2,2.04,1.86,1.61,4,5.25,1.58,4.1,5.5,1.6,3.8,6,1.66,2.2,2.04,1.86
serie-a,2021-2022,16/04/2022,Fiorentina,Venezia,1,0,22,3,6,1,5,0,15,17,4,4,0,0,H,1,0,H,1.36,5,8.5,1.36,5,8.75,1.37,5.25,8.25,1.66,2.2,2.05,1.85,1.36,5.25,8.5,1.38,5,8,1.37,5.25,7.75,1.57,2.37,2.02,1.88
serie-a,2021-2022,16/04/2022,Juventus,Bologna,1,1,23,9,4,2,4,5,11,11,1,5,0,2,D,0,0,D,1.33,5,10,1.35,4.8,9.25,1.35,5,9,1.86,2.04,2,1.8,1.33,5.25,8.5,1.35,5,9,1.35,5.25,8.75,1.72,2.1,2.03,1.87
serie-a,2021-2022,16/04/2022,Lazio,Torino,1,1,10,12,4,4,9,7,10,12,1,2,0,0,D,0,0,D,1.65,3.8,5.5,1.62,3.75,5.75,1.63,3.9,5.5,2.04,1.86,1.81,2.09,1.61,4,5.25,1.65,3.9,5.25,1.67,3.85,5.25,1.92,1.98,1.83,2.07
serie-a,2021-2022,18/04/2022,Napoli,Roma,1,1,9,8,4,6,5,5,21,12,4,2,0,0,D,1,0,H,1.9,3.6,4,1.9,3.7,3.8,1.9,3.65,4,1.88,2.02,1.91,1.99,1.95,3.6,3.75,2,3.4,3.7,2.05,3.5,3.6,1.9,2,2.04,1.86
serie-a,2021-2022,18/04/2022,Atalanta,Verona,1,2,17,21,4,6,10,1,13,13,3,3,0,0,A,0,1,A,1.65,4.1,5,1.63,4.1,5,1.63,4.2,5.25,1.66,2.2,2.08,1.73,1.61,4,5,1.62,4,5.25,1.63,4.1,5.25,1.72,2.1,1.86,2.04
serie-a,2021-2022,20/04/2022,Udinese,Salernitana,0,1,11,9,3,2,9,3,20,13,3,5,0,0,A,0,0,D,1.5,4.5,6,1.51,4.2,6.25,1.5,4.5,6.25,1.72,2.1,1.88,2.05,1.65,4,5,1.65,3.8,5.25,1.65,3.9,5.25,1.97,1.93,1.88,2.05
serie-a,2021-2022,23/04/2022,Torino,Spezia,2,1,14,7,6,2,5,6,9,13,1,2,0,0,H,1,0,H,1.66,3.6,5.5,1.68,3.75,5,1.67,3.8,5.25,2.04,1.86,1.91,1.99,1.57,3.75,6.5,1.66,3.8,5.25,1.65,3.85,5.5,2.02,1.88,1.79,2.11
serie-a,2021-2022,23/04/2022,Venezia,Atalanta,1,3,8,19,2,5,0,7,12,13,0,3,0,0,A,0,1,A,6.5,4.33,1.5,6.5,4.4,1.49,6.25,4.6,1.5,1.66,2.2,2.08,1.82,7.5,4.75,1.44,7,4.75,1.43,6.75,4.8,1.43,1.53,2.5,1.73,2.08
serie-a,2021-2022,23/04/2022,Inter,Roma,3,1,11,9,8,2,4,3,11,13,2,2,0,0,H,2,0,H,1.61,4,5.5,1.65,4,5,1.63,4.1,5.25,1.72,2.1,2.02,1.77,1.6,4,5.25,1.66,4,4.8,1.63,4.1,5.25,1.66,2.2,1.82,2.08
serie-a,2021-2022,23/04/2022,Verona,Sampdoria,1,1,12,4,1,3,4,5,15,15,1,3,0,0,D,0,1,A,1.75,3.75,4.6,1.75,3.7,4.6,1.77,3.8,4.5,1.87,2.03,2.03,1.87,1.65,3.8,5.25,1.65,3.9,5,1.63,4,5.25,1.8,2,1.9,2
serie-a,2021-2022,24/04/2022,Salernitana,Fiorentina,2,1,10,8,4,3,6,4,15,12,1,1,0,0,H,1,0,H,5.5,3.8,1.66,5.25,3.9,1.65,5.25,4,1.65,1.72,2.1,1.75,2.05,4.5,3.6,1.8,4.33,3.5,1.85,4.6,3.65,1.8,1.98,1.92,2.03,1.87
serie-a,2021-2022,24/04/2022,Bologna,Udinese,2,2,10,17,3,5,2,4,9,22,2,2,0,0,D,1,1,D,2.8,3.25,2.6,2.8,3.3,2.5,2.85,3.3,2.55,1.98,1.92,2.07,1.83,3.4,3.4,2.15,3.2,3.4,2.2,3.2,3.45,2.25,1.8,2,2.01,1.89
serie-a,2021-2022,24/04/2022,Empoli,Napoli,3,2,17,16,7,2,10,7,14,9,4,1,0,0,H,0,1,A,5.5,4,1.6,5.25,4,1.63,5.25,4.3,1.6,1.61,2.3,1.86,2.04,4.5,4.2,1.66,4.5,4.2,1.68,4.5,4.3,1.7,1.5,2.62,2,1.9
serie-a,2021-2022,24/04/2022,Genoa,Cagliari,1,0,13,11,2,1,2,3,21,18,3,2,0,0,H,0,0,D,2.2,3.25,3.5,2.2,3.2,3.5,2.25,3.2,3.45,2.2,1.66,1.94,1.96,2.05,3.3,3.75,2.05,3.25,3.75,2.05,3.3,3.8,2.1,1.72,1.77,2.02
serie-a,2021-2022,24/04/2022,Lazio,Milan,1,2,7,25,2,8,2,8,13,15,3,4,0,0,A,1,0,H,2.9,3.4,2.45,2.87,3.3,2.4,2.9,3.4,2.45,1.91,1.99,1.79,2.11,3,3.5,2.3,3.1,3.3,2.3,3.05,3.35,2.35,1.92,1.98,1.85,2.05
serie-a,2021-2022,25/04/2022,Sassuolo,Juventus,1,2,22,10,7,5,6,4,15,8,2,2,0,0,A,1,1,D,4.2,3.9,1.8,4.1,3.8,1.8,4.2,3.85,1.8,1.66,2.2,1.85,2.05,4.33,4,1.72,4,3.9,1.8,4.3,3.9,1.77,1.57,2.37,1.93,1.97
serie-a,2021-2022,27/04/2022,Fiorentina,Udinese,0,4,18,17,7,8,14,2,12,22,3,4,0,0,A,0,2,A,1.7,4,4.75,1.7,3.9,4.75,1.7,3.95,4.7,1.72,2.1,1.91,1.99,1.6,4,5.25,1.65,3.9,5.25,1.63,4,5.25,1.8,2,1.8,2.1
serie-a,2021-2022,27/04/2022,Atalanta,Torino,4,4,16,5,5,4,8,0,12,11,2,2,0,0,D,2,2,D,1.6,4,5.75,1.6,4.2,5.25,1.6,4.2,5.5,1.8,2,2.04,1.86,1.5,4.33,6.5,1.52,4.33,6,1.53,4.4,6,1.72,2.1,1.91,1.99
serie-a,2021-2022,27/04/2022,Bologna,Inter,2,1,5,26,3,7,0,7,11,9,1,3,0,0,H,1,1,D,7,5,1.4,7.25,4.8,1.41,7.25,5.25,1.4,1.57,2.37,2.03,1.87,7.5,5.5,1.33,8,5.5,1.35,8.25,5.75,1.33,1.5,2.62,1.94,1.96
serie-a,2021-2022,30/04/2022,Cagliari,Verona,1,2,14,13,5,4,2,2,16,17,2,4,0,0,A,0,2,A,2.45,3.6,2.75,2.5,3.3,2.8,2.5,3.4,2.8,2.02,1.88,1.84,2.06,2.45,3.3,2.87,2.55,3.2,2.8,2.55,3.2,2.9,2.1,1.72,1.8,2.1
serie-a,2021-2022,30/04/2022,Napoli,Sassuolo,6,1,18,13,8,4,4,3,10,9,0,3,0,0,H,4,0,H,1.45,4.75,6.5,1.46,4.8,6,1.47,5,5.75,1.4,3,1.99,1.91,1.36,5.25,7,1.37,5.5,7.25,1.37,5.25,7.5,1.33,3.4,1.94,1.96
serie-a,2021-2022,30/04/2022,Sampdoria,Genoa,1,0,10,14,2,4,1,2,13,23,3,1,0,0,H,1,0,H,2.75,3.25,2.62,2.7,3.1,2.75,2.75,3.15,2.7,2.2,1.66,1.96,1.94,2.8,3,2.7,2.85,2.9,2.75,,,,2.5,1.53,2.04,1.86
serie-a,2021-2022,30/04/2022,Spezia,Lazio,3,4,9,22,3,9,4,5,15,10,3,1,0,0,A,2,1,H,5.5,3.75,1.65,5,3.9,1.68,4.9,4,1.67,1.8,2,2.03,1.87,7,4.75,1.45,6.25,4.5,1.49,,,,1.57,2.37,2.1,1.7
serie-a,2021-2022,01/05/2022,Juventus,Venezia,2,1,17,9,4,3,8,4,17,12,3,3,0,0,H,1,0,H,1.2,6.5,15,1.22,6.5,13,1.2,6.75,15,1.53,2.5,2.06,1.84,1.28,5.75,9.5,1.27,5.75,10.5,,,,1.61,2.3,2.07,1.83
serie-a,2021-2022,01/05/2022,Empoli,Torino,1,3,11,13,4,3,5,4,14,11,5,2,2,0,A,0,0,D,2.7,3.4,2.55,2.65,3.4,2.55,2.75,3.4,2.55,1.83,2.07,2.04,1.86,2.75,3.4,2.45,2.75,3.4,2.45,,,,1.66,2.2,1.7,2.1
serie-a,2021-2022,01/05/2022,Milan,Fiorentina,1,0,13,8,2,2,2,2,17,17,1,3,0,0,H,0,0,D,1.61,4,5.5,1.66,3.6,5.75,1.65,4.1,5.25,1.72,2.1,2.05,1.75,1.53,4.33,5.75,1.57,4.2,5.5,,,,1.61,2.3,1.9,2
serie-a,2021-2022,01/05/2022,Udinese,Inter,1,2,7,12,3,5,5,11,12,10,2,1,0,0,A,0,2,A,6,4.2,1.55,5.75,4.1,1.55,6,4.3,1.53,1.66,2.2,1.97,1.93,5.75,4.75,1.5,6,4.6,1.47,6.5,4.7,1.45,1.53,2.5,1.83,2.07
serie-a,2021-2022,01/05/2022,Roma,Bologna,0,0,17,10,5,4,10,5,10,9,0,1,0,0,D,0,0,D,1.5,4.5,6,1.44,4.6,6.75,1.5,4.6,6.25,1.66,2.2,2.09,1.81,1.5,4.5,6,1.47,4.33,7,1.5,4.4,6.5,1.81,2.09,1.86,2.04
serie-a,2021-2022,02/05/2022,Atalanta,Salernitana,1,1,20,11,5,9,11,4,13,9,3,2,0,0,D,0,1,A,1.25,6.5,9.5,1.26,6,11.5,1.27,6.25,10,1.5,2.62,2,1.9,1.28,6,9,1.28,6,9.75,1.3,5.75,9.5,1.44,2.75,2,1.9
serie-a,2021-2022,05/05/2022,Salernitana,Venezia,2,1,19,10,4,4,6,4,12,17,2,7,0,1,H,1,0,H,1.75,3.6,4.5,1.82,3.6,4.33,1.83,3.75,4.3,1.9,2,2.05,1.85,1.95,3.5,3.9,1.95,3.4,3.9,2,3.4,3.9,2.1,1.72,2.01,1.89
serie-a,2021-2022,06/05/2022,Inter,Empoli,4,2,37,4,10,2,15,2,10,9,1,0,0,0,H,2,2,D,1.14,9,15,1.15,9,16,1.15,8.5,16,1.28,3.75,2.05,1.75,1.14,8.5,15,1.14,9.5,17,1.15,8.75,16,1.25,4,2.03,1.87
serie-a,2021-2022,06/05/2022,Genoa,Juventus,2,1,18,12,6,4,9,2,13,15,2,3,0,0,H,0,0,D,3.75,3.3,2.05,3.8,3.1,2.05,3.9,3.2,2.1,2.5,1.53,2.05,1.75,3.5,3.5,2.1,3.6,3.2,2.1,3.4,3.3,2.2,2.1,1.72,2.07,1.83
serie-a,2021-2022,07/05/2022,Torino,Napoli,0,1,10,11,3,6,6,4,18,11,2,3,0,0,A,0,0,D,3.6,3.5,2.05,3.5,3.5,2.05,3.5,3.55,2.05,1.8,2,1.83,2.07,3.3,3.4,2.15,3.5,3.5,2.05,3.25,3.45,2.2,1.96,1.94,1.98,1.92
serie-a,2021-2022,07/05/2022,Sassuolo,Udinese,1,1,15,13,6,6,6,9,10,18,2,2,0,0,D,1,0,H,2.3,3.6,2.87,2.3,3.7,2.8,2.35,3.45,3,1.5,2.62,2.07,1.83,2.4,3.6,2.75,2.4,3.7,2.7,2.4,3.45,2.9,1.44,2.75,1.83,2.07
serie-a,2021-2022,07/05/2022,Lazio,Sampdoria,2,0,16,9,10,2,6,0,9,9,1,1,0,0,H,1,0,H,1.44,4.75,6.5,1.47,4.75,6.25,1.47,4.7,6.25,1.61,2.3,2.03,1.87,1.44,4.5,7.5,1.44,4.6,6.75,1.45,4.7,6.5,1.66,2.2,1.98,1.92
serie-a,2021-2022,08/05/2022,Spezia,Atalanta,1,3,5,17,1,6,0,3,10,12,2,3,0,0,A,1,1,D,6.5,4.75,1.45,5.75,4.6,1.49,6,4.8,1.47,1.53,2.5,1.86,2.04,6.5,4.75,1.44,6.5,4.8,1.44,6.5,5,1.43,1.5,2.62,1.96,1.94
serie-a,2021-2022,08/05/2022,Venezia,Bologna,4,3,18,23,9,10,4,8,10,13,2,4,0,0,H,2,1,H,2.87,3.5,2.35,2.95,3.5,2.3,2.95,3.45,2.35,1.87,2.03,1.82,2.08,3.1,3.5,2.25,3.1,3.4,2.25,3.1,3.4,2.3,1.86,2.04,1.87,2.03
serie-a,2021-2022,08/05/2022,Salernitana,Cagliari,1,1,13,9,2,3,7,6,12,17,5,2,1,1,D,0,0,D,2.37,3.4,3,2.45,3.4,2.8,2.4,3.3,3,2.04,1.86,2.06,1.84,2.37,3,3.25,2.4,3,3.2,2.45,3,3.2,2.5,1.53,2.07,1.83
serie-a,2021-2022,08/05/2022,Verona,Milan,1,3,10,18,3,8,5,8,15,7,2,1,0,0,A,1,1,D,4.33,4.2,1.7,4.2,3.9,1.78,4.5,3.9,1.75,1.72,2.1,1.91,1.99,4.75,4,1.65,5,3.9,1.66,5.25,3.95,1.67,1.9,2,2.03,1.87
serie-a,2021-2022,09/05/2022,Fiorentina,Roma,2,0,12,6,7,1,5,3,16,11,3,1,0,0,H,2,0,H,2.37,3.3,3,2.4,3.3,2.9,2.4,3.35,3,1.91,1.99,2.04,1.86,2.6,3.4,2.62,2.7,3.2,2.6,2.75,3.2,2.65,2.1,1.8,1.95,1.95
serie-a,2021-2022,14/05/2022,Empoli,Salernitana,1,1,16,28,6,9,3,11,18,8,2,2,0,0,D,1,0,H,3.1,3.75,2.1,3.1,3.75,2.05,3.35,3.75,2.05,1.57,2.37,1.99,1.91,2.87,3.6,2.3,2.9,3.5,2.3,3.1,3.55,2.25,1.57,2.37,1.83,2.07
serie-a,2021-2022,14/05/2022,Udinese,Spezia,2,3,17,10,6,6,4,2,19,10,3,2,0,0,A,1,2,A,1.83,3.9,4,1.83,3.8,4,1.9,3.85,3.8,1.66,2.2,1.85,2.05,1.65,4,5.25,1.66,4,4.8,1.7,4.1,4.6,1.61,2.3,1.87,2.03
serie-a,2021-2022,14/05/2022,Verona,Torino,0,1,10,11,5,5,4,4,17,18,4,2,0,0,A,0,1,A,2.3,3.5,3,2.25,3.5,3,2.35,3.35,3.05,1.8,2,2,1.9,1.95,3.5,4,1.95,3.5,3.9,2,3.35,3.9,1.97,1.93,1.95,1.95
serie-a,2021-2022,14/05/2022,Roma,Venezia,1,1,46,4,16,2,20,2,11,14,2,5,0,1,D,0,1,A,1.25,6.5,11,1.25,6.25,11,1.25,6.5,11,1.4,3,1.85,2.05,1.3,5.75,9,1.29,5.75,9.75,1.3,5.75,9.5,1.57,2.37,1.87,2.03
serie-a,2021-2022,15/05/2022,Bologna,Sassuolo,1,3,8,16,2,7,4,9,9,10,0,1,0,0,A,0,1,A,2.4,3.8,2.62,2.5,3.7,2.55,2.45,3.8,2.65,1.44,2.75,1.87,2.03,2.3,4,2.7,2.35,3.9,2.7,2.4,3.9,2.65,1.33,3.4,1.86,2.04
serie-a,2021-2022,15/05/2022,Napoli,Genoa,3,0,17,11,9,3,9,2,13,15,1,1,0,0,H,1,0,H,1.8,4,3.8,1.83,3.8,4,1.83,3.85,4.1,1.72,2.1,2.02,1.77,1.65,4.5,4.5,1.65,4.2,4.75,1.73,4.2,4.3,1.57,2.37,2.02,1.77
serie-a,2021-2022,15/05/2022,Milan,Atalanta,2,0,12,12,6,2,4,6,8,14,3,2,0,0,H,0,0,D,1.75,4.2,4.2,1.75,4,4.2,1.75,4.1,4.3,1.57,2.37,2.03,1.87,1.83,3.6,4.33,1.87,3.6,4,1.85,3.75,4.1,1.9,1.9,1.86,2.04
serie-a,2021-2022,15/05/2022,Cagliari,Inter,1,3,10,17,2,7,2,5,12,15,0,2,0,0,A,0,1,A,7,5.25,1.4,7.5,5,1.39,8.5,5.25,1.35,1.5,2.62,2.02,1.77,8,5.25,1.33,8.25,5.5,1.34,8,5.5,1.35,1.57,2.37,1.91,1.99
serie-a,2021-2022,16/05/2022,Sampdoria,Fiorentina,4,1,12,12,5,1,4,5,18,9,2,3,1,0,H,2,0,H,3.75,3.8,1.9,3.7,3.6,1.95,3.95,3.65,1.9,1.72,2.1,1.96,1.94,6,4.2,1.55,6.25,4.2,1.53,5.75,4.3,1.55,1.72,2.1,2,1.9
serie-a,2021-2022,16/05/2022,Juventus,Lazio,2,2,4,18,2,7,0,9,16,13,3,3,0,0,D,2,0,H,2.25,3.6,2.9,2.25,3.5,3,2.4,3.4,2.95,1.72,2.1,2.02,1.88,2,3.6,3.5,2.05,3.5,3.5,2.25,3.4,3.3,1.8,2,1.73,2.08
serie-a,2021-2022,20/05/2022,Torino,Roma,0,3,13,14,2,6,5,6,10,10,2,2,0,0,A,0,2,A,3.3,3.6,2.1,3.4,3.5,2.05,3.4,3.55,2.1,1.72,2.1,2.07,1.83,3.5,3.75,2,3.4,3.5,2.05,3.5,3.55,2.05,1.72,2.1,1.84,2.06
serie-a,2021-2022,21/05/2022,Genoa,Bologna,0,1,18,11,5,4,9,9,17,10,3,1,0,0,A,0,0,D,2.25,3.6,3,2.3,3.5,3,2.3,3.55,3,1.66,2.2,2.01,1.89,1.8,4,4,1.82,3.9,4,1.8,4,4,1.53,2.5,1.78,2.13
serie-a,2021-2022,21/05/2022,Atalanta,Empoli,0,1,40,7,10,3,15,2,6,7,1,1,0,0,A,0,0,D,1.22,7,11,1.23,7,11,1.22,7.25,11,1.25,4,1.93,1.97,1.18,8,12,1.19,8,13,1.2,7.75,13,1.28,3.75,2.01,1.89
serie-a,2021-2022,21/05/2022,Fiorentina,Juventus,2,0,13,1,4,0,6,2,13,14,3,3,0,0,H,1,0,H,1.8,3.8,4.2,1.82,3.75,4.2,1.8,3.9,4.2,1.66,2.2,2.04,1.86,1.75,4,4.33,1.85,3.6,4.2,1.8,3.75,4.3,1.85,2.05,1.84,2.06
serie-a,2021-2022,21/05/2022,Lazio,Verona,3,3,19,10,7,7,6,4,9,19,2,6,0,0,D,2,2,D,1.75,4,4.33,1.73,4,4.33,1.77,3.7,4.7,1.53,2.5,2.02,1.88,1.85,3.8,4,1.9,3.7,3.8,1.9,3.6,4,1.66,2.2,1.91,1.99
serie-a,2021-2022,22/05/2022,Spezia,Napoli,0,3,16,10,4,4,4,2,10,9,1,2,0,0,A,0,3,A,5.75,4.5,1.53,5.5,4.5,1.55,5.5,4.7,1.53,1.44,2.75,2.05,1.85,4.5,4,1.7,4.5,4.1,1.7,4.3,4.2,1.73,1.53,2.5,1.97,1.93
serie-a,2021-2022,22/05/2022,Inter,Sampdoria,3,0,27,9,12,3,8,2,6,12,1,2,0,0,H,0,0,D,1.14,8,19,1.14,8.25,21,1.15,8.5,17,1.28,3.75,2,1.9,1.14,9,15,1.13,9,19,1.15,8,17,1.28,3.75,2.02,1.88
serie-a,2021-2022,22/05/2022,Sassuolo,Milan,0,3,15,18,3,12,3,7,8,13,2,1,0,0,A,0,3,A,6.5,4.75,1.45,6,4.8,1.47,7.75,4.2,1.47,1.5,2.62,1.9,2,7,5,1.4,6.75,4.8,1.43,7.5,4.8,1.43,1.5,2.62,2.04,1.86
serie-a,2021-2022,22/05/2022,Salernitana,Udinese,0,4,25,19,10,11,7,1,11,12,1,1,0,0,A,0,3,A,1.7,4,4.75,1.71,4,4.5,1.63,4.2,4.9,1.61,2.3,1.93,1.97,1.9,4,3.6,1.9,3.75,3.75,1.83,3.95,4,1.57,2.37,1.89,2.01
serie-a,2021-2022,22/05/2022,Venezia,Cagliari,0,0,7,31,1,7,6,11,6,19,0,3,0,0,D,0,0,D,4.5,3.8,1.72,4.75,3.9,1.7,4.6,3.95,1.73,1.72,2.1,1.96,1.94,5.25,4.2,1.57,5.25,4,1.63,5.25,4.1,1.63,1.66,2.2,1.87,2.03
