tour,market,feature,gain,splits
ATP,aces,incumbent_aces,233002.5476899147,565
ATP,aces,player_ace_rate_blend,35378.642867565155,78
ATP,aces,player_career4y_ace_rate,20824.150097846985,127
ATP,aces,player_height,17765.68235564232,551
ATP,aces,opponent_aces_allowed_blend,14878.074798107147,501
ATP,aces,opponent_career4y_aces_allowed_rate,11761.919622659683,287
ATP,aces,player_l24m_ace_rate,11317.62481212616,137
ATP,aces,opponent_l24m_aces_allowed_rate,10316.742380142212,258
ATP,aces,venue_df_factor,7989.603057861328,471
ATP,aces,player_career4y_first_win_pct,6623.458495855331,187
ATP,aces,venue_ace_factor,6234.137635707855,443
ATP,aces,expected_match_games,6062.679915189743,191
ATP,aces,opponent_l12m_aces_allowed_rate,5088.724615573883,161
ATP,aces,level,4852.17080283165,71
ATP,aces,surface_prior_df_rate,3984.405730009079,245
ATP,aces,surface_prior_ace_rate,3809.8055534362793,276
ATP,aces,opponent_age,3400.6594252586365,245
ATP,aces,rank_log_gap,3161.107231736183,239
ATP,aces,player_ret_second_blend,2810.0141792297363,206
ATP,aces,expected_service_points,2787.1666145324707,176
ATP,aces,round,2527.886601090431,276
ATP,aces,player_l24m_first_win_pct,2451.175780057907,119
ATP,aces,player_rank,2352.464029073715,146
ATP,aces,player_l24m_first_serve_pct,2228.0523262023926,182
ATP,aces,opponent_rank,2181.8916449546814,166
ATP,aces,player_age,2088.172665834427,224
ATP,aces,opponent_l12m_svpt,1865.7639750242233,120
ATP,aces,venue_history_matches,1857.6869196891785,127
ATP,aces,player_l12m_ace_rate,1853.3413090705872,96
ATP,aces,player_l12m_first_win_pct,1774.7922353744507,159
ATP,aces,opponent_l24m_svpt,1717.5206468105316,121
ATP,aces,opponent_l12m_first_win_pct,1704.8815574645996,150
ATP,aces,opponent_ret_second_blend,1696.9560618400574,174
ATP,aces,opponent_return_factor,1551.825671672821,152
ATP,aces,opponent_svpt_per_svg_blend,1506.2058953046799,178
ATP,aces,opponent_career4y_svpt,1451.2354891300201,99
ATP,aces,player_career4y_first_serve_pct,1447.2826018333435,131
ATP,aces,opponent_l12m_svpt_per_match,1441.7689012289047,178
ATP,aces,player_career4y_svpt_per_match,1408.7069308757782,128
ATP,aces,opponent_height,1407.1811723709106,123
ATP,aces,player_svpt_per_svg_blend,1348.4582839012146,139
ATP,aces,player_l12m_first_serve_pct,1337.4734268188477,155
ATP,aces,opponent_df_rate_blend,1303.8469152450562,114
ATP,aces,opponent_ret_first_blend,1296.2617087364197,134
ATP,aces,player_ret_first_blend,1230.914343714714,134
ATP,aces,player_l12m_aces_allowed_rate,1132.7580351829529,117
ATP,aces,player_career4y_matches,1132.5510988235474,52
ATP,aces,opponent_career4y_svpt_per_match,1098.2308785915375,125
ATP,aces,player_l12m_svpt,1039.7249553203583,63
ATP,aces,player_career4y_second_win_pct,1001.5145530700684,108
ATP,aces,opponent_l24m_second_win_pct,979.1919057369232,107
ATP,aces,opponent_l12m_df_rate,974.7428076267242,121
ATP,aces,incumbent_dfs,954.3153338432312,98
ATP,aces,opponent_career4y_first_win_pct,930.9467005729675,80
ATP,aces,opponent_l24m_df_rate,921.8092525005341,89
ATP,aces,player_l24m_svpt_per_match,913.3768110275269,91
ATP,aces,opponent_career4y_df_rate,902.5378570556641,98
ATP,aces,player_career4y_aces_allowed_rate,901.2667212486267,110
ATP,aces,opponent_career4y_second_win_pct,899.3721899986267,97
ATP,aces,opponent_l24m_svpt_per_match,836.1571092605591,93
ATP,aces,opponent_l12m_first_serve_pct,823.1007537841797,91
ATP,aces,opponent_l24m_first_win_pct,798.6590354442596,70
ATP,aces,player_career4y_svpt,791.5037717819214,42
ATP,aces,player_l24m_matches,785.9727957248688,55
ATP,aces,player_l24m_svpt,778.488196849823,42
ATP,aces,player_l12m_df_rate,757.7029705047607,83
ATP,aces,player_career4y_df_rate,736.8850586414337,79
ATP,aces,player_l12m_second_win_pct,735.5505404472351,106
ATP,aces,opponent_l24m_matches,735.5300319194794,45
ATP,aces,opponent_l12m_second_win_pct,733.5707502365112,89
ATP,aces,player_l24m_second_win_pct,720.5525574684143,72
ATP,aces,opponent_career4y_first_serve_pct,681.3369505405426,82
ATP,aces,opponent_l24m_first_serve_pct,661.2753806114197,79
ATP,aces,player_l12m_svpt_per_match,645.9824333190918,70
ATP,aces,opponent_career4y_ace_rate,597.312680721283,67
ATP,aces,opponent_career4y_matches,577.0170114040375,65
ATP,aces,opponent_l12m_ace_rate,572.3710312843323,72
ATP,aces,opponent_l12m_matches,563.6237602233887,50
ATP,aces,best_of,522.6541709899902,6
ATP,aces,opponent_ace_rate_blend,498.95787143707275,52
ATP,aces,player_df_rate_blend,477.8231613636017,70
ATP,aces,player_l12m_matches,473.1980687379837,53
ATP,aces,log_player_rank,452.7773995399475,33
ATP,aces,player_l24m_df_rate,438.8856010437012,48
ATP,aces,player_l24m_aces_allowed_rate,430.96286725997925,41
ATP,aces,player_aces_allowed_blend,373.95399141311646,45
ATP,aces,opponent_hand,309.8001399040222,28
ATP,aces,opponent_l24m_ace_rate,297.89434814453125,40
ATP,aces,log_opponent_rank,217.45808029174805,19
ATP,aces,draw_size,161.95526885986328,18
ATP,aces,surface,110.32147073745728,5
ATP,aces,player_hand,0.0,0
ATP,dfs,incumbent_dfs,70891.27772593498,619
ATP,dfs,venue_df_factor,7377.340516090393,437
ATP,dfs,player_df_rate_blend,6234.100978136063,158
ATP,dfs,level,5556.73947763443,71
ATP,dfs,player_l24m_df_rate,5328.492706775665,83
ATP,dfs,venue_history_matches,2547.69109582901,193
ATP,dfs,expected_match_games,2156.6201326847076,184
ATP,dfs,round,1470.5548861026764,202
ATP,dfs,player_career4y_df_rate,1455.826382637024,62
ATP,dfs,venue_ace_factor,1447.6037302017212,196
ATP,dfs,expected_service_points,1315.7567565441132,81
ATP,dfs,player_l12m_ace_rate,1280.8590302467346,124
ATP,dfs,player_l12m_svpt_per_match,1116.6369009017944,132
ATP,dfs,surface_prior_df_rate,1065.8597902059555,107
ATP,dfs,player_l12m_df_rate,1050.238375902176,41
ATP,dfs,rank_log_gap,1015.1614954471588,151
ATP,dfs,surface_prior_ace_rate,869.086939573288,116
ATP,dfs,player_ret_first_blend,839.234710931778,101
ATP,dfs,opponent_rank,837.4726006984711,139
ATP,dfs,player_career4y_first_serve_pct,809.9724390506744,108
ATP,dfs,player_career4y_svpt,809.4146912097931,90
ATP,dfs,player_age,804.8866513967514,123
ATP,dfs,player_svpt_per_svg_blend,801.0911333560944,100
ATP,dfs,player_l12m_aces_allowed_rate,761.764728307724,115
ATP,dfs,player_ret_second_blend,751.8911485671997,113
ATP,dfs,incumbent_aces,733.0454211235046,65
ATP,dfs,player_l24m_svpt_per_match,690.7919509410858,81
ATP,dfs,player_career4y_svpt_per_match,680.1694424152374,81
ATP,dfs,player_ace_rate_blend,672.9636840820312,71
ATP,dfs,player_career4y_second_win_pct,646.9159719944,77
ATP,dfs,opponent_l12m_first_serve_pct,646.8630893230438,93
ATP,dfs,player_rank,642.7782227993011,72
ATP,dfs,player_l12m_first_win_pct,630.3868610858917,92
ATP,dfs,draw_size,605.6628791093826,79
ATP,dfs,opponent_age,593.0527927875519,91
ATP,dfs,player_career4y_first_win_pct,559.7454195022583,68
ATP,dfs,player_career4y_matches,553.6720299720764,69
ATP,dfs,player_career4y_ace_rate,532.0281414985657,62
ATP,dfs,player_career4y_aces_allowed_rate,531.2401766777039,68
ATP,dfs,opponent_df_rate_blend,511.2845995426178,87
ATP,dfs,player_height,500.01984763145447,76
ATP,dfs,opponent_ret_second_blend,472.99166917800903,96
ATP,dfs,player_l12m_svpt,462.7045397758484,66
ATP,dfs,opponent_l12m_svpt_per_match,453.50191140174866,58
ATP,dfs,player_l24m_ace_rate,449.6288785934448,50
ATP,dfs,player_l24m_first_serve_pct,447.2539310455322,52
ATP,dfs,opponent_l12m_df_rate,432.34083890914917,68
ATP,dfs,opponent_career4y_svpt_per_match,418.54973757267,80
ATP,dfs,player_l12m_second_win_pct,417.49159932136536,62
ATP,dfs,player_aces_allowed_blend,409.48886036872864,57
ATP,dfs,player_l24m_first_win_pct,404.43450808525085,47
ATP,dfs,opponent_career4y_df_rate,380.7173593044281,61
ATP,dfs,opponent_svpt_per_svg_blend,367.2015199661255,71
ATP,dfs,opponent_l24m_second_win_pct,365.29915976524353,65
ATP,dfs,player_l24m_svpt,339.24114179611206,37
ATP,dfs,opponent_career4y_first_win_pct,330.43690037727356,53
ATP,dfs,opponent_career4y_second_win_pct,313.62071323394775,55
ATP,dfs,opponent_l12m_second_win_pct,296.03975105285645,45
ATP,dfs,opponent_l24m_first_win_pct,295.4926996231079,49
ATP,dfs,player_l24m_second_win_pct,295.3769094944,48
ATP,dfs,opponent_l12m_ace_rate,289.14365124702454,43
ATP,dfs,best_of,286.9417037963867,3
ATP,dfs,player_l12m_first_serve_pct,266.6963884830475,40
ATP,dfs,opponent_l12m_aces_allowed_rate,254.72536969184875,44
ATP,dfs,opponent_l12m_first_win_pct,252.46469831466675,35
ATP,dfs,opponent_l24m_ace_rate,245.36579084396362,48
ATP,dfs,opponent_aces_allowed_blend,231.1783516407013,38
ATP,dfs,opponent_career4y_aces_allowed_rate,204.06893944740295,30
ATP,dfs,opponent_ace_rate_blend,203.49057936668396,32
ATP,dfs,opponent_l24m_svpt_per_match,202.06835007667542,30
ATP,dfs,player_l24m_matches,190.74191093444824,25
ATP,dfs,player_l12m_matches,182.96884036064148,26
ATP,dfs,opponent_return_factor,175.00125932693481,28
ATP,dfs,opponent_l24m_aces_allowed_rate,164.55635905265808,28
ATP,dfs,log_player_rank,164.17645168304443,17
ATP,dfs,log_opponent_rank,151.13954854011536,24
ATP,dfs,opponent_l24m_df_rate,146.9899387359619,20
ATP,dfs,player_l24m_aces_allowed_rate,145.7742998600006,21
ATP,dfs,opponent_career4y_ace_rate,144.57032012939453,24
ATP,dfs,opponent_l24m_svpt,141.44259095191956,22
ATP,dfs,opponent_l24m_first_serve_pct,140.52910041809082,21
ATP,dfs,opponent_career4y_first_serve_pct,137.84544110298157,22
ATP,dfs,opponent_career4y_svpt,128.50612044334412,22
ATP,dfs,opponent_height,112.26175022125244,14
ATP,dfs,opponent_career4y_matches,110.22025918960571,16
ATP,dfs,opponent_l12m_svpt,107.17176961898804,18
ATP,dfs,opponent_l12m_matches,97.17675971984863,18
ATP,dfs,opponent_l24m_matches,86.81700992584229,13
ATP,dfs,opponent_ret_first_blend,67.3531289100647,12
ATP,dfs,player_hand,63.24964141845703,8
ATP,dfs,surface,55.68705940246582,4
ATP,dfs,opponent_hand,0.0,0
WTA,aces,incumbent_aces,109905.13736438751,302
WTA,aces,player_career4y_ace_rate,27956.603091716766,327
WTA,aces,opponent_career4y_aces_allowed_rate,16100.893639564514,448
WTA,aces,player_ace_rate_blend,8487.72358417511,58
WTA,aces,opponent_aces_allowed_blend,8288.37376666069,385
WTA,aces,player_l24m_ace_rate,7076.049945354462,97
WTA,aces,opponent_l24m_aces_allowed_rate,3926.1879868507385,148
WTA,aces,player_height,2486.342565059662,171
WTA,aces,player_career4y_first_serve_pct,2437.080813884735,150
WTA,aces,player_l12m_first_serve_pct,2380.6785774230957,152
WTA,aces,venue_df_factor,2077.756192445755,160
WTA,aces,player_rank,1965.7916922569275,135
WTA,aces,rank_log_gap,1831.5831294059753,118
WTA,aces,player_career4y_first_win_pct,1809.5322790145874,104
WTA,aces,venue_ace_factor,1717.5168008804321,154
WTA,aces,player_age,1628.0680603981018,137
WTA,aces,opponent_age,1578.5090911388397,149
WTA,aces,surface_prior_ace_rate,1499.9089250564575,132
WTA,aces,expected_match_games,1393.402119398117,129
WTA,aces,player_l12m_first_win_pct,1369.0144095420837,103
WTA,aces,player_l12m_ace_rate,1334.7915081977844,58
WTA,aces,surface_prior_df_rate,1189.1831278800964,94
WTA,aces,player_l12m_svpt,1088.6223945617676,75
WTA,aces,player_l24m_first_serve_pct,1032.9576172828674,80
WTA,aces,opponent_l12m_aces_allowed_rate,1024.3865938186646,70
WTA,aces,player_ret_first_blend,961.1298451423645,96
WTA,aces,player_l12m_second_win_pct,862.0890698432922,77
WTA,aces,player_career4y_second_win_pct,722.6103272438049,61
WTA,aces,player_l24m_first_win_pct,708.5827984809875,45
WTA,aces,opponent_career4y_svpt,693.2550783157349,64
WTA,aces,opponent_df_rate_blend,615.8766069412231,52
WTA,aces,player_l24m_svpt_per_match,581.4517087936401,49
WTA,aces,opponent_l12m_svpt,558.0514488220215,38
WTA,aces,opponent_return_factor,555.2169103622437,63
WTA,aces,opponent_l12m_svpt_per_match,529.5623288154602,46
WTA,aces,level,509.4065570831299,41
WTA,aces,opponent_l24m_second_win_pct,491.85434913635254,39
WTA,aces,player_l24m_df_rate,489.1525912284851,48
WTA,aces,player_l24m_second_win_pct,485.71083211898804,41
WTA,aces,player_l12m_svpt_per_match,482.8411569595337,52
WTA,aces,opponent_l24m_matches,475.28923177719116,38
WTA,aces,opponent_svpt_per_svg_blend,474.05019187927246,48
WTA,aces,opponent_career4y_svpt_per_match,472.4234104156494,52
WTA,aces,player_l24m_matches,468.32870054244995,25
WTA,aces,opponent_career4y_matches,467.60940885543823,37
WTA,aces,player_ret_second_blend,463.65325951576233,53
WTA,aces,opponent_height,460.9782609939575,37
WTA,aces,opponent_l24m_svpt,458.352530002594,38
WTA,aces,player_career4y_svpt_per_match,443.1891610622406,44
WTA,aces,opponent_ret_first_blend,443.16493034362793,34
WTA,aces,venue_history_matches,439.9791703224182,36
WTA,aces,opponent_rank,438.6731586456299,35
WTA,aces,player_l24m_svpt,417.7533211708069,29
WTA,aces,player_svpt_per_svg_blend,413.524817943573,47
WTA,aces,opponent_l12m_df_rate,401.6776623725891,37
WTA,aces,expected_service_points,399.00910997390747,47
WTA,aces,opponent_career4y_second_win_pct,377.43083143234253,37
WTA,aces,opponent_career4y_first_win_pct,357.83927869796753,32
WTA,aces,opponent_ace_rate_blend,320.9955105781555,31
WTA,aces,player_career4y_df_rate,320.4843511581421,33
WTA,aces,opponent_ret_second_blend,315.55206775665283,28
WTA,aces,player_l12m_matches,312.2185697555542,19
WTA,aces,opponent_career4y_df_rate,304.161021232605,30
WTA,aces,player_career4y_svpt,302.39657831192017,27
WTA,aces,round,275.03084087371826,32
WTA,aces,draw_size,274.3531403541565,26
WTA,aces,player_df_rate_blend,269.5931215286255,24
WTA,aces,player_career4y_aces_allowed_rate,267.54184913635254,21
WTA,aces,opponent_l12m_ace_rate,267.46195936203003,28
WTA,aces,opponent_l12m_first_win_pct,264.16864109039307,29
WTA,aces,player_aces_allowed_blend,228.19716835021973,26
WTA,aces,log_player_rank,225.82411813735962,17
WTA,aces,player_l12m_aces_allowed_rate,200.70376062393188,18
WTA,aces,opponent_l12m_second_win_pct,198.30484056472778,21
WTA,aces,opponent_l12m_matches,194.4124813079834,16
WTA,aces,incumbent_dfs,193.01772928237915,20
WTA,aces,player_career4y_matches,191.94305753707886,17
WTA,aces,player_hand,188.11527013778687,20
WTA,aces,opponent_l24m_svpt_per_match,181.4636902809143,19
WTA,aces,opponent_l24m_first_serve_pct,163.08770036697388,18
WTA,aces,opponent_l24m_first_win_pct,141.62602949142456,16
WTA,aces,player_l12m_df_rate,136.58703184127808,12
WTA,aces,opponent_l12m_first_serve_pct,118.27223014831543,14
WTA,aces,opponent_l24m_df_rate,114.7456579208374,11
WTA,aces,opponent_career4y_first_serve_pct,114.09174871444702,13
WTA,aces,opponent_l24m_ace_rate,104.77704048156738,10
WTA,aces,opponent_career4y_ace_rate,103.29394960403442,11
WTA,aces,player_l24m_aces_allowed_rate,76.90569019317627,9
WTA,aces,log_opponent_rank,73.0702600479126,6
WTA,aces,best_of,0.0,0
WTA,aces,opponent_hand,0.0,0
WTA,aces,surface,0.0,0
WTA,dfs,incumbent_dfs,42337.32968044281,345
WTA,dfs,player_career4y_df_rate,14906.749654769897,229
WTA,dfs,venue_df_factor,6157.261995315552,355
WTA,dfs,player_df_rate_blend,5598.067663192749,136
WTA,dfs,player_l24m_df_rate,3568.811532974243,20
WTA,dfs,player_l12m_df_rate,1691.78697681427,72
WTA,dfs,player_rank,1631.905945301056,129
WTA,dfs,surface_prior_df_rate,1580.3823580741882,132
WTA,dfs,round,1438.3341388702393,118
WTA,dfs,player_career4y_first_win_pct,946.9107928276062,73
WTA,dfs,player_height,899.2357630729675,72
WTA,dfs,player_l12m_first_serve_pct,861.9295291900635,69
WTA,dfs,surface_prior_ace_rate,750.5605044364929,69
WTA,dfs,player_ret_first_blend,677.0848617553711,54
WTA,dfs,player_l24m_aces_allowed_rate,661.7095084190369,54
WTA,dfs,player_career4y_svpt_per_match,607.2554693222046,49
WTA,dfs,opponent_l12m_aces_allowed_rate,603.8585305213928,57
WTA,dfs,expected_match_games,594.2155332565308,61
WTA,dfs,expected_service_points,569.4179692268372,46
WTA,dfs,venue_history_matches,558.0998167991638,53
WTA,dfs,player_aces_allowed_blend,550.4248595237732,49
WTA,dfs,player_career4y_ace_rate,525.7809987068176,46
WTA,dfs,player_age,515.1719102859497,53
WTA,dfs,player_ret_second_blend,510.76528882980347,51
WTA,dfs,rank_log_gap,481.5172824859619,49
WTA,dfs,player_l24m_first_win_pct,398.3719072341919,29
WTA,dfs,player_l12m_ace_rate,395.78863048553467,39
WTA,dfs,opponent_aces_allowed_blend,378.47197103500366,35
WTA,dfs,player_l24m_svpt_per_match,377.23934412002563,30
WTA,dfs,player_l24m_ace_rate,359.4435691833496,29
WTA,dfs,incumbent_aces,331.70215702056885,31
WTA,dfs,player_svpt_per_svg_blend,328.12278938293457,32
WTA,dfs,player_career4y_svpt,325.53008937835693,31
WTA,dfs,opponent_age,316.38162183761597,34
WTA,dfs,player_l12m_aces_allowed_rate,311.2959704399109,25
WTA,dfs,venue_ace_factor,298.42510986328125,22
WTA,dfs,opponent_rank,280.0673475265503,30
WTA,dfs,log_player_rank,267.73169708251953,22
WTA,dfs,opponent_l12m_svpt_per_match,242.66664123535156,21
WTA,dfs,player_l24m_second_win_pct,229.1044216156006,23
WTA,dfs,opponent_return_factor,215.14020824432373,23
WTA,dfs,player_l12m_svpt,213.69051790237427,20
WTA,dfs,opponent_ret_first_blend,202.73144006729126,24
WTA,dfs,player_career4y_first_serve_pct,193.79394006729126,18
WTA,dfs,opponent_l12m_df_rate,187.74438905715942,18
WTA,dfs,player_career4y_aces_allowed_rate,174.47299909591675,19
WTA,dfs,player_ace_rate_blend,172.55120992660522,16
WTA,dfs,opponent_l24m_df_rate,172.04522943496704,18
WTA,dfs,level,170.9798698425293,18
WTA,dfs,player_career4y_matches,169.55277013778687,18
WTA,dfs,opponent_career4y_df_rate,168.7204189300537,18
WTA,dfs,player_career4y_second_win_pct,167.80679035186768,13
WTA,dfs,player_l24m_first_serve_pct,165.89580965042114,19
WTA,dfs,player_l12m_second_win_pct,158.55389070510864,16
WTA,dfs,opponent_l12m_first_serve_pct,153.22519969940186,16
WTA,dfs,opponent_career4y_second_win_pct,152.23381853103638,16
WTA,dfs,opponent_df_rate_blend,148.88611125946045,15
WTA,dfs,opponent_height,139.09008026123047,15
WTA,dfs,opponent_l24m_svpt,126.43553066253662,13
WTA,dfs,player_l12m_svpt_per_match,125.49053812026978,14
WTA,dfs,opponent_career4y_matches,123.51252889633179,14
WTA,dfs,player_l24m_svpt,116.13262891769409,11
WTA,dfs,opponent_career4y_svpt_per_match,112.79816055297852,13
WTA,dfs,opponent_ret_second_blend,101.63660001754761,12
WTA,dfs,opponent_l24m_first_win_pct,95.69068145751953,11
WTA,dfs,opponent_career4y_svpt,88.85724020004272,9
WTA,dfs,opponent_career4y_first_win_pct,86.86722946166992,10
WTA,dfs,opponent_svpt_per_svg_blend,83.59148025512695,9
WTA,dfs,opponent_l24m_svpt_per_match,81.30193996429443,9
WTA,dfs,opponent_l24m_aces_allowed_rate,77.83732080459595,9
WTA,dfs,log_opponent_rank,77.54317951202393,9
WTA,dfs,opponent_l24m_second_win_pct,77.02486085891724,9
WTA,dfs,opponent_l24m_matches,69.2150993347168,7
WTA,dfs,opponent_l12m_second_win_pct,66.31731033325195,7
WTA,dfs,opponent_career4y_first_serve_pct,65.81816101074219,7
WTA,dfs,player_l24m_matches,60.6435809135437,5
WTA,dfs,opponent_career4y_ace_rate,52.44519901275635,6
WTA,dfs,opponent_career4y_aces_allowed_rate,42.52781009674072,5
WTA,dfs,opponent_l12m_ace_rate,41.77018070220947,4
WTA,dfs,opponent_l12m_first_win_pct,37.66538906097412,4
WTA,dfs,opponent_l24m_first_serve_pct,36.87694978713989,4
WTA,dfs,opponent_l12m_svpt,36.26807928085327,4
WTA,dfs,opponent_l12m_matches,35.53083896636963,3
WTA,dfs,opponent_hand,33.48406982421875,4
WTA,dfs,player_l12m_matches,31.08473014831543,2
WTA,dfs,draw_size,30.39387035369873,3
WTA,dfs,player_l12m_first_win_pct,25.73200035095215,2
WTA,dfs,opponent_ace_rate_blend,18.512229919433594,2
WTA,dfs,opponent_l24m_ace_rate,10.079400062561035,1
WTA,dfs,best_of,0.0,0
WTA,dfs,player_hand,0.0,0
WTA,dfs,surface,0.0,0
ATP,aces_live,incumbent_aces,265665.3548593521,664
ATP,aces_live,player_career4y_ace_rate,20571.612717151642,214
ATP,aces_live,opponent_aces_allowed_blend,15129.204506635666,612
ATP,aces_live,player_ace_rate_blend,13973.42538022995,61
ATP,aces_live,opponent_career4y_aces_allowed_rate,12452.737780570984,340
ATP,aces_live,player_l24m_ace_rate,12044.247373700142,204
ATP,aces_live,opponent_l24m_aces_allowed_rate,9660.824213504791,282
ATP,aces_live,venue_df_factor,8253.301115751266,533
ATP,aces_live,player_career4y_first_win_pct,8192.602070569992,230
ATP,aces_live,expected_match_games,6115.376618146896,233
ATP,aces_live,venue_ace_factor,5887.531069278717,420
ATP,aces_live,surface_prior_df_rate,5194.619244337082,340
ATP,aces_live,surface_prior_ace_rate,4678.957952260971,305
ATP,aces_live,opponent_l12m_aces_allowed_rate,4365.811599731445,168
ATP,aces_live,player_ret_second_blend,2949.298305749893,192
ATP,aces_live,player_l24m_first_win_pct,2910.344650030136,155
ATP,aces_live,opponent_l12m_svpt,2800.10979115963,185
ATP,aces_live,opponent_l24m_svpt,2566.9900286197662,184
ATP,aces_live,expected_service_points,2315.568722486496,180
ATP,aces_live,opponent_return_factor,2029.3678741455078,190
ATP,aces_live,opponent_df_rate_blend,1911.134855747223,165
ATP,aces_live,opponent_l12m_first_win_pct,1860.7838418483734,174
ATP,aces_live,player_career4y_svpt_per_match,1778.983726978302,146
ATP,aces_live,player_l12m_aces_allowed_rate,1744.89151096344,145
ATP,aces_live,player_l12m_ace_rate,1665.95241689682,116
ATP,aces_live,player_l12m_first_serve_pct,1649.0082691907883,177
ATP,aces_live,player_l12m_first_win_pct,1581.050307750702,152
ATP,aces_live,player_l24m_first_serve_pct,1549.3740664720535,161
ATP,aces_live,opponent_career4y_svpt,1535.0124461650848,94
ATP,aces_live,opponent_l12m_svpt_per_match,1512.3926676511765,186
ATP,aces_live,opponent_svpt_per_svg_blend,1483.1656160354614,159
ATP,aces_live,opponent_ret_second_blend,1481.023169517517,132
ATP,aces_live,opponent_ret_first_blend,1431.4212996959686,132
ATP,aces_live,player_ret_first_blend,1369.1261298656464,149
ATP,aces_live,incumbent_dfs,1353.6582400798798,144
ATP,aces_live,player_career4y_aces_allowed_rate,1327.9283666610718,141
ATP,aces_live,player_svpt_per_svg_blend,1269.1753199100494,147
ATP,aces_live,opponent_career4y_second_win_pct,1242.145179271698,117
ATP,aces_live,opponent_l24m_df_rate,1226.8945393562317,118
ATP,aces_live,opponent_career4y_df_rate,1169.237331867218,122
ATP,aces_live,opponent_career4y_svpt_per_match,1126.3121552467346,120
ATP,aces_live,opponent_l24m_first_win_pct,1042.820463180542,83
ATP,aces_live,player_l12m_svpt,1038.172601699829,81
ATP,aces_live,opponent_l24m_svpt_per_match,1015.6110324859619,105
ATP,aces_live,player_career4y_second_win_pct,1006.5077500343323,109
ATP,aces_live,player_l24m_svpt_per_match,994.774386882782,95
ATP,aces_live,player_l24m_second_win_pct,990.7356400489807,103
ATP,aces_live,opponent_l12m_matches,967.6532316207886,76
ATP,aces_live,player_l12m_second_win_pct,949.4099090099335,129
ATP,aces_live,opponent_career4y_first_win_pct,932.048678278923,89
ATP,aces_live,best_of,912.6373670101166,32
ATP,aces_live,player_aces_allowed_blend,910.2536773681641,79
ATP,aces_live,player_career4y_svpt,901.1991324424744,77
ATP,aces_live,opponent_career4y_matches,883.8646895885468,95
ATP,aces_live,opponent_l12m_second_win_pct,865.2006902694702,99
ATP,aces_live,opponent_l12m_first_serve_pct,847.0728073120117,94
ATP,aces_live,opponent_l24m_second_win_pct,839.546468257904,98
ATP,aces_live,player_l12m_svpt_per_match,776.9498100280762,78
ATP,aces_live,opponent_ace_rate_blend,762.844530582428,73
ATP,aces_live,opponent_l12m_df_rate,756.0400390625,105
ATP,aces_live,opponent_l12m_ace_rate,755.5633997917175,83
ATP,aces_live,player_career4y_matches,753.9733905792236,53
ATP,aces_live,player_l24m_svpt,749.5808801651001,60
ATP,aces_live,opponent_career4y_ace_rate,704.1074674129486,72
ATP,aces_live,player_l24m_matches,672.7596530914307,49
ATP,aces_live,player_l24m_aces_allowed_rate,656.5316603183746,63
ATP,aces_live,player_career4y_first_serve_pct,614.97815990448,61
ATP,aces_live,player_df_rate_blend,598.6473824977875,65
ATP,aces_live,opponent_l24m_first_serve_pct,597.4743208885193,68
ATP,aces_live,player_l12m_matches,587.9911997318268,62
ATP,aces_live,player_career4y_df_rate,579.9176750183105,65
ATP,aces_live,opponent_career4y_first_serve_pct,563.2070791721344,61
ATP,aces_live,player_l12m_df_rate,544.9250903129578,62
ATP,aces_live,player_l24m_df_rate,526.7783713340759,56
ATP,aces_live,opponent_l24m_matches,477.58848810195923,33
ATP,aces_live,opponent_l24m_ace_rate,369.8158874511719,33
ATP,aces_live,surface,92.9590711593628,5
WTA,aces_live,incumbent_aces,106829.36439943314,303
WTA,aces_live,player_career4y_ace_rate,33867.035801410675,385
WTA,aces_live,opponent_career4y_aces_allowed_rate,17245.26261615753,470
WTA,aces_live,player_ace_rate_blend,7553.3465275764465,64
WTA,aces_live,opponent_aces_allowed_blend,7114.6576499938965,360
WTA,aces_live,player_l24m_ace_rate,6192.44216299057,94
WTA,aces_live,opponent_l24m_aces_allowed_rate,3875.7551097869873,143
WTA,aces_live,player_career4y_first_serve_pct,2380.1285848617554,146
WTA,aces_live,venue_df_factor,1914.0926241874695,138
WTA,aces_live,player_l12m_first_serve_pct,1863.7470808029175,128
WTA,aces_live,player_career4y_first_win_pct,1785.2951078414917,108
WTA,aces_live,player_l12m_first_win_pct,1666.4948811531067,123
WTA,aces_live,surface_prior_ace_rate,1541.7947883605957,130
WTA,aces_live,player_l12m_ace_rate,1490.1109037399292,65
WTA,aces_live,venue_ace_factor,1436.1484594345093,120
WTA,aces_live,expected_match_games,1405.4733109474182,115
WTA,aces_live,surface_prior_df_rate,1304.9294633865356,105
WTA,aces_live,opponent_l12m_aces_allowed_rate,1055.0746064186096,66
WTA,aces_live,opponent_career4y_matches,1045.3661136627197,73
WTA,aces_live,player_l24m_matches,895.6893062591553,45
WTA,aces_live,player_ret_first_blend,821.272479057312,73
WTA,aces_live,opponent_l12m_svpt,786.1051268577576,53
WTA,aces_live,player_l24m_first_win_pct,746.0851726531982,46
WTA,aces_live,player_l12m_second_win_pct,700.6572289466858,56
WTA,aces_live,opponent_career4y_svpt,640.9478392601013,50
WTA,aces_live,opponent_l24m_matches,626.8467607498169,49
WTA,aces_live,player_l24m_second_win_pct,569.2982692718506,42
WTA,aces_live,player_l24m_first_serve_pct,565.9118132591248,44
WTA,aces_live,player_l24m_svpt,558.130419254303,38
WTA,aces_live,opponent_return_factor,556.4515438079834,55
WTA,aces_live,player_l12m_svpt,553.874707698822,44
WTA,aces_live,opponent_l12m_svpt_per_match,540.9943013191223,48
WTA,aces_live,opponent_career4y_first_win_pct,501.56743907928467,42
WTA,aces_live,player_l24m_df_rate,500.5432300567627,47
WTA,aces_live,player_career4y_svpt_per_match,479.989839553833,42
WTA,aces_live,player_l24m_svpt_per_match,460.74479150772095,39
WTA,aces_live,opponent_ret_first_blend,447.89671993255615,31
WTA,aces_live,opponent_l24m_svpt,447.4292230606079,38
WTA,aces_live,player_l12m_matches,447.2993097305298,29
WTA,aces_live,opponent_career4y_second_win_pct,433.70656156539917,37
WTA,aces_live,player_career4y_svpt,393.22387886047363,33
WTA,aces_live,player_aces_allowed_blend,383.0576882362366,36
WTA,aces_live,opponent_l12m_second_win_pct,372.5386199951172,33
WTA,aces_live,opponent_l12m_df_rate,358.21141242980957,30
WTA,aces_live,player_ret_second_blend,353.0818409919739,33
WTA,aces_live,player_l12m_svpt_per_match,341.83468103408813,37
WTA,aces_live,opponent_df_rate_blend,313.2076687812805,23
WTA,aces_live,opponent_svpt_per_svg_blend,312.56264066696167,29
WTA,aces_live,opponent_l24m_second_win_pct,292.92045974731445,23
WTA,aces_live,player_career4y_second_win_pct,292.7465109825134,28
WTA,aces_live,player_df_rate_blend,278.81527185440063,23
WTA,aces_live,player_svpt_per_svg_blend,273.7315402030945,29
WTA,aces_live,opponent_career4y_svpt_per_match,272.4789881706238,28
WTA,aces_live,player_career4y_df_rate,262.39106035232544,26
WTA,aces_live,opponent_ret_second_blend,231.00930881500244,20
WTA,aces_live,player_career4y_matches,230.31573009490967,14
WTA,aces_live,expected_service_points,227.5952911376953,22
WTA,aces_live,opponent_l12m_first_win_pct,219.90389204025269,21
WTA,aces_live,opponent_l24m_first_win_pct,202.2074909210205,18
WTA,aces_live,opponent_career4y_first_serve_pct,190.50381135940552,19
WTA,aces_live,player_l24m_aces_allowed_rate,184.4747610092163,17
WTA,aces_live,opponent_ace_rate_blend,181.56113147735596,15
WTA,aces_live,opponent_l24m_svpt_per_match,173.55871057510376,19
WTA,aces_live,player_career4y_aces_allowed_rate,171.15521049499512,9
WTA,aces_live,opponent_l12m_ace_rate,146.33071994781494,15
WTA,aces_live,opponent_l24m_first_serve_pct,130.81539821624756,14
WTA,aces_live,player_l12m_df_rate,115.78548002243042,11
WTA,aces_live,opponent_l24m_df_rate,114.45705127716064,9
WTA,aces_live,player_l12m_aces_allowed_rate,104.91061067581177,12
WTA,aces_live,opponent_l12m_first_serve_pct,95.35898923873901,11
WTA,aces_live,opponent_career4y_df_rate,88.4549298286438,9
WTA,aces_live,opponent_career4y_ace_rate,77.58276033401489,7
WTA,aces_live,incumbent_dfs,68.6974401473999,6
WTA,aces_live,opponent_l12m_matches,52.93446063995361,4
WTA,aces_live,opponent_l24m_ace_rate,48.92692947387695,5
WTA,aces_live,surface,21.13309955596924,2
WTA,aces_live,best_of,0.0,0
